user_id,ground_truth,prediction,reason
1,42,"[17, 10, 18, 1, 34, 39, 4, 38, 5, 6]","The user has a strong pattern of visiting place_id 17, especially on Tuesdays and Thursdays, with multiple long stays. Recent context shows continued activity at place_id 10 and 17, indicating a preference for these locations. Place_id 18 also appears frequently in the history, particularly on Mondays and Wednesdays. The user has shown some visits to place_id 1 and 34, suggesting they may also be potential next locations. The ranking reflects the frequency and recency of visits."
1,1,"[17, 10, 1, 18, 4, 42, 39, 34, 38, 5]","The user has a strong pattern of visiting place_id 17, especially on Thursdays and Tuesdays, as seen in both history and context. Place_id 10 is also frequently visited, particularly in the evenings. Place_id 1 appears in the context and has been visited recently, indicating potential interest. Place_id 18 is visited on multiple occasions, suggesting it may be a common destination. Place_id 4 has been visited recently as well, while place_ids 42, 39, 34, and 38 have some recent context relevance, making them plausible options."
1,1,"[17, 10, 1, 18, 4, 39, 34, 38, 42, 5]","The user has a strong pattern of visiting place_id 17, especially on Tuesdays and Thursdays, with multiple long stays. Recent context shows continued visits to place_id 1 and 10, indicating they are also likely candidates. Place_id 18 has been visited frequently on Mondays and Wednesdays, while place_id 4 has been visited recently, suggesting it may be a potential next stop. The user has shown varied activity across different places, but the historical data strongly favors place_id 17 as the most probable next location."
1,1,"[17, 10, 1, 18, 4, 39, 42, 34, 38, 10]","The user has a strong pattern of visiting place_id 17, especially on Tuesdays and Thursdays, with multiple long stays. Recent context shows continued visits to place_id 17 and 10, indicating they are likely to return to these places. Place_id 1 is also visited frequently on Fridays, making it a probable next location. Place_id 18 has been visited on multiple occasions, particularly on Thursdays and Mondays, suggesting it could be a next stop as well. The user has shown some activity at place_id 4 and 39, which could also be considered based on recent context."
1,1,"[17, 10, 1, 18, 4, 42, 39, 34, 38, 10]","The user has a strong pattern of visiting place_id 17 frequently, especially on Tuesdays and Fridays, indicating a preference for this location. Place_id 10 is also visited regularly, particularly in the evenings. The context shows recent visits to place_id 1, suggesting a potential shift in preference. Place_id 18 and 4 are also notable due to their presence in the user's history. The user has shown a consistent pattern of visiting these places, especially on weekdays."
1,1,"[17, 1, 10, 18, 4, 34, 39, 42, 38, 10]","The user has a strong pattern of visiting place_id 17 frequently across multiple days, especially on Tuesdays and Fridays. The context shows recent visits to place_id 1, which is also a common location for the user. Place_id 10 and 18 are also visited regularly, particularly on Mondays and Wednesdays. The user tends to stay longer at these places, indicating a preference for them. The recent context suggests a shift towards place_id 1, but the historical data strongly supports place_id 17 as the most likely next location."
1,1,"[1, 17, 10, 18, 34, 4, 39, 38, 5, 2]","The user has a strong pattern of visiting place ID 1 on Fridays, as seen in the context data, with multiple recent stays there. Additionally, place ID 17 is frequently visited throughout the week, especially on Tuesdays and Wednesdays, indicating a high likelihood of return. Place IDs 10 and 18 are also recurrently visited, particularly on Mondays and Tuesdays. The user has shown a preference for these places, suggesting they are likely to return soon."
1,1,"[1, 17, 10, 18, 34, 4, 39, 38, 5, 2]","The user has a strong pattern of visiting place_id 17 on multiple occasions, especially on Tuesdays and Wednesdays, indicating a preference for this location. The recent context shows continued visits to place_id 1, suggesting it is also a likely next destination. The user frequently visits place_id 10 and 18 in the evenings, which aligns with their activity pattern. The other place_ids are included based on their historical frequency and recent context relevance."
1,17,"[1, 17, 10, 18, 34, 4, 39, 38, 5, 2]","The user has a strong pattern of visiting place_id 17 on multiple occasions, especially on Tuesdays and Wednesdays, indicating a preference for this location. The recent context shows visits to place_id 1, suggesting a potential shift or continuation of activity in that area. Place_id 10 and 18 are also frequently visited, particularly on Mondays and weekends, which aligns with the user's historical patterns. The other places listed have been visited less frequently but are still relevant based on the user's activity history."
1,17,"[1, 17, 10, 18, 34, 39, 4, 38, 5, 2]","The user has a strong pattern of visiting place 17 frequently, especially on weekdays, and has recently visited it again on Saturday. Place 1 is also notable as it was visited for a long duration on Friday, indicating a potential preference. Places 10 and 18 are visited regularly, particularly on Mondays and weekends. The context shows a recent long stay at place 1, suggesting it may be a preferred location. The other places are included based on their historical frequency and recent context relevance."
1,10,"[17, 1, 10, 18, 34, 39, 4, 38, 5, 3]","The user has a strong pattern of visiting place_id 17 frequently, especially on weekends and during morning hours. Recent context shows continued visits to place_id 1, indicating a possible new interest. Place_id 10 and 18 are also visited regularly, particularly in the evenings. The user tends to stay longer at place_id 17, suggesting a preference for this location. The predictions reflect a mix of historically frequented places and recent context activities."
1,22,"[17, 10, 1, 18, 34, 39, 4, 38, 5, 3]","The user has a strong pattern of visiting place_id 17 frequently across various days and times, especially on weekends. Recent context shows continued visits to place_id 1 and 10, indicating they are also likely candidates. Place_id 18 has been visited multiple times on weekdays, suggesting it may be a regular stop. The user has shown a preference for certain places during specific times, which influences the predictions."
1,17,"[17, 10, 1, 18, 34, 22, 39, 4, 38, 11]","The user has a strong pattern of visiting place_id 17 frequently across various days and times, especially on weekends and Mondays. Recent context shows continued visits to place_id 17 and 10, indicating they are likely to return to these places. Place_id 1 and 18 also appear in the history, suggesting they are potential next locations. The user has shown a preference for visiting places during morning and evening hours, which aligns with the predicted places."
1,4,"[17, 10, 18, 22, 34, 39, 4, 1, 38, 11]","The user has a strong pattern of visiting place_id 17 frequently, especially on weekends and Mondays, as seen in both history and context. Place_id 10 is also visited regularly, particularly in the evenings. Place_id 18 shows consistent visits on weekdays, while place_id 22 has been visited recently on Monday. The other places have less frequent visits but are still relevant based on the user's activity pattern."
1,4,"[17, 10, 4, 22, 18, 34, 39, 38, 1, 686]","The user has a strong pattern of visiting place_id 17 frequently, especially on Tuesdays and Mondays, indicating a high likelihood of returning there. Place_id 10 is also visited regularly, particularly in the evenings. The context shows recent visits to place_id 17 and 10, reinforcing their likelihood. Place_id 4 and 22 have been visited recently as well, suggesting they could be potential next locations. Other places like 18, 34, 39, 38, and 1 have less frequent visits but are still relevant based on the user's overall activity pattern."
1,17,"[17, 10, 4, 22, 18, 34, 39, 38, 1, 11]","The user has a strong pattern of visiting place_id 17 frequently, especially on Mondays and Tuesdays, and has also visited place_id 10 multiple times. Recent context shows visits to place_id 10 and 17, indicating a preference for these locations. Place_id 4 and 22 are also noted in recent context, suggesting potential interest. The user has a consistent pattern of visiting places during specific times, particularly on Mondays and Tuesdays, which influences the predictions."
1,1,"[17, 10, 4, 22, 18, 34, 39, 38, 1, 11]","The user has a strong pattern of visiting place_id 17, especially on Tuesdays and Mondays, with multiple long stays. Recent context shows visits to place_id 17 and 4, indicating continued interest. Place_id 10 is also frequently visited, particularly in the evenings. Place_id 22 is a recent visit, suggesting it may be a new interest. Other places like 18, 34, and 39 have been visited but less frequently, making them less likely but still possible options."
1,10,"[17, 4, 10, 1, 18, 34, 39, 38, 5, 3]","The user has a strong pattern of visiting place_id 17 frequently, especially on Mondays and Tuesdays, as seen in both history and context. Place_id 4 is also visited recently, indicating a potential shift in preference. Place_id 10 and 1 are visited multiple times, suggesting they are likely candidates as well. Place_id 18 appears in the history, and while less frequent, it remains a possibility. The other IDs are included based on their recent context visits and overall activity patterns."
1,43,"[17, 10, 4, 1, 18, 34, 39, 38, 5, 3]","The user has a strong pattern of visiting place_id 17, especially on Tuesdays and Wednesdays, with multiple long stays. Recent context shows a visit to place_id 4, which is also frequented on Mondays. Place_id 10 is visited frequently in the evenings, and place_id 1 has been visited recently as well. The user also has a notable pattern of visiting place_id 18 and 34, particularly on Mondays and Tuesdays. Overall, the predictions are based on the frequency and timing of past visits, as well as recent activities."
1,10,"[17, 10, 4, 1, 18, 38, 39, 43, 34, 5]","The user has a strong pattern of visiting place_id 17, especially on Tuesdays and Wednesdays, and has recently visited it again in the context. Place_id 10 is also frequently visited, particularly in the evenings. Place_id 4 and 1 have been visited recently, indicating potential interest. Place_id 18 and 38 are also notable due to their presence in the history. The user has shown varied activity across different days, suggesting a diverse set of potential next locations."
1,1,"[17, 10, 1, 4, 18, 38, 39, 43, 34, 5]","The user has a strong pattern of visiting place_id 17 frequently, especially on Tuesdays and Wednesdays, and has recently visited it again in the context. Place_id 10 is also visited multiple times, particularly in the evenings. Place_id 1 and 4 have been visited recently, indicating potential for future visits. Place_id 18 and 38 are also notable due to their presence in the user's history. The user has shown varied activity across different places, but the consistent visits to 17 and 10 suggest they are the most likely next locations."
1,10,"[17, 10, 1, 18, 4, 43, 39, 34, 38, 10]","The user has a strong pattern of visiting place_id 17 frequently, especially on Tuesdays and Wednesdays, and has also visited place_id 10 multiple times. Recent context shows visits to place_id 1 and 10, indicating a likelihood of returning to these places. The user also has a history of visiting place_id 18 and 4, which supports their potential as next locations. The ranking reflects the frequency and recency of visits."
1,17,"[17, 10, 4, 1, 18, 38, 39, 43, 34, 10]","The user has a strong pattern of visiting place_id 17 on Tuesdays, especially in the morning and late evening. Recent context shows multiple visits to place_id 10 and 17, indicating a preference for these locations. Place_id 4 and 1 are also noted in the history, suggesting they are potential next stops. The user frequently visits place_id 18 and 38 on weekends, which may influence their next choice. Overall, the predictions are based on the frequency and timing of past visits."
1,10,"[17, 10, 1, 4, 18, 38, 43, 39, 34, 10]","The user has a strong pattern of visiting place_id 17 on Tuesdays, especially in the morning and late evening. Recent context shows visits to place_id 10 and 1, indicating a likelihood of returning to these places. The user also frequently visits place_id 4 and 18, particularly on weekdays. The historical data suggests a preference for certain places on specific days, with place_id 17 being the most recurrent. The context reinforces the likelihood of visiting nearby places like 10 and 1."
1,9,"[17, 10, 1, 4, 18, 34, 39, 38, 5, 3]","The user has a strong pattern of visiting place 17 on Tuesdays, especially in the morning and late afternoon, as seen in both history and context. Place 10 is also frequently visited, particularly in the mornings and evenings. Place 1 and 4 have recent context visits, indicating potential interest. Place 18 appears in the history as well, suggesting it could be a fallback option. The other places are less frequent but still relevant based on the user's overall activity pattern."
1,1,"[17, 10, 1, 18, 34, 39, 4, 38, 9, 10]","The user has a strong pattern of visiting place_id 17 on Tuesdays, especially in the morning and afternoon, as seen in both history and context. Place_id 10 is frequently visited in the mornings and evenings, while place_id 1 has been visited recently in the context. Place_id 18 is also a common evening destination. The user shows varied activity across different places, but the consistent visits to place_id 17 and 10 suggest they are the most likely next locations."
1,1,"[17, 10, 18, 1, 34, 4, 9, 38, 39, 5]","The user has a strong pattern of visiting place_id 17 on multiple occasions, especially on Tuesdays and Wednesdays, indicating a preference for this location. Recent context shows continued visits to place_id 10 and 17, suggesting they are likely to return to these places. Place_id 18 also appears frequently in the history, particularly on Mondays and Wednesdays, making it a probable next location. The user has also visited place_id 1 recently, which could indicate a shift in their routine. Other places like 34, 4, 9, 38, and 39 have less frequent visits but are still relevant based on the user's overall activity pattern."
1,1,"[17, 10, 1, 18, 4, 34, 39, 9, 38, 10]","The user has a strong pattern of visiting place_id 17 on multiple occasions, especially on Tuesdays and Wednesdays, indicating a preference for this location. The context shows recent visits to place_id 17 and 10, reinforcing their likelihood. Place_id 1 and 18 are also visited frequently, suggesting they are potential next locations. The user has shown varied activity across different places, but the consistent returns to certain locations, particularly 17, make it the most probable next stop."
1,1,"[17, 10, 1, 18, 4, 34, 9, 38, 39, 10]","The user has a strong pattern of visiting place_id 17 on multiple occasions, especially on Tuesdays and Wednesdays, indicating a preference for this location. The recent context shows visits to place_id 1, which is also frequented on Wednesdays, suggesting a potential shift in preference. Place_id 10 is frequently visited in the evenings, aligning with the user's recent activity. Place_id 18 is also noted for evening visits, while place_id 4 has been visited in the mornings. The other place_ids are included based on their recent context visits and historical patterns."
1,1,"[17, 10, 1, 18, 34, 4, 9, 38, 39, 5]","The user has a strong pattern of visiting place_id 17, especially on Tuesdays and Wednesdays, with multiple long stays. Recent context shows visits to place_id 1, which is also frequented on Wednesdays, indicating a potential shift or interest in that location. Place_id 10 and 18 are also frequently visited, particularly on Mondays and Tuesdays, suggesting they remain likely options. The user has shown varied activity across different places, but the consistent visits to 17 and the recent context suggest it remains the top candidate."
1,1,"[1, 17, 10, 18, 34, 4, 39, 38, 5, 2]","The user has a strong pattern of visiting place_id 17 on multiple occasions, especially on Tuesdays and Wednesdays, indicating a preference for this location. The recent context also shows multiple stays at place_id 1, suggesting a potential shift or addition to their routine. Other places like 10 and 18 have also been visited frequently, particularly on weekdays, which aligns with the user's activity pattern. The predictions consider both historical frequency and recent context stays."
1,44,"[1, 17, 10, 18, 34, 4, 39, 38, 5, 2]","The user has a strong pattern of visiting place_id 17 on multiple occasions, especially on Tuesdays and Wednesdays, indicating a preference for this location. The recent context also shows multiple stays at place_id 1, suggesting a potential shift or additional interest in this location. Other places like 10 and 18 have also been visited frequently, particularly on weekdays, which aligns with the user's activity pattern. The predictions are ranked based on the frequency and recency of visits."
1,1,"[17, 10, 1, 18, 34, 39, 4, 38, 44, 5]","The user has a strong pattern of visiting place_id 17 frequently, especially on Tuesdays and Thursdays, indicating a preference for this location. Recent context shows a visit to place_id 1, which is also notable as it aligns with the user's recent activities. Place_id 10 and 18 are also frequently visited, particularly on Mondays and Wednesdays. The user has shown varied activity across different days, but the consistent visits to place_id 17 and the recent context suggest it remains the most likely next location."
1,20,"[17, 10, 1, 18, 34, 39, 4, 38, 44, 5]","The user has a strong pattern of visiting place_id 17 frequently, especially on Tuesdays and Thursdays, indicating a preference for this location. Recent context stays also show visits to place_id 1, suggesting a potential shift or additional interest. Place_id 10 and 18 are also recurrent in the user's history, particularly on Mondays and Wednesdays. The context indicates a recent visit to place_id 44, which may influence future choices. Overall, the predictions are based on historical frequency and recent activity trends."
1,19,"[17, 10, 1, 18, 4, 20, 39, 34, 38, 44]","The user has a strong pattern of visiting place_id 17 frequently, especially on Tuesdays and Thursdays, indicating a preference for this location. Recent context stays also show visits to place_id 1 and 44, suggesting they are likely candidates for the next visit. Place_id 10 and 18 are also recurrent in the user's history, making them probable choices. The user has shown varied activity across different days, but the consistent visits to certain places suggest a strong likelihood of returning to them."
1,18,"[17, 10, 1, 18, 4, 20, 39, 34, 38, 44]","The user has a strong pattern of visiting place_id 17 frequently, especially on Tuesdays and Thursdays, indicating a preference for this location. Recent context shows visits to place_id 1 and 44, suggesting they may also be likely next stops. Place_id 10 and 18 are also recurrent in the user's history, making them probable choices. The user has shown varied activity across different days, but the consistent visits to certain places suggest a strong likelihood of returning to them."
1,30,"[17, 10, 18, 1, 44, 20, 19, 38, 34, 4]","The user has a strong pattern of visiting place_id 17, especially on Tuesdays and Thursdays, with multiple long stays. Recent context shows visits to place_id 44 and 1, indicating potential interest. Place_id 10 and 18 are also frequently visited, particularly on Mondays and weekends. The user seems to prefer places with longer durations, suggesting a tendency to stay longer at certain locations."
1,45,"[17, 10, 18, 1, 34, 20, 19, 30, 38, 4]","The user has a strong pattern of visiting place_id 17 frequently across multiple days, especially on Tuesdays and Wednesdays. Recent context shows visits to place_id 1 and 18, indicating potential interest in these locations. Place_id 10 is also a common choice, particularly in the evenings. The user has shown varied activity across weekends, suggesting a likelihood of visiting places like 20, 19, 30, and 38 based on recent context. Place_id 4 has been visited recently, making it a potential candidate as well."
1,46,"[17, 10, 18, 20, 19, 30, 34, 38, 1, 39]","The user has a strong pattern of visiting place_id 17 frequently across various days and times, especially on Tuesdays and Wednesdays. The context shows recent visits to places 20, 19, and 18, which are also popular in the user's history. Place_id 10 is another frequent location, particularly on Mondays and Tuesdays. The predictions are based on the user's established patterns and recent activities."
1,17,"[17, 10, 18, 19, 30, 34, 38, 1, 4, 46]","The user has a strong pattern of visiting place_id 17 frequently across various days and times, especially on Tuesdays and Wednesdays. Recent context stays also show visits to places 18 and 19, indicating a preference for these locations. The user has shown a tendency to visit places in the morning and late evening, which aligns with the context data. Place_id 10 is also a recurring location, making it likely for future visits. Overall, the predictions are based on historical frequency and recent activity patterns."
1,10,"[17, 10, 18, 30, 34, 46, 45, 39, 4, 1]","The user has a strong pattern of visiting place_id 17 frequently across various days and times, especially on Tuesdays and Saturdays. Recent context shows continued activity at place_id 18 and new visits to places 30, 34, 46, and 45, indicating a potential shift or expansion in their routine. Place_id 10 also appears regularly, suggesting it remains a likely option. The ranking reflects both historical frequency and recent context activity."
1,22,"[17, 10, 18, 30, 45, 46, 34, 4, 39, 1]","The user has a strong pattern of visiting place_id 17 frequently across various days and times, especially on Tuesdays and Saturdays. The context shows recent visits to places 30, 45, and 46, indicating potential interest in these locations. Place_id 10 and 18 are also frequently visited, suggesting they are likely candidates for the next visit. The user's activity suggests a preference for certain places during specific times, particularly on weekends."
1,17,"[17, 10, 18, 4, 22, 34, 45, 46, 39, 38]","The user has a strong pattern of visiting place_id 17 frequently across multiple days, especially on Tuesdays and Saturdays. Recent context shows continued visits to place_id 17 and other places like 10 and 18, which are also popular in the user's history. The user seems to prefer visiting places in the morning and evening, which aligns with the recent context stays. Therefore, place_id 17 is the most likely next location, followed by other frequently visited places."
1,17,"[17, 10, 46, 22, 4, 18, 34, 39, 1, 38]","The user has a strong pattern of visiting place_id 17 frequently, especially on weekends and during the morning hours. Recent context shows visits to place_id 17 and 10, indicating continued interest. Place_id 46 was visited recently, suggesting it may be a new interest. Other places like 22 and 4 have also been visited, but less frequently, making them less likely. The user tends to visit places in the morning and late afternoon, which aligns with the predicted places."
1,10,"[17, 10, 18, 22, 4, 34, 39, 1, 38, 11]","The user has a strong pattern of visiting place_id 17 frequently, especially on weekends and during the morning hours. Recent context shows continued visits to place_id 17 and 10, indicating a preference for these locations. Place_id 18 is also visited regularly in the evenings. The user has shown interest in place_id 22 recently, suggesting it could be a new favorite. Other places like 4 and 34 have been visited but less frequently, making them less likely but still possible options."
1,10,"[17, 10, 18, 22, 4, 39, 34, 38, 1, 11]","The user has a strong pattern of visiting place_id 17 frequently, especially on weekends and during mornings. Recent context shows visits to place_id 10 and 17, indicating a preference for these locations. Place_id 18 is also visited regularly in the evenings. The user has shown interest in place_id 22 recently, suggesting it could be a new favorite. Other places like 4, 39, 34, 38, 1, and 11 have been visited but less frequently, making them less likely but still possible options."
1,4,"[17, 10, 22, 18, 34, 39, 4, 1, 38, 11]","The user has a strong pattern of visiting place_id 17 frequently, especially on Tuesdays and Sundays, indicating a preference for this location. The recent context shows continued visits to place_id 17 and 10, suggesting they remain relevant. Place_id 22 was visited recently, indicating potential interest. The user also has a history of visiting place_id 18 and 34, which aligns with their activity pattern. Overall, the predictions are based on the frequency and recency of visits to these places."
1,47,"[17, 10, 4, 18, 34, 39, 1, 38, 5, 3]","The user has a strong pattern of visiting place_id 17, especially on Tuesdays and Sundays, with multiple long stays. Recent context shows continued visits to place_id 17, indicating a preference. Place_id 10 is also frequently visited, particularly in the evenings. Place_id 4 has been visited recently on Monday, suggesting it may be a potential next stop. Place_id 18 has been visited multiple times on weekdays, making it a likely candidate as well. Other places like 34 and 39 have seen visits but less frequently, while 1, 38, 5, and 3 are less likely but still possible based on historical data."
1,10,"[17, 10, 4, 18, 34, 39, 47, 1, 38, 5]","The user has a strong pattern of visiting place_id 17, especially on Tuesdays and Sundays, with multiple long stays. Recent context shows a visit to place_id 17 on Sunday, reinforcing its likelihood. Place_id 10 is also frequently visited, particularly on Mondays and Tuesdays. Place_id 4 has been visited recently and has a history of visits, making it a potential next stop. Place_id 18 and 34 are also notable due to their presence in the user's history, while place_id 39 and 47 have been visited recently, suggesting they could be considered. Place_id 1 and 38 have some historical significance but are less frequent, making them lower on the list."
1,17,"[17, 10, 4, 18, 34, 38, 39, 1, 47, 5]","The user has a strong pattern of visiting place_id 17, especially on Tuesdays and Wednesdays, with multiple long stays. Recent context shows continued visits to place_id 10 and 4, indicating a preference for these locations. The user also frequently visits place_id 18 and has a notable stay at place_id 34 on Monday. The context suggests a recent visit to place_id 47, which may influence the next choice. Overall, the predictions are based on historical patterns and recent activities."
1,17,"[17, 10, 4, 18, 34, 38, 39, 47, 1, 5]","The user has a strong pattern of visiting place_id 17, especially on Tuesdays and Wednesdays, with multiple long stays. Recent context shows visits to place_id 10 and 4, indicating potential interest in these locations. Place_id 18 also appears frequently in the history, suggesting it is a likely candidate. The user has shown varied activity across different days, but the consistent visits to place_id 17 and the recent context suggest it remains the most probable next location."
1,40,"[17, 10, 4, 18, 34, 39, 47, 38, 1, 5]","The user has a strong pattern of visiting place_id 17 on multiple occasions, especially on Tuesdays and Wednesdays, indicating a preference for this location. Recent context shows continued visits to place_id 17, reinforcing its likelihood. Place_id 10 is also frequently visited, particularly in the evenings, making it a probable next stop. Place_id 4 appears in both history and context, suggesting it may be a secondary option. Other places like 18 and 34 have been visited recently, indicating they could also be potential next locations."
1,10,"[17, 10, 18, 4, 34, 47, 39, 38, 1, 40]","The user has a strong pattern of visiting place_id 17, especially on Tuesdays and Wednesdays, with multiple long stays. Recent context shows continued visits to place_id 10 and 17, indicating they are likely to return to these places. Place_id 18 also has a notable presence in the user's history, particularly on Mondays and Wednesdays. Place_id 4 and 34 have been visited recently, suggesting they could be potential next stops. The user has shown interest in place_id 40, which was visited recently in the context."
1,17,"[17, 10, 40, 4, 18, 34, 39, 1, 38, 5]","The user has a strong pattern of visiting place_id 17 on Tuesdays, especially in the morning and afternoon, as seen in both history and context. Place_id 10 is frequently visited in the evenings and has recent context visits. Place_id 40 was visited recently in the context, indicating potential interest. Other places like 4, 18, and 34 have also been visited multiple times, suggesting they could be likely next locations."
1,1,"[17, 10, 18, 4, 34, 39, 40, 1, 38, 5]","The user has a strong pattern of visiting place_id 17, especially on Tuesdays and Wednesdays, with multiple long stays. Recent context also shows visits to place_id 17, reinforcing its likelihood. Place_id 10 and 18 are also frequently visited, particularly in the evenings. Place_id 4 and 34 have been visited recently, indicating potential interest. The user has shown varied activity across different places, but the consistent visits to 17, 10, and 18 suggest they are the most probable next locations."
1,10,"[17, 10, 40, 1, 18, 34, 39, 4, 38, 5]","The user has a strong pattern of visiting place_id 17, especially on Tuesdays and Wednesdays, with multiple long stays. Recent context also shows a visit to place_id 17, reinforcing its likelihood. Place_id 10 is frequently visited in the evenings and has recent context visits, making it a strong candidate. Place_id 40 has a recent visit in the context, suggesting potential interest. Place_id 1 has been visited recently and has a long stay in history, while place_id 18 is also a common evening destination. Other places like 34, 39, 4, 38, and 5 have less frequent but notable visits, contributing to their inclusion in the predictions."
1,17,"[17, 10, 40, 1, 18, 34, 39, 4, 38, 5]","The user has a strong pattern of visiting place_id 17, especially on Tuesdays and Wednesdays, with multiple long stays. Recent context shows continued visits to place_id 10 and a new visit to place_id 40, indicating a potential shift in preference. Place_id 1 and 18 are also frequently visited, suggesting they are likely candidates. The user has shown varied activity across different places, but the consistent visits to 17 and 10 make them the top predictions."
1,48,"[17, 10, 18, 1, 34, 39, 4, 38, 5, 3]","The user has a strong pattern of visiting place_id 17, especially on Tuesdays and Wednesdays, with multiple long stays. Recent context shows continued visits to place_id 10 and 17, indicating they are likely to return to these places. Place_id 18 also has a significant presence in their history, particularly on Mondays and Wednesdays. Place_id 1 appears in the context and has been visited recently, making it a potential next stop. Other place_ids like 34 and 39 have been visited frequently, suggesting they could also be considered."
1,10,"[17, 10, 1, 18, 4, 39, 48, 34, 38, 10]","The user has a strong pattern of visiting place_id 17, especially on Wednesdays, as seen in both history and context. Place_id 10 is also frequently visited, particularly in the evenings. Place_id 1 has been visited recently in the context, indicating potential interest. Place_id 18 appears multiple times in the history, suggesting it is a common destination. Place_id 4 and 39 have been visited on Tuesdays and Wednesdays, respectively, indicating they may be relevant. Place_id 48 was visited in the context, suggesting it could be a new interest. Place_id 34 and 38 were visited on Mondays and Saturdays, respectively, indicating they might be considered for future visits."
1,17,"[17, 10, 1, 48, 34, 18, 4, 38, 39, 5]","The user has a strong pattern of visiting place_id 17 frequently, especially on Wednesdays, and has also recently visited place_id 10 and 1 in the context. The context shows continued activity in the same timeframe, suggesting a likelihood of returning to these places. Place_id 48 is also noted in the context, indicating potential interest. The user has shown varied activity across different places, but the most consistent visits are to 17, 10, and 1."
1,17,"[17, 10, 18, 4, 34, 39, 48, 1, 38, 5]","The user has a strong pattern of visiting place_id 17, especially on Tuesdays and Wednesdays, with multiple long stays. Recent context shows continued visits to place_id 10 and 17, indicating these are likely choices. Place_id 18 is also frequently visited in the evenings, while place_id 4 has been visited recently. The user has shown interest in place_id 39 and 48, which were visited recently, suggesting they may also be considered. Place_id 1 and 38 have been visited less frequently but are still potential options based on the user's history."
1,1,"[17, 10, 18, 4, 34, 39, 48, 1, 38, 5]","The user has a strong pattern of visiting place_id 17, especially on Tuesdays and Wednesdays, with multiple long stays. Recent context shows a visit to place_id 17 again, reinforcing its likelihood. Place_id 10 is also frequently visited, particularly in the evenings, and has recent context activity. Place_id 18 appears regularly in the user's history, especially on Mondays and Saturdays, making it a probable next location. Other places like 4 and 34 have been visited recently, suggesting they could also be considered."
1,17,"[17, 10, 18, 1, 4, 39, 48, 34, 38, 11]","The user has a strong pattern of visiting place_id 17 frequently, especially on Tuesdays and Thursdays, indicating a preference for this location. Recent context shows continued visits to place_id 10 and 17, suggesting they are likely to return to these places. Place_id 18 and 1 also appear in the history, indicating they are potential candidates. The user has shown varied activity across different days, but the consistency in visiting certain places during specific times strengthens the likelihood of these predictions."
1,18,"[17, 10, 18, 1, 4, 39, 34, 38, 5, 3]","The user has a strong pattern of visiting place_id 17, especially on Tuesdays and Thursdays, with multiple long stays. Recent context shows continued activity at place_id 10 and 17, indicating a preference for these locations. Place_id 18 also appears frequently in the history, particularly on Mondays and Saturdays. The user has shown some visits to place_id 1 and 4, suggesting they may also be potential next locations. The ranking reflects the frequency and recency of visits."
1,17,"[17, 10, 18, 1, 34, 39, 4, 38, 5, 3]","The user has a strong pattern of visiting place_id 17, especially on Tuesdays and Thursdays, with multiple long stays. Recent context also shows a visit to place_id 17, indicating continued interest. Place_id 10 and 18 are also frequently visited, particularly on Mondays and Wednesdays. Place_id 1 appears in the context, suggesting a potential new interest. The other IDs are less frequent but may still be relevant based on historical patterns."
1,49,"[17, 10, 18, 1, 34, 39, 4, 38, 5, 3]","The user has a strong pattern of visiting place_id 17, especially on Tuesdays and Thursdays, with multiple long stays. Recent context shows continued activity at place_id 17, indicating a high likelihood of returning there. Place_id 10 and 18 are also frequently visited, particularly on Mondays and Tuesdays, suggesting they are likely next destinations. Place_id 1 has been visited recently, making it a potential choice as well. The other IDs are less frequent but still possible based on historical patterns."
1,17,"[17, 10, 18, 1, 34, 39, 4, 38, 49, 5]","The user has a strong pattern of visiting place_id 17 frequently across multiple days, especially on Tuesdays and Fridays. Recent context shows a visit to place_id 1, which is also notable. Place_id 10 and 18 are visited often in the evenings, suggesting they are likely candidates for the next visit. The user has also shown interest in place_id 34 and 39, which were visited on Mondays and Wednesdays, respectively. The context indicates a recent visit to place_id 49, making it a potential next stop as well."
1,4,"[17, 10, 18, 34, 4, 1, 39, 38, 49, 5]","The user has a strong pattern of visiting place_id 17 frequently, especially on Tuesdays and Fridays, indicating a preference for this location. The context shows recent visits to place_id 17 and 18, suggesting they are likely to continue visiting these places. Place_id 10 also appears frequently in the history, particularly in the evenings. The other place_ids are ranked based on their recent activity and historical frequency."
1,11,"[17, 10, 18, 4, 34, 49, 1, 38, 39, 5]","The user has a strong pattern of visiting place_id 17 frequently across various days and times, especially on Tuesdays and Fridays. The recent context shows continued visits to place_id 17 and 18, indicating a preference for these locations. Place_id 10 and 4 also appear multiple times in the history, suggesting they are likely candidates. The user has shown a tendency to visit places in the morning and evening, which aligns with the predicted times for the next visit."
1,40,"[17, 10, 4, 18, 34, 49, 11, 38, 39, 1]","The user has a strong pattern of visiting place_id 17 frequently across multiple days, especially on Tuesdays and Fridays. Recent context shows continued visits to place_id 17, indicating a high likelihood of returning there. Place_id 10 is also visited often, particularly on Mondays and Tuesdays, making it a probable next location. Place_id 4 appears in the context and has been visited recently, suggesting it could be a next stop. Other places like 18, 34, and 49 have also been visited multiple times, contributing to their ranking."
1,17,"[17, 10, 4, 18, 49, 34, 11, 1, 38, 39]","The user has a strong pattern of visiting place_id 17 frequently, especially on weekdays and during morning hours. Recent context shows continued visits to place_id 17 and other places like 4 and 10, indicating a preference for these locations. The user also visited place_id 18 and 49 recently, suggesting they are likely candidates for the next visit. The historical data shows a mix of morning and evening visits, which supports the prediction of these places."
1,10,"[17, 10, 4, 18, 34, 39, 11, 40, 1, 38]","The user has a strong pattern of visiting place_id 17 frequently, especially on weekdays and weekends, indicating it is a primary location. Place_id 10 is also visited regularly, particularly in the evenings. The context shows recent visits to place_id 4 and 11, suggesting they are also likely candidates. The user has shown a preference for places 18 and 34, which are visited during the evenings and weekends. Overall, the predictions are based on the frequency and timing of past visits."
1,17,"[17, 10, 4, 18, 34, 39, 11, 40, 38, 1]","The user has a strong pattern of visiting place_id 17 frequently across multiple days and times, especially on Tuesdays and Saturdays. Recent context shows continued activity at place_id 4 and 10, indicating a preference for these locations as well. Place_id 18 and 34 also appear in the history, suggesting they are likely candidates. The user has shown varied activity across different places, but the consistent visits to place_id 17 make it the most probable next location."
1,22,"[17, 10, 18, 4, 11, 40, 34, 39, 1, 38]","The user has a strong pattern of visiting place_id 17 frequently across various days and times, especially on weekends. Recent context shows continued visits to place_id 17 and other places like 10 and 18, indicating a preference for these locations. The user also visited place_id 11 and 40 recently, suggesting they may be likely candidates for the next visit. The historical data indicates a tendency to return to familiar places, particularly on weekends."
1,17,"[17, 10, 40, 18, 34, 22, 1, 39, 4, 38]","The user has a strong pattern of visiting place_id 17 frequently, especially on weekends and during morning hours. Recent context shows continued visits to place_id 17 and 10, indicating a preference for these locations. Place_id 40 was visited recently, suggesting it may also be a likely next stop. The user has shown varied activity across different places, but the consistency in visiting certain places during specific times supports these predictions."
1,10,"[17, 10, 18, 34, 22, 39, 4, 38, 1, 5]","The user has a strong pattern of visiting place_id 17 frequently across various days and times, especially on weekends. Recent context shows continued visits to place_id 17 and 10, indicating a preference for these locations. Place_id 18 also appears frequently in the history, suggesting it is a likely next stop. The user has shown varied activity at other places like 34 and 22, which are also included in the predictions."
1,17,"[17, 10, 18, 22, 34, 39, 4, 38, 1, 11]","The user has a strong pattern of visiting place_id 17, especially on weekends and during mornings. Recent context shows visits to place_id 10 and 17, indicating a preference for these locations. Place_id 18 is also frequently visited in the evenings. The user has shown a tendency to visit place_id 34 and 39 during weekdays, while place_id 22 has been visited recently, suggesting it could be a potential next stop. The ranking reflects the frequency and recency of visits."
1,22,"[17, 10, 18, 22, 34, 39, 4, 38, 1, 11]","The user has a strong pattern of visiting place_id 17 frequently across various days and times, especially on Tuesdays and Sundays. Recent context shows continued visits to place_id 17 and other places like 10 and 18, indicating a preference for these locations. The user also visited place_id 22 recently, suggesting it may be a potential next stop. The ranking reflects the frequency and recency of visits to these places."
1,17,"[17, 10, 22, 18, 34, 39, 4, 1, 38, 11]","The user has a strong pattern of visiting place_id 17 frequently, especially on Tuesdays and Sundays, indicating a preference for this location. Recent context shows visits to place_id 22 and 10, suggesting they are also likely candidates. The user has also visited place_id 18 and 34 multiple times, particularly on Mondays and weekends, which supports their likelihood. Overall, the predictions are based on the frequency and timing of past visits."
1,18,"[17, 10, 18, 22, 34, 39, 4, 1, 38, 5]","The user has a strong pattern of visiting place_id 17 frequently, especially on Tuesdays and Sundays, indicating a preference for this location. Recent context shows continued visits to place_id 17 and 10, suggesting they are likely to return to these places. Place_id 18 also appears frequently in the history, particularly on Mondays and Saturdays, making it a probable next location. Place_id 22 was visited recently, which may indicate a shift in preference. The other places have been visited less frequently but are still relevant based on the user's activity pattern."
1,1,"[17, 10, 18, 22, 34, 39, 4, 38, 1, 11]","The user has a strong pattern of visiting place_id 17, especially on weekdays and during morning hours. Recent context shows visits to place_id 10 and 18, indicating a likelihood of returning to these places. The user also visited place_id 22 recently, suggesting it could be a potential next stop. The other IDs are included based on their historical frequency and recent context relevance."
1,17,"[17, 10, 18, 22, 1, 34, 39, 4, 38, 11]","The user has a strong pattern of visiting place_id 17 frequently, especially on Tuesdays and Mondays, indicating a preference for this location. Recent context shows continued visits to place_id 17, reinforcing its likelihood. Place_id 10 and 18 are also visited regularly, particularly in the evenings, making them probable next locations. Place_id 22 has been visited recently, suggesting it could be a new interest. Place_id 1 is noted in the context as well, indicating potential for a visit. Other places like 34, 39, 4, 38, and 11 have less frequent but notable visits, making them less likely but still possible options."
1,1,"[17, 10, 18, 22, 1, 4, 39, 34, 38, 11]","The user has a strong pattern of visiting place_id 17 frequently, especially on Tuesdays and Wednesdays, and has also visited place_id 10 and 18 multiple times. The recent context shows continued activity at place_id 17 and new visits to place_id 22, indicating a likelihood of returning to these places. The ranking reflects the frequency and recency of visits."
1,43,"[17, 10, 18, 1, 34, 39, 4, 38, 5, 3]","The user has a strong pattern of visiting place_id 17, especially on Tuesdays and Wednesdays, with multiple long stays. Recent context shows a visit to place_id 17 on Monday, reinforcing its likelihood. Place_id 10 and 18 are also frequently visited, particularly in the evenings. Place_id 1 has been visited recently, indicating potential for a return. Other places like 34 and 39 have seen visits, but less frequently, making them less likely. Overall, the predictions are based on historical patterns and recent context."
1,17,"[17, 10, 18, 1, 34, 4, 39, 43, 38, 5]","The user has a strong pattern of visiting place_id 17 on multiple occasions, especially on Tuesdays and Wednesdays, indicating a preference for this location. Recent context shows a visit to place_id 18 on Monday, suggesting a potential return. Place_id 10 is frequently visited in the evenings, while place_id 1 has been visited recently, indicating it may be a current interest. Other places like 34, 4, 39, and 43 have also been visited, but less frequently, making them less likely but still possible options."
1,4,"[17, 10, 1, 4, 18, 34, 38, 43, 39, 5]","The user has a strong pattern of visiting place_id 17, especially on Tuesdays and during early morning hours. Recent context shows continued visits to place_id 1 and 17, indicating a preference for these locations. Place_id 10 is also frequently visited in the evenings, while place_id 4 has been visited recently in the morning. The user has shown a tendency to visit places 18, 34, and 38 on weekends, suggesting they may also consider these options. Place_id 43 was visited recently, indicating it could be a potential next stop. Overall, the predictions are based on historical patterns and recent context activities."
1,17,"[17, 10, 4, 1, 18, 34, 38, 39, 43, 5]","The user has a strong pattern of visiting place 17 frequently, especially on Tuesdays, which is supported by recent context stays at the same place. Place 10 is also visited multiple times, particularly in the evenings. Place 4 and 1 are visited in the mornings, indicating a potential for morning visits. Place 18 has been visited in the evenings, while places 34, 38, and 39 have some recent context relevance. Place 43 is a new context stay that could indicate a shift in routine."
1,17,"[17, 10, 4, 1, 18, 43, 34, 39, 38, 5]","The user has a strong pattern of visiting place_id 17 on Tuesdays, especially in the morning and late night, as seen in both history and context. Place_id 10 is also frequently visited, particularly in the evenings. Place_id 4 and 1 are noted in the context, suggesting recent interest. Place_id 18 has been visited multiple times in the evenings, indicating a potential preference. The other place_ids are included based on their recent context visits and overall frequency in the user's history."
1,1,"[17, 10, 4, 18, 34, 43, 39, 1, 38, 5]","The user has a strong pattern of visiting place_id 17, especially on Tuesdays, with multiple visits throughout the day. Recent context shows continued visits to place_id 17, indicating a high likelihood of returning there. Place_id 10 is also frequently visited, particularly in the evenings, making it a strong candidate. Place_id 4 and 18 have been visited recently, suggesting they may be considered as well. Other places like 34 and 43 have some recent context visits, while 39 and 1 have historical significance. Place_id 38 and 5 are less frequent but still possible based on the overall activity pattern."
1,17,"[17, 10, 4, 1, 18, 34, 39, 38, 5, 3]","The user has a strong pattern of visiting place_id 17 frequently, especially on Tuesdays, which is supported by recent context stays at the same place. Place_id 10 is also visited multiple times, particularly in the evenings. Place_id 4 and 1 are noted in the context, indicating potential interest. Place_id 18 has been visited on multiple occasions, suggesting it may be a common destination. The other place_ids are included based on their recent context relevance and historical visits."
1,4,"[17, 10, 4, 1, 18, 39, 34, 38, 5, 3]","The user has a strong pattern of visiting place 17 frequently, especially on Tuesdays and Wednesdays, as seen in both history and context. Place 10 is also visited multiple times, particularly in the evenings. Place 4 has been visited recently in the context, indicating a potential return. Place 1 is noted for a long stay on Friday, suggesting it may be a favored location. Place 18 appears in the history as well, indicating a possible preference. Other places like 39, 34, and 38 have also been visited, but with less frequency, making them less likely but still possible options."
1,17,"[17, 10, 1, 4, 18, 34, 39, 38, 5, 3]","The user has a strong pattern of visiting place ID 17, especially on Tuesdays and Wednesdays, with multiple long stays. Recent context also shows continued visits to place ID 17, indicating it is likely to be their next destination. Place ID 10 is frequently visited in the evenings, while place ID 1 has been visited recently, suggesting it may also be a candidate. Other places like 4, 18, 34, and 39 have been visited multiple times, making them plausible options as well."
1,17,"[17, 10, 1, 4, 18, 34, 39, 38, 5, 3]","The user has a strong pattern of visiting place_id 17, especially on Tuesdays and Wednesdays, with multiple long stays. Recent context shows continued activity at place_id 17, indicating a high likelihood of returning there. Place_id 10 and 1 also have frequent visits, particularly on Tuesdays, suggesting they are likely candidates as well. The user has shown some activity at place_id 4 and 18, which could also be potential next locations based on recent context."
1,10,"[17, 10, 1, 4, 18, 34, 39, 38, 5, 3]","The user has a strong pattern of visiting place_id 17, especially on Tuesdays and Wednesdays, with multiple long stays. Recent context shows continued visits to place_id 1 and 4, indicating a potential shift or expansion in their routine. Place_id 10 and 18 are also frequently visited, suggesting they are likely candidates for the next location. The user tends to visit places in the morning and late afternoon, which aligns with the timing of the context stays."
1,17,"[17, 10, 4, 18, 34, 39, 1, 38, 5, 3]","The user has a strong pattern of visiting place_id 17, especially on Wednesdays, and has recently visited it multiple times in the context data. Place_id 10 is also frequently visited, particularly in the evenings. Place_id 4 appears in the context and has been visited on Tuesdays, suggesting it may be a potential next stop. Place_id 18 is visited often in the evenings, while place_id 34 and 39 have been visited on Mondays and Wednesdays, respectively. The user has a diverse pattern but shows a preference for certain places on specific days."
1,1,"[17, 10, 4, 18, 34, 39, 1, 38, 5, 3]","The user has a strong pattern of visiting place_id 17, especially on Tuesdays and Wednesdays, with multiple long stays. Recent context also shows visits to place_id 17 and 10, indicating continued interest. Place_id 4 appears in the context and has been visited recently, suggesting it may be a potential next stop. Place_id 18 and 34 have also been visited frequently, making them likely candidates. The user tends to visit places in the morning and late evening, which aligns with the predicted times for these places."
1,50,"[17, 10, 18, 1, 34, 39, 4, 38, 5, 3]","The user has a strong pattern of visiting place_id 17, especially on Tuesdays and Wednesdays, with multiple long stays. Recent context also shows visits to place_id 17, reinforcing its likelihood. Place_id 10 and 18 are also frequently visited, particularly in the evenings and weekends. Place_id 1 appears in the context, suggesting a potential visit. Other IDs like 34 and 39 have been visited recently, indicating they could be next as well."
1,1,"[17, 10, 18, 1, 34, 39, 4, 50, 38, 5]","The user has a strong pattern of visiting place_id 17, especially on Tuesdays and Thursdays, with multiple long stays. Recent context shows a visit to place_id 17, indicating continued interest. Place_id 10 is also frequently visited, particularly in the evenings, and has recent context visits. Place_id 18 appears regularly on Mondays and Saturdays, suggesting a habitual pattern. Place_id 1 has a recent context visit, indicating potential interest. Other places like 34, 39, 4, and 50 have been visited but less frequently, while 38 and 5 are less likely but still possible based on historical data."
1,17,"[17, 10, 1, 18, 34, 50, 39, 4, 38, 5]","The user has a strong pattern of visiting place_id 17, especially on Tuesdays and Thursdays, with multiple long stays. Recent context shows visits to place_id 10 and 1, indicating they are also likely candidates. Place_id 18 has been visited frequently on Mondays and Saturdays, while place_id 34 and 50 are recent context visits. The user has shown varied interests, but the historical data strongly favors place_id 17 as the most probable next location."
1,1,"[17, 10, 1, 18, 34, 39, 50, 4, 38, 5]","The user has a strong pattern of visiting place_id 17, especially on Thursdays, as seen in both history and context. Place_id 10 is also frequently visited, particularly in the evenings. Place_id 1 and 18 have recent context visits, indicating potential interest. The user has shown varied activity across different places, but the consistent visits to 17 and 10 suggest they are the most likely next locations."
1,10,"[17, 1, 10, 18, 4, 50, 34, 39, 38, 5]","The user has a strong pattern of visiting place_id 17 frequently, especially on Tuesdays and Thursdays, indicating a preference for this location. Recent context shows visits to place_id 1 and 17, suggesting they are likely to continue visiting these places. Place_id 10 and 18 are also common in their history, making them probable next locations. The user has shown some activity at place_id 4 and 50 recently, which could indicate a shift in their routine. Overall, the predictions are based on the frequency of visits and recent activities."
1,17,"[17, 10, 1, 18, 34, 50, 39, 4, 38, 5]","The user has a strong pattern of visiting place_id 17, especially on Tuesdays and Thursdays, with multiple long stays. Recent context shows a visit to place_id 17 in the morning, reinforcing its likelihood. Place_id 10 is also frequently visited, particularly in the evenings, and appears in both history and context. Place_id 1 has been visited recently and has a history of visits, making it a strong candidate. Place_id 18 has been visited multiple times on weekdays, while place_id 34 and 50 have also seen recent activity. Place_id 39 and 4 have historical significance, and place_id 38 was visited recently, adding to its probability. Place_id 5 has less data but is included for variety."
1,22,"[17, 10, 1, 18, 34, 39, 4, 38, 5, 3]","The user has a strong pattern of visiting place_id 17, especially on Tuesdays and Thursdays, with multiple long stays. Recent context shows visits to place_id 1 and 10, indicating potential interest in these locations. Place_id 18 also has frequent visits on Mondays and Wednesdays. The user tends to visit places in the morning and late evening, which aligns with the predicted places."
1,17,"[17, 10, 1, 18, 34, 22, 39, 4, 38, 10]","The user has a strong pattern of visiting place_id 17 frequently, especially on Tuesdays and Thursdays, indicating a high likelihood of returning there. Recent context shows continued visits to place_id 17 and 10, suggesting these are current favorites. Place_id 1 and 18 also appear in the history, indicating they are potential next stops. The user has shown varied activity across different places, but the consistent returns to certain locations, especially on specific days, guide the predictions."
1,10,"[17, 10, 1, 18, 34, 22, 39, 4, 38, 5]","The user has a strong pattern of visiting place_id 17, especially on weekdays and during morning hours. Recent context shows a visit to place_id 1 and 10, indicating potential interest in these locations. The user also frequently visits place_id 18 and 34, particularly in the evenings. The prediction considers both historical patterns and recent activities, suggesting a likelihood of returning to familiar places."
1,1,"[17, 10, 18, 22, 34, 39, 4, 38, 1, 11]","The user has a strong pattern of visiting place_id 17 frequently, especially on weekdays and during morning hours. Recent context shows continued visits to place_id 10 and 17, indicating a preference for these locations. Place_id 18 is also visited regularly in the evenings. The user has shown interest in place_id 22 recently, suggesting it may be a new favorite. Other places like 34 and 39 have been visited but less frequently, making them less likely. Overall, the predictions are based on the frequency and timing of past visits."
1,1,"[17, 10, 18, 1, 22, 34, 39, 38, 4, 5]","The user has a strong pattern of visiting place_id 17 frequently across multiple days, especially on Tuesdays and Fridays, indicating a high likelihood of returning there. Place_id 10 is also visited often, particularly in the evenings. The recent context shows continued activity at place_id 17 and a visit to place_id 22, suggesting these places are currently relevant. The user has also shown interest in place_id 18 and 1, which are visited on multiple occasions, further supporting their inclusion in the predictions."
1,1,"[17, 10, 1, 22, 18, 4, 39, 34, 38, 11]","The user has a strong pattern of visiting place_id 17 frequently, especially on weekdays and during morning hours. Recent context shows continued visits to place_id 17 and 10, indicating a preference for these locations. Place_id 1 is also notable due to a recent visit on Friday. The user has shown varied activity across different places, but the frequency and timing suggest that place_id 17 remains the most likely next destination."
1,1,"[17, 10, 1, 18, 34, 39, 4, 38, 5, 6]","The user has a strong pattern of visiting place_id 17, especially on Tuesdays and Wednesdays, and has recently visited it again on Friday. Place_id 10 is also frequently visited, particularly in the evenings. Place_id 1 has been visited recently in the context, indicating a potential for return. Place_id 18 is visited often on Thursdays and Saturdays, while place_id 34 has been visited on Mondays. The user shows a consistent pattern of visiting these places, especially during specific times of the week."
1,1,"[17, 10, 1, 18, 34, 39, 4, 38, 10, 10]","The user has a strong pattern of visiting place_id 17 frequently, especially on Tuesdays and Wednesdays, indicating a preference for this location. The recent context shows a visit to place_id 10 on Friday night, suggesting a potential return to this location. Place_id 1 has also been visited recently, indicating it may be a candidate for the next visit. The user has a consistent pattern of visiting places 18 and 34, particularly on weekends, which may influence their next location choice. Overall, the predictions are based on the frequency and timing of past visits, as well as recent activities."
1,1,"[1, 17, 10, 18, 34, 39, 4, 38, 5, 2]","The user has a strong pattern of visiting place_id 17 on multiple occasions, especially on Tuesdays and Wednesdays, indicating a preference for this location. The recent context shows multiple stays at place_id 1, suggesting a potential shift in preference or routine. Place_id 10 and 18 are also frequently visited, particularly on Mondays and Saturdays, which aligns with the user's historical activity. The other places are included based on their frequency of visits in the history and context, indicating they may also be likely next locations."
1,17,"[1, 17, 10, 18, 34, 39, 4, 38, 5, 2]","The user has a strong pattern of visiting place_id 17 on multiple occasions, especially on Tuesdays and Wednesdays, indicating a preference for this location. The recent context shows multiple stays at place_id 1, suggesting a potential shift in preference or routine. However, the historical data indicates that place_id 17 remains a strong candidate due to its frequent visits. Other places like 10 and 18 are also visited regularly, particularly on weekdays, making them likely candidates as well. The prediction considers both the historical patterns and the recent context stays."
1,40,"[1, 17, 10, 18, 34, 39, 4, 38, 5, 2]","The user has a strong pattern of visiting place_id 17 frequently, especially on Tuesdays and Wednesdays, and has also recently visited place_id 1 multiple times on Saturday. The context shows recent activity at place_id 1, indicating a preference for this location. Place_id 10 and 18 are also common in the user's history, particularly on Mondays and weekends. The user tends to visit places in the morning and late evening, which aligns with the predicted places."
1,17,"[17, 10, 1, 18, 34, 39, 4, 38, 40, 5]","The user has a strong pattern of visiting place_id 17 frequently across multiple days, especially on Tuesdays and weekends. Recent context shows visits to place_id 1, which is also a frequent location in the history. Place_id 10 is visited often in the evenings, and place_id 18 is noted on multiple weekdays. The user also has a history of visiting place_id 34 and 39, indicating a preference for these locations. The context suggests a continuation of these patterns, making these places the most likely next destinations."
1,10,"[17, 1, 10, 18, 34, 39, 4, 38, 40, 10]","The user has a strong pattern of visiting place_id 17 frequently across various days and times, especially on weekends. The recent context shows visits to place_id 1, which is also a frequent location, indicating a possible return. Place_id 10 and 18 are also visited regularly, suggesting they are likely candidates. The user has shown a preference for these places, especially on weekends, which aligns with the recent context activities."
1,17,"[17, 10, 1, 18, 4, 39, 34, 38, 40, 5]","The user has a strong pattern of visiting place_id 17 frequently across various days and times, especially on weekends and weekdays. Recent context shows continued visits to place_id 1 and 17, indicating a preference for these locations. Place_id 10 and 18 are also visited regularly, suggesting they are likely candidates for the next visit. The user has shown a tendency to visit places in the morning and afternoon, which aligns with the recent context stays."
1,17,"[17, 10, 18, 4, 34, 40, 39, 1, 38, 5]","The user has a strong pattern of visiting place_id 17 frequently, especially on Sundays and Mondays, as seen in both history and context. Place_id 10 and 18 are also visited regularly, particularly on Mondays and Tuesdays. The recent context shows continued activity at place_id 17, reinforcing its likelihood. Other places like 4 and 34 have been visited recently, indicating potential interest. The ranking reflects the frequency and recency of visits."
1,4,"[17, 10, 18, 40, 34, 1, 39, 4, 38, 5]","The user has a strong pattern of visiting place_id 17 frequently across various days and times, especially on Tuesdays and Wednesdays. Recent context shows continued visits to place_id 17 and 10, indicating a preference for these locations. Place_id 18 and 40 also appear in the history, suggesting they are likely candidates. The user has shown a tendency to visit places in the morning and late afternoon, which aligns with the predicted times for the next visit."
1,17,"[17, 10, 4, 18, 1, 39, 34, 38, 5, 3]","The user has a strong pattern of visiting place_id 17, especially on Tuesdays and Sundays, with multiple long stays. Recent context shows continued visits to place_id 17 and 10, indicating a preference for these locations. Place_id 4 also appears in the context, suggesting potential interest. The user frequently visits place_id 18 and 1, especially on weekdays, which supports their inclusion in the predictions."
1,10,"[17, 10, 4, 18, 34, 39, 1, 38, 5, 3]","The user has a strong pattern of visiting place_id 17, especially on weekdays and mornings, as seen in both history and context. Place_id 10 is also frequently visited, particularly in the evenings. The context shows recent visits to place_id 4 and 17, indicating a likelihood of returning to these places. Place_id 18 and 34 are also popular in the user's history, suggesting they may be considered next. The user has a diverse range of places they visit, but the top predictions are based on frequency and recent activity."
1,17,"[17, 10, 4, 18, 34, 39, 1, 38, 5, 3]","The user has a strong pattern of visiting place_id 17, especially on Mondays and Tuesdays, as seen in both history and context. Place_id 10 is also frequently visited, particularly in the evenings. The context shows recent visits to place_id 17 and 10, reinforcing their likelihood. Place_id 4 and 18 are also notable due to their presence in the user's history. The other IDs are included based on less frequent but still relevant visits."
1,17,"[17, 10, 4, 18, 34, 39, 1, 38, 5, 3]","The user has a strong pattern of visiting place_id 17 frequently, especially on Tuesdays and Mondays, as seen in both history and context. Place_id 10 is also visited regularly, particularly in the evenings. Place_id 4 appears in the context and has been visited recently, indicating potential interest. Place_id 18 is visited on multiple occasions, especially on weekdays. Other places like 34 and 39 have been visited but less frequently, while 1, 38, 5, and 3 are less likely but still possible based on the user's varied history."
1,10,"[17, 10, 4, 18, 34, 39, 1, 38, 5, 3]","The user has a strong pattern of visiting place_id 17, especially on Tuesdays and Wednesdays, with multiple long stays. Recent context shows continued visits to place_id 17 and 10, indicating they are likely to return to these places. Place_id 4 has also been visited recently, suggesting it may be a potential next stop. The user frequently visits place_id 18 and 34, which are also likely candidates based on historical patterns."
1,17,"[17, 10, 18, 4, 1, 39, 34, 38, 5, 3]","The user has a strong pattern of visiting place 17 frequently, especially on Tuesdays and throughout the week, indicating a high likelihood of returning there. Place 10 is also visited multiple times, particularly in the evenings and mornings, suggesting it is a common location. Place 18 appears regularly in the user's history, especially on weekends, which may indicate a social or leisure destination. The context shows recent visits to places 17 and 10, reinforcing their likelihood. Other places like 4 and 1 have been visited but less frequently, making them less probable. Overall, the predictions are based on the frequency and timing of past visits."
1,10,"[17, 10, 18, 4, 34, 39, 1, 38, 5, 3]","The user has a strong pattern of visiting place_id 17, especially on Tuesdays and Wednesdays, with multiple long stays. Recent context shows continued visits to place_id 10 and 17, indicating these are likely next destinations. Place_id 18 also appears frequently in the history, particularly on Mondays and Wednesdays. The user has shown some activity at place_id 4 and 34, suggesting they could be potential next stops as well."
1,51,"[17, 10, 4, 18, 34, 39, 1, 38, 5, 3]","The user has a strong pattern of visiting place_id 17, especially on Tuesdays, with multiple visits throughout the day. The recent context also shows continued visits to place_id 17, indicating a high likelihood of returning there. Place_id 10 is also frequently visited, particularly in the evenings, making it a probable next location. Other places like 4 and 18 have been visited recently, suggesting they could be next as well."
1,10,"[17, 10, 4, 18, 51, 34, 39, 1, 38, 5]","The user has a strong pattern of visiting place 17 frequently, especially on Tuesdays, which is reinforced by recent context stays at the same place. Place 10 is also visited multiple times, particularly in the evening, and has recent context stays. Place 4 and 18 have been visited on Tuesdays and have context stays as well. The other places are included based on their historical significance and recent context relevance."
1,17,"[17, 10, 18, 4, 34, 51, 39, 38, 1, 5]","The user has a strong pattern of visiting place_id 17, especially on Tuesdays and Wednesdays, with multiple long stays. Recent context shows visits to place_id 10 and 17, indicating continued interest. Place_id 18 is also frequently visited on Mondays and Wednesdays. Place_id 4 appears in the history and context, suggesting potential interest. Place_id 34 and 51 are less frequent but have recent context visits, indicating they could be considered. Place_id 39 and 38 have historical relevance, while place_id 1 has a notable long stay on Friday."
1,4,"[17, 10, 18, 4, 51, 34, 39, 1, 38, 5]","The user has a strong pattern of visiting place 17 frequently, especially on Tuesdays and Wednesdays, as seen in both history and context. Place 10 is also visited multiple times, particularly in the evenings. Place 18 appears regularly on weekends and Mondays. The context shows recent visits to places 10 and 17, reinforcing their likelihood. Place 4 has been visited on Tuesdays, and place 51 was visited recently, indicating potential interest. Other places like 34, 39, 1, 38, and 5 have less frequent but notable visits, suggesting they could also be considered."
1,22,"[17, 10, 4, 18, 51, 34, 39, 38, 1, 5]","The user has a strong pattern of visiting place_id 17, especially on Tuesdays and Wednesdays, with multiple long stays. Recent context shows a visit to place_id 10, which is also frequently visited. Place_id 4 appears in the context and has been visited recently, indicating potential interest. Place_id 18 is another frequent location, especially on Mondays. The user has a diverse pattern but tends to return to familiar places, particularly on weekdays."
1,17,"[17, 10, 4, 18, 51, 34, 22, 39, 1, 38]","The user has a strong pattern of visiting place_id 17 frequently, especially on Tuesdays and Wednesdays, and has also visited place_id 10 multiple times. Recent context shows a visit to place_id 51, which may indicate a new interest. The user tends to visit places in the morning and evening, suggesting that these times are likely for their next visit. Place_id 4 and 18 are also notable due to their previous visits. The ranking reflects the frequency and recency of visits to these places."
1,10,"[17, 10, 4, 18, 22, 34, 39, 1, 38, 11]","The user has a strong pattern of visiting place_id 17, especially on Wednesdays, with multiple stays throughout the day. The recent context also shows visits to place_id 10 and 4, indicating they are likely candidates for the next location. Place_id 18 has been visited frequently in the evenings, while place_id 22 was recently visited, suggesting it could be a potential next stop. The user has shown a preference for certain places on specific days, particularly on Wednesdays, which influences the predictions."
1,17,"[17, 10, 4, 18, 34, 22, 39, 1, 38, 11]","The user has a strong pattern of visiting place_id 17, especially on weekdays and mornings, as seen in both history and context. Place_id 10 is frequently visited in the evenings and has recent context visits. Place_id 4 appears in the context and has been visited recently. Place_id 18 is also a common evening destination. Other places like 34, 22, 39, 1, 38, and 11 have less frequent but notable visits, indicating potential interest."
1,17,"[17, 10, 4, 18, 22, 39, 34, 38, 1, 11]","The user has a strong pattern of visiting place_id 17, especially on Tuesdays and Wednesdays, with multiple long stays. Recent context shows a visit to place_id 4 and 10, indicating potential interest in these locations. Place_id 18 and 22 are also frequently visited, suggesting they are likely candidates for the next location. The user tends to visit places in the morning and late at night, which aligns with the predicted places."
1,49,"[17, 10, 22, 18, 34, 39, 4, 1, 38, 11]","The user has a strong pattern of visiting place_id 17, especially on Tuesdays and Wednesdays, with multiple long stays. Recent context shows continued activity at place_id 17 and a new visit to place_id 22, suggesting it may be a new frequent location. Place_id 10 is also frequently visited, particularly in the evenings. The user has shown a tendency to visit places 18 and 34 on Mondays, and place_id 39 on Wednesdays, indicating these may be likely next stops as well."
1,10,"[17, 10, 18, 34, 4, 1, 38, 39, 49, 5]","The user has a strong pattern of visiting place_id 17, especially on Tuesdays and Thursdays, with multiple long stays. Recent context also shows a stay at place_id 17, indicating continued interest. Place_id 10 and 18 are also frequently visited, particularly on Mondays and Wednesdays. The user has shown some activity at place_id 34 and 4, suggesting they may be potential next locations. Place_id 1, 38, 39, and 49 are less frequent but could be considered based on the user's varied history."
1,17,"[17, 10, 18, 4, 34, 49, 1, 38, 39, 5]","The user has a strong pattern of visiting place_id 17 frequently, especially on Tuesdays and Thursdays, indicating a preference for this location. Recent context stays also show visits to place_id 10 and 17, reinforcing their likelihood. Place_id 18 is visited often in the evenings, while place_id 4 appears in the morning on Tuesdays. The user has also shown interest in place_id 34 and 49 recently, making them potential candidates for the next visit."
1,52,"[17, 10, 18, 4, 34, 49, 1, 38, 39, 5]","The user has a strong pattern of visiting place_id 17 frequently, especially on Tuesdays and Thursdays, with multiple long stays. Recent context also shows visits to place_id 17, reinforcing its likelihood. Place_id 10 and 18 are also visited regularly, particularly on Mondays and Tuesdays. Place_id 4 and 34 have been visited recently, indicating potential interest. Place_id 49 appears in the context, suggesting it may be a new or emerging location of interest. The other IDs are less frequent but still possible based on historical patterns."
1,17,"[17, 10, 18, 4, 34, 49, 52, 1, 38, 39]","The user has a strong pattern of visiting place_id 17 frequently, especially on Tuesdays and Thursdays, indicating a preference for this location. Recent context shows continued visits to place_id 17, reinforcing its likelihood. Place_id 10 and 18 are also visited regularly, particularly on Mondays and Wednesdays, making them probable next locations. Place_id 4 and 34 have been visited recently, suggesting they could be considered as well. The user has shown interest in place_id 49 and 52 in the context, which may indicate a shift in preference. Place_id 1 and 38 have been visited less frequently but are still relevant based on historical data."
1,10,"[17, 10, 18, 49, 4, 34, 1, 38, 52, 39]","The user has a strong pattern of visiting place_id 17 frequently, especially on Tuesdays and Thursdays, with multiple long stays. Recent context shows continued visits to place_id 17 and a new visit to place_id 49, suggesting it may also be a potential next location. Place_id 10 and 18 are also frequently visited, particularly on Mondays and Wednesdays, indicating they are likely candidates. The user has shown some activity at place_id 4 and 34, which could be relevant as well. Overall, the predictions are based on the frequency and timing of past visits."
1,40,"[17, 10, 18, 4, 52, 34, 39, 38, 1, 5]","The user has a strong pattern of visiting place_id 17, especially on Tuesdays and Thursdays, with multiple long stays. Recent context shows continued visits to place_id 10 and 17, indicating they are likely to return to these places. Place_id 18 also has a notable presence in the user's history, particularly on Mondays and Wednesdays. The user has shown some activity at place_id 4 and 52 recently, suggesting they may also consider these places. Overall, the predictions are based on the frequency and timing of past visits, as well as recent activities."
1,17,"[17, 10, 18, 52, 4, 39, 34, 40, 1, 38]","The user has a strong pattern of visiting place_id 17 frequently, especially on Tuesdays and Fridays, indicating a high likelihood of returning there. Place_id 10 and 18 are also visited regularly, particularly on Mondays and Wednesdays. Recent context shows the user visited place_id 17 again, reinforcing its probability. Place_id 52 and 4 have been visited recently, suggesting they could be potential next locations. The user has a diverse pattern but tends to favor certain places, particularly on specific days."
1,4,"[17, 10, 18, 4, 34, 39, 52, 38, 40, 1]","The user has a strong pattern of visiting place_id 17, especially on Tuesdays and Fridays, indicating a preference for this location. The context shows recent visits to place_id 17 and 10, suggesting they are likely to continue visiting these places. Place_id 18 and 4 also appear frequently in the history, making them probable next locations. The user has shown varied activity across different days, but the consistency in visiting certain places during specific times reinforces these predictions."
1,17,"[17, 10, 4, 18, 39, 34, 40, 1, 38, 5]","The user has a strong pattern of visiting place_id 17 frequently across multiple days, especially on Tuesdays and Fridays. Recent context shows continued visits to place_id 17, indicating a high likelihood of returning there. Place_id 10 is also visited often, particularly in the evenings, making it a probable next location. Place_id 4 has been visited recently, suggesting it could be a potential next stop as well. Other places like 18 and 39 have also seen visits, but less frequently, thus they rank lower."
1,17,"[17, 10, 4, 18, 34, 40, 1, 39, 38, 11]","The user has a strong pattern of visiting place_id 17 frequently, especially on Tuesdays and Fridays, indicating a preference for this location. Place_id 10 is also visited multiple times, particularly in the evenings. The context shows recent visits to place_id 10 and 17, reinforcing their likelihood. Place_id 4 and 18 are also noted in the history, suggesting they could be potential next locations. The user has shown varied activity across different places, but the consistent visits to 17 and 10 make them the top predictions."
1,53,"[17, 10, 4, 18, 34, 40, 1, 39, 38, 11]","The user has a strong pattern of visiting place_id 17 frequently across multiple days, especially on Tuesdays and Fridays. Recent context shows continued visits to place_id 17 and 4, indicating a preference for these locations. Place_id 10 is also a common choice, particularly in the evenings. The user has shown a tendency to visit place_id 18 and 34 as well, making them likely candidates. The recent visit to place_id 40 further supports its inclusion in the predictions."
1,1,"[17, 10, 4, 18, 34, 1, 38, 53, 39, 5]","The user has a strong pattern of visiting place_id 17 frequently across multiple days and times, especially on Tuesdays and Fridays. The context shows recent visits to place_id 17 and 4, indicating continued interest in these locations. Place_id 10 and 18 are also recurrent in the user's history, suggesting they are likely candidates for the next visit. The user has shown varied activity patterns, but the consistency of visits to certain places, particularly 17, drives the prediction."
1,1,"[17, 10, 4, 1, 18, 34, 38, 53, 39, 5]","The user has a strong pattern of visiting place_id 17 frequently, especially on Tuesdays and Fridays, indicating a preference for this location. The recent context shows continued visits to place_id 17 and other places like 4 and 1, suggesting they are also likely candidates. Place_id 10 is also a common location in the user's history, particularly on Mondays and Tuesdays. The user has shown varied activity across different days, but the consistent visits to place_id 17 make it the most probable next location."
1,17,"[17, 10, 1, 18, 4, 53, 39, 34, 38, 5]","The user has a strong pattern of visiting place_id 17 frequently, especially on Tuesdays and Fridays, indicating a preference for this location. Recent context shows continued visits to place_id 17, reinforcing its likelihood. Place_id 10 and 1 are also frequently visited, particularly on Mondays and Saturdays, suggesting they are likely candidates as well. Place_id 18 appears regularly in the history, especially on weekdays, making it a probable next stop. Other places like 4, 53, 39, 34, and 38 have been visited but less frequently, thus they are included in the predictions but with lower probability."
1,17,"[17, 10, 1, 18, 34, 53, 39, 4, 38, 5]","The user has a strong pattern of visiting place_id 17 frequently, especially on weekdays and weekends, indicating it is a primary location. Place_id 10 is also visited regularly, particularly in the evenings. The context shows recent visits to place_id 17 and 1, suggesting they remain relevant. Place_id 18 and 34 are also notable due to their consistent presence in the user's history. The other IDs are included based on occasional visits and proximity in the user's activity pattern."
1,4,"[17, 1, 10, 18, 34, 39, 53, 4, 38, 10]","The user has a strong pattern of visiting place_id 17 frequently across various days and times, especially on weekends. Recent context shows multiple visits to place_id 1 and 17, indicating a preference for these locations. Place_id 10 and 18 are also visited regularly, suggesting they are likely candidates. The user has shown a tendency to stay longer at certain places, particularly 17, which reinforces its high probability. The context data supports the likelihood of returning to these places soon."
1,17,"[17, 10, 1, 4, 18, 34, 39, 38, 5, 3]","The user has a strong pattern of visiting place_id 17 frequently across multiple days and times, especially on weekends. Recent context shows continued activity at place_id 1 and 4, indicating a likelihood of returning to these places. Place_id 10 and 18 are also visited regularly, suggesting they are probable next locations. The user tends to stay longer at certain places, which reinforces the likelihood of returning to familiar locations."
1,17,"[17, 10, 1, 4, 18, 34, 39, 38, 5, 3]","The user has a strong pattern of visiting place_id 17 frequently across various days and times, especially on weekends. Recent context shows continued visits to place_id 17 and other places like 1 and 4, indicating a preference for these locations. The user also has a notable history of visiting place_id 10 and 18, particularly on Mondays and weekends, suggesting these are likely candidates for the next visit."
1,17,"[17, 10, 4, 18, 34, 39, 1, 38, 5, 3]","The user has a strong pattern of visiting place_id 17 frequently, especially on weekends and during the morning hours. Recent context shows continued visits to place_id 17, indicating a high likelihood of returning there. Place_id 10 and 4 are also visited regularly, particularly on Tuesdays and weekends, suggesting they are likely candidates as well. Place_id 18 appears in the user's history and context, indicating potential interest. Other places like 34 and 39 have been visited but less frequently, making them less likely but still possible options."
1,10,"[17, 10, 4, 18, 34, 39, 1, 38, 5, 3]","The user has a strong pattern of visiting place_id 17 frequently, especially on weekends and Mondays, as seen in both history and context. Place_id 10 is also visited regularly, particularly on Tuesdays and Mondays. Place_id 4 appears in the context and has been visited recently, indicating potential interest. Place_id 18 is visited on multiple occasions, especially on weekends. The other place_ids are less frequent but still relevant based on the user's activity pattern."
1,17,"[17, 10, 4, 18, 34, 39, 1, 38, 5, 3]","The user has a strong pattern of visiting place_id 17 frequently across various days and times, especially on Tuesdays and Sundays. Recent context shows continued visits to place_id 17 and a new visit to place_id 4, indicating a potential shift or addition to their routine. Place_id 10 and 18 are also frequently visited, particularly on Mondays. The user seems to prefer certain places during specific times, which supports the prediction of these places as the next likely destination."
1,54,"[17, 10, 18, 34, 4, 39, 1, 38, 5, 3]","The user has a strong pattern of visiting place_id 17 frequently, especially on Tuesdays and Sundays, indicating a preference for this location. Recent context shows continued visits to place_id 17, reinforcing its likelihood as the next destination. Place_id 10 and 18 are also frequently visited, particularly on Mondays, making them strong candidates. Other places like 34 and 4 have been visited recently, suggesting they could be potential next stops as well."
1,17,"[17, 10, 18, 34, 54, 1, 39, 38, 4, 5]","The user has a strong pattern of visiting place_id 17, especially on Tuesdays and Mondays, with multiple long stays. Recent context shows continued activity at place_id 17 on Sunday and Monday, indicating a preference for this location. Place_id 10 and 18 are also frequently visited, particularly on Mondays and Tuesdays, suggesting they are likely candidates for the next visit. Place_id 34 and 54 have been visited recently, which may indicate a shift in preference. The user has a diverse pattern but tends to return to familiar places."
1,17,"[17, 10, 54, 18, 34, 39, 1, 38, 4, 5]","The user has a strong pattern of visiting place_id 17, especially on Tuesdays and Mondays, with multiple long stays. Recent context shows continued visits to place_id 17, indicating a high likelihood of returning there. Place_id 10 is also frequently visited, particularly in the evenings. Place_id 54 appears in the context, suggesting a potential new interest. Other places like 18 and 34 have been visited multiple times, making them likely candidates as well."
1,1,"[17, 10, 18, 4, 34, 54, 39, 1, 38, 5]","The user has a strong pattern of visiting place_id 17 on multiple occasions, especially on Tuesdays and Wednesdays, indicating a preference for this location. Recent context shows continued visits to place_id 10 and 17, suggesting they are likely to return to these places. Place_id 18 also appears frequently in the history, particularly on Mondays and Saturdays, making it a probable next location. The user has also shown interest in place_id 4 and 34, which were visited recently, and place_id 54 is a new context location that could be of interest. Overall, the predictions are based on the frequency and timing of past visits, as well as recent activities."
1,10,"[17, 10, 18, 1, 34, 54, 39, 38, 4, 5]","The user has a strong pattern of visiting place_id 17 frequently, especially on Tuesdays and Wednesdays, which aligns with the recent context stays. Place_id 10 and 18 are also visited regularly, particularly in the evenings. The context shows a recent visit to place_id 17, reinforcing its likelihood. Place_id 1 and 34 have been visited recently as well, indicating potential interest. Other places like 54, 39, 38, 4, and 5 are less frequent but still possible based on the user's varied activity."
1,17,"[17, 10, 1, 4, 54, 18, 39, 34, 38, 5]","The user has a strong pattern of visiting place_id 17 on Tuesdays, especially in the morning and early afternoon, as seen in both history and context. Place_id 10 is also frequently visited, particularly in the evenings. Place_id 1 and 4 have recent context visits, indicating potential interest. Other places like 54, 18, and 39 have been visited recently, suggesting they could be relevant for the next location."
1,10,"[17, 10, 1, 4, 18, 34, 39, 38, 5, 3]","The user has a strong pattern of visiting place_id 17, especially on Tuesdays, with multiple visits throughout the day. The recent context also shows visits to place_id 17, reinforcing its likelihood. Place_id 10 is frequently visited in the evenings and mornings, making it a strong candidate as well. Place_id 1 and 4 have been visited recently, indicating potential for future visits. Other places like 18, 34, 39, 38, 5, and 3 have less frequent but notable visits, suggesting they could also be considered."
1,17,"[17, 10, 1, 4, 18, 39, 34, 38, 5, 3]","The user has a strong pattern of visiting place_id 17 on Tuesdays, especially in the morning and afternoon, as seen in both history and context. Place_id 10 is also frequently visited, particularly in the evening. Place_id 1 and 4 have recent context visits, indicating potential interest. Place_id 18 and 39 are visited on multiple occasions, suggesting they are also likely candidates. The user has a diverse range of places they frequent, but the strong recent activity at place_id 17 makes it the most probable next location."
1,17,"[17, 10, 1, 18, 34, 39, 4, 38, 5, 3]","The user has a strong pattern of visiting place 17 on Tuesdays, especially during the morning and afternoon, as seen in both history and context. Place 10 is frequently visited in the evenings and has recent context visits. Place 1 is noted for a long stay on Friday, suggesting it may be a weekend destination. Place 18 is also visited regularly in the evenings. The other places have less frequent visits but are still relevant based on the user's activity patterns."
1,10,"[17, 10, 18, 4, 34, 39, 1, 38, 5, 3]","The user has a strong pattern of visiting place 17 frequently, especially on Tuesdays and Wednesdays, with multiple long stays. Place 10 is also visited often, particularly in the evenings. The recent context shows continued activity at places 10 and 17, reinforcing their likelihood. Place 18 has been visited on multiple occasions, especially on Mondays and Saturdays, making it a probable next location. Other places like 4 and 34 have also seen visits, but less frequently, thus they rank lower."
1,17,"[17, 10, 18, 34, 1, 39, 4, 38, 5, 6]","The user has a strong pattern of visiting place_id 17, especially on Tuesdays and Wednesdays, as seen in both history and context. Place_id 10 is also frequently visited, particularly in the evenings. Place_id 18 appears regularly on weekdays, while place_id 34 and 1 are visited during specific times. The context shows recent visits to place_id 17 and 10, reinforcing their likelihood. Other places like 39, 4, 38, 5, and 6 have less frequent but notable visits, making them potential candidates."
1,1,"[17, 10, 18, 4, 34, 39, 1, 38, 5, 3]","The user has a strong pattern of visiting place_id 17, especially on Tuesdays and Wednesdays, with multiple long stays. Recent context shows continued visits to place_id 10 and 17, indicating a preference for these locations. Place_id 18 also appears frequently in the history, particularly on Mondays and Wednesdays. The user has shown some activity at place_id 4 and 34, suggesting they may also be potential next locations. Overall, the predictions are based on the frequency and timing of past visits."
1,1,"[17, 10, 18, 1, 34, 39, 4, 38, 5, 3]","The user has a strong pattern of visiting place_id 17, especially on weekdays and mornings, as seen in both history and context. Place_id 10 is frequently visited in the evenings and has recent context visits. Place_id 18 is also visited regularly in the evenings. Place_id 1 has a recent context visit, indicating potential interest. Other places like 34 and 39 have been visited multiple times, suggesting they could be likely next stops."
1,1,"[17, 10, 1, 18, 4, 39, 34, 38, 5, 3]","The user has a strong pattern of visiting place 17, especially on Tuesdays and Thursdays, with multiple long stays. Recent context shows continued visits to place 17 and place 10, indicating a preference for these locations. Place 1 is also noted in the context, suggesting a potential new interest. The user frequently visits places 18 and 4, which are also likely candidates based on their historical activity."
1,1,"[17, 10, 1, 18, 4, 39, 34, 38, 5, 3]","The user has a strong pattern of visiting place_id 17, especially on Tuesdays and Thursdays, with multiple long stays. Recent context shows continued visits to place_id 10 and 1, indicating they are also likely candidates. Place_id 18 has been visited frequently on Mondays and Saturdays, while place_id 4 has been visited recently on Tuesday mornings. The user has shown a diverse pattern, but the most consistent visits are to place_id 17, followed by 10 and 1."
1,1,"[17, 10, 1, 18, 34, 39, 4, 38, 5, 3]","The user has a strong pattern of visiting place_id 17, especially on Tuesdays and Thursdays, with multiple long stays. Recent context also shows visits to place_id 1, indicating a potential shift or new interest. Place_id 10 and 18 are also frequently visited, particularly on Mondays and Wednesdays. The user seems to have a routine that includes these places, suggesting they are likely candidates for the next visit."
1,1,"[17, 10, 1, 18, 34, 39, 4, 38, 5, 3]","The user has a strong pattern of visiting place_id 17 frequently, especially on Tuesdays and Thursdays, and has also visited place_id 1 recently in the context. Place_id 10 and 18 are also common in the user's history, indicating a likelihood of returning to these places. The recent context shows continued activity at place_id 1, suggesting it may be a preferred location. Other places like 34 and 39 have been visited multiple times, making them potential candidates as well."
1,1,"[1, 17, 10, 18, 34, 39, 4, 38, 5, 2]","The user has a strong pattern of visiting place_id 17 on multiple occasions, especially on Tuesdays and Wednesdays, indicating a preference for this location. The recent context shows continued visits to place_id 1, suggesting it may also be a frequent stop. The user has also shown interest in place_id 10 and 18, particularly on Mondays and Saturdays. The ranking reflects the frequency and recency of visits to these places."
1,1,"[1, 17, 10, 18, 34, 4, 39, 38, 5, 2]","The user has a strong pattern of visiting place_id 17 on multiple occasions, especially on Tuesdays and Wednesdays, indicating a preference for this location. The recent context shows continued visits to place_id 1, suggesting it is also a likely next destination. The user frequently visits places 10 and 18, particularly on Mondays and Tuesdays, which further supports their likelihood. The other places have been visited recently or have a history of being visited, making them potential candidates as well."
1,1,"[1, 17, 10, 18, 34, 4, 39, 38, 5, 2]","The user has a strong pattern of visiting place_id 17 on multiple occasions, especially on Tuesdays and Wednesdays, indicating a preference for this location. The recent context shows the user has also spent significant time at place_id 1, suggesting a continued interest in this location. Other places like 10 and 18 have also been visited frequently, particularly on Mondays and Saturdays, which aligns with the user's activity pattern. The predictions are ranked based on the frequency and recency of visits."
1,1,"[17, 10, 1, 18, 34, 39, 4, 38, 5, 3]","The user has a strong pattern of visiting place_id 17 frequently across various days and times, especially on Tuesdays and Wednesdays. Recent context shows continued activity at place_id 1, indicating a potential shift or interest in that location. Place_id 10 and 18 are also recurrent in the user's history, suggesting they are likely candidates for the next visit. The other places are included based on less frequent but notable visits."
1,1,"[1, 17, 10, 18, 34, 4, 39, 38, 5, 2]","The user has a strong pattern of visiting place_id 17 frequently, especially on Tuesdays and Wednesdays, indicating a preference for this location. The recent context also shows multiple visits to place_id 1, suggesting it may be a current focus. Place_id 10 and 18 are also visited regularly, particularly on Mondays and weekends, making them likely candidates. The user has shown varied activity across different days, but the consistency in visiting certain places during specific times supports these predictions."
1,1,"[1, 17, 10, 18, 34, 39, 4, 38, 5, 2]","The user has a strong pattern of visiting place_id 17 on multiple occasions, especially on Tuesdays and Wednesdays, indicating a preference for this location. The recent context shows visits to place_id 1, which is also a frequent location in the user's history, suggesting a likelihood of returning there. Additionally, place_id 10 and 18 have been visited frequently on Mondays and Saturdays, respectively, making them probable next locations. The user also has a history of visiting place_id 34 and 39, which were visited recently, further supporting their potential as next locations."
1,1,"[1, 17, 10, 18, 34, 39, 4, 38, 5, 2]","The user has a strong pattern of visiting place_id 17 frequently, especially on Tuesdays and Wednesdays, and has recently visited place_id 1 multiple times on Saturday and Sunday. The context shows continued activity at place_id 1, indicating a preference for this location. Other places like 10 and 18 are also visited regularly, particularly on weekdays. The user tends to visit places in the morning and late evening, which aligns with the recent context stays."
1,1,"[1, 17, 10, 18, 34, 39, 4, 38, 5, 2]","The user has a strong pattern of visiting place_id 17 frequently, especially on Tuesdays and Wednesdays, and has recently visited place_id 1 multiple times on Sunday, indicating a preference for this location. The other places have also been visited during the week, suggesting they are likely candidates for the next visit."
1,10,"[1, 17, 10, 18, 34, 39, 4, 38, 5, 2]","The user has a strong pattern of visiting place_id 17 frequently, especially on Tuesdays and Wednesdays, and has also recently visited place_id 1 multiple times on Sunday. The context shows continued activity at place_id 1, indicating a preference for this location. Other places like 10 and 18 are also visited regularly, particularly on Mondays and Tuesdays, suggesting they are likely candidates for the next visit."
1,17,"[17, 10, 1, 18, 34, 39, 4, 38, 5, 3]","The user has a strong pattern of visiting place_id 17, especially on Tuesdays and Sundays, with multiple long stays. Recent context shows visits to place_id 1, indicating a preference for this location as well. Place_id 10 is frequently visited on Mondays and Tuesdays, suggesting it may be a regular stop. Place_id 18 is also visited often in the evenings, while place_id 34 appears on Mondays, indicating potential for a visit. The other places have less frequent but notable visits, making them plausible options."
1,10,"[17, 10, 1, 18, 34, 39, 4, 38, 5, 3]","The user has a strong pattern of visiting place_id 17, especially on Tuesdays and Wednesdays, and has recently visited it again on Monday. Place_id 10 is frequently visited in the evenings and mornings, while place_id 1 has been visited recently in the context. Place_id 18 is also a common location for the user, particularly on Mondays. The other places are ranked based on their historical frequency and recent context visits."
1,10,"[17, 10, 1, 18, 4, 34, 39, 38, 5, 3]","The user has a strong pattern of visiting place_id 17, especially on Tuesdays and Wednesdays, and has also recently visited it in the context data. Place_id 10 is frequently visited in the mornings and evenings, and has recent context visits as well. Place_id 1 is noted for a long stay on Friday and a recent visit on Sunday, making it a likely candidate. Place_id 18 is visited regularly in the evenings, while place_id 4 has been visited in the mornings. The other places have less frequent visits but are still relevant based on the user's activity pattern."
1,10,"[17, 10, 1, 18, 34, 39, 4, 38, 5, 6]","The user has a strong pattern of visiting place_id 17, especially on Tuesdays and Wednesdays, and has also recently visited place_id 10 multiple times on Mondays. The context shows recent visits to place_id 1, which suggests a potential interest in that location. The user frequently visits place_id 18 and has a history of visiting place_id 34 and 39, indicating they are also likely candidates. The overall activity pattern suggests a preference for these places, particularly on Mondays and Tuesdays."
1,17,"[17, 10, 18, 4, 1, 39, 34, 38, 5, 3]","The user has a strong pattern of visiting place_id 17, especially on Tuesdays and Wednesdays, and has also recently visited place_id 10 multiple times on Monday. The context shows continued activity at place_id 10, indicating a preference for this location. Place_id 18 is frequently visited in the evenings, while place_id 4 and 1 have been visited during the mornings. The user has a diverse set of places they frequent, but the recent context suggests a likelihood of returning to places they have been to recently."
1,1,"[17, 10, 18, 34, 1, 39, 4, 38, 5, 6]","The user has a strong pattern of visiting place 17 frequently, especially on Tuesdays and Mondays, as seen in both history and context. Place 10 is also visited multiple times, particularly in the evenings. Place 18 is visited on Mondays and Saturdays, indicating a preference for these days. The context shows recent visits to places 17 and 10, reinforcing their likelihood. Other places like 34 and 1 have been visited on Mondays and Fridays, respectively, suggesting they could be potential next locations as well."
1,17,"[10, 17, 1, 18, 34, 4, 39, 38, 5, 3]","The user has a strong pattern of visiting place_id 10 and 17 frequently, especially on Mondays and Tuesdays. Recent context shows continued visits to place_id 10, indicating a high likelihood of returning there. Place_id 1 has also been visited recently, suggesting it may be a potential next stop. The user tends to visit places in the evening, which aligns with the recent context stays."
1,10,"[17, 10, 1, 18, 4, 39, 34, 38, 5, 3]","The user has a strong pattern of visiting place_id 17 on multiple occasions, especially on Tuesdays and Wednesdays, indicating a preference for this location. Recent context shows visits to place_id 10 and 17, reinforcing their likelihood. Place_id 1 is also visited recently, suggesting it could be a potential next stop. The user frequently visits places 18 and 4, particularly on weekdays, which may also influence their next location choice."
1,17,"[17, 10, 1, 18, 4, 39, 34, 38, 5, 3]","The user has a strong pattern of visiting place 17 frequently, especially on Tuesdays and Wednesdays, as seen in both history and context. Place 10 is also visited often, particularly in the evenings. Place 1 was visited recently in the context, indicating potential interest. Place 18 appears multiple times in the history, suggesting it is a common destination. Other places like 4 and 39 have been visited recently, which may indicate a shift in preference. The ranking reflects the frequency and recency of visits."
1,10,"[17, 10, 1, 4, 18, 39, 34, 38, 5, 3]","The user has a strong pattern of visiting place_id 17 frequently, especially on Tuesdays, which is supported by recent context stays. Place_id 10 is also visited multiple times, particularly in the evenings. Place_id 1 and 4 have been visited recently, indicating potential for return. Place_id 18 and 39 show some activity, while 34 and 38 have been visited less frequently but still hold potential. The user's activity suggests a preference for certain places on specific days, particularly on Tuesdays."
1,17,"[17, 10, 1, 18, 34, 39, 4, 38, 5, 3]","The user has a strong pattern of visiting place_id 17 on Tuesdays, especially during the morning and afternoon, as seen in both history and context. Place_id 10 is also frequently visited, particularly in the evenings and mornings. Place_id 1 is noted for a recent visit in the context, indicating potential for another visit. Place_id 18 has been visited multiple times in the evenings, suggesting it may be a preferred location. Other places like 34 and 39 have also been visited recently, making them likely candidates for the next visit."
1,10,"[17, 10, 18, 4, 34, 39, 1, 38, 5, 3]","The user has a strong pattern of visiting place_id 17, especially on Tuesdays and Wednesdays, with multiple long stays. Recent context also shows visits to place_id 17, reinforcing its likelihood. Place_id 10 is frequently visited in the evenings and has recent context visits, making it a strong candidate. Place_id 18 is visited on multiple days, particularly in the evenings, and has a recent context visit. Place_id 4 has been visited recently and is associated with morning activities. Other places like 34 and 39 have historical significance but less recent context, while 1, 38, 5, and 3 are less frequent but still possible based on historical patterns."
1,1,"[17, 10, 18, 4, 1, 39, 34, 38, 5, 3]","The user has a strong pattern of visiting place 17, especially on Tuesdays and Wednesdays, with multiple long stays. Recent context shows continued activity at places 10 and 17, indicating a preference for these locations. Place 18 is also frequently visited, particularly on Mondays and Wednesdays. The user has shown some activity at places 4 and 1, suggesting they may also be potential next locations. The ranking reflects the frequency and recency of visits to these places."
1,1,"[17, 10, 18, 1, 34, 39, 4, 38, 5, 6]","The user has a strong pattern of visiting place 17 frequently, especially on Tuesdays and Wednesdays, as seen in both history and context. Place 10 is also visited often, particularly in the evenings. Place 18 is noted for evening visits on multiple days. The context shows recent visits to places 17 and 10, reinforcing their likelihood. Other places like 1 and 34 have been visited recently, suggesting they could also be potential next locations."
1,1,"[17, 10, 1, 18, 34, 39, 4, 38, 5, 6]","The user has a strong pattern of visiting place_id 17, especially on Tuesdays and Wednesdays, with multiple long stays. Recent context shows continued visits to place_id 10 and 17, indicating a preference for these locations. Place_id 1 and 18 are also noted in the history, suggesting they are likely candidates. The user has shown varied activity across different days, but the consistency in visiting certain places during specific times strengthens the prediction for these IDs."
1,1,"[17, 10, 1, 18, 34, 39, 4, 38, 5, 3]","The user has a strong pattern of visiting place_id 17, especially on Tuesdays and Wednesdays, with multiple long stays. Recent context shows continued visits to place_id 17 and 10, indicating these are likely next destinations. Place_id 1 is also noted in recent context, suggesting a potential visit. The user frequently visits place_id 18 and has shown interest in place_id 34 and 39, making them likely candidates as well."
1,17,"[17, 10, 1, 18, 34, 39, 4, 38, 5, 3]","The user has a strong pattern of visiting place_id 17, especially on Tuesdays and Thursdays, with multiple long stays. Recent context shows a visit to place_id 10, which is also frequently visited. Place_id 1 has been visited recently in the context, indicating a potential shift. Place_id 18 and 34 are also common in the user's history, suggesting they may be likely next stops. The user has shown varied activity across different places, but the most consistent ones are prioritized."
1,1,"[17, 10, 1, 18, 34, 39, 4, 38, 5, 3]","The user has a strong pattern of visiting place_id 17, especially on Tuesdays and Thursdays, with multiple long stays. Recent context shows continued activity at place_id 1, suggesting a possible shift or additional interest. Place_id 10 and 18 are also frequently visited, particularly on Mondays and Wednesdays. The user tends to visit places in the early morning and late evening, indicating a preference for certain times. The ranking reflects both historical frequency and recent context activity."
1,17,"[17, 1, 10, 18, 34, 39, 4, 38, 5, 3]","The user has a strong pattern of visiting place_id 17 frequently, especially on Tuesdays and Thursdays, indicating a preference for this location. Recent context stays also show a visit to place_id 1, which has been visited multiple times in the past, suggesting it could be a potential next location. Place_id 10 and 18 are also common in the user's history, particularly on Mondays and Wednesdays. The other place_ids are included based on their historical frequency and recent context relevance."
1,10,"[17, 1, 10, 18, 34, 39, 4, 38, 5, 3]","The user has a strong pattern of visiting place_id 17 frequently, especially on Tuesdays and Thursdays, indicating a preference for this location. Recent context shows visits to place_id 1, suggesting a potential shift or additional interest. Place_id 10 and 18 are also visited regularly, particularly on Mondays and Wednesdays. The user has shown varied activity across different days, but the consistent visits to place_id 17 and the recent context suggest it remains the most likely next location."
1,1,"[17, 10, 1, 18, 34, 39, 4, 38, 5, 3]","The user has a strong pattern of visiting place_id 17, especially on weekdays and during morning hours. Recent context shows visits to place_id 1 and 17, indicating a likelihood of returning to these places. Place_id 10 is also frequently visited in the evenings. The user has shown a preference for place_id 18 and 34 on multiple occasions, suggesting they are also likely candidates for the next visit."
1,17,"[17, 10, 1, 18, 34, 39, 4, 38, 5, 3]","The user has a strong pattern of visiting place_id 17 frequently, especially on Tuesdays and Fridays, indicating a preference for this location. The context shows recent visits to place_id 17 and 1, suggesting they are likely to continue visiting these places. Place_id 10 also appears frequently in the history, particularly in the mornings and evenings, making it a probable next location. The user has shown varied activity across different days, but the consistency in visiting certain places, especially 17, drives the prediction."
1,17,"[17, 10, 1, 18, 34, 39, 4, 38, 5, 3]","The user has a strong pattern of visiting place_id 17, especially on Tuesdays and Fridays, indicating a preference for this location. Place_id 10 is frequently visited in the evenings and mornings, suggesting it may be a common stop. Place_id 1 has been visited recently in the context, indicating it could be a potential next stop. Place_id 18 is also visited often in the evenings, while place_id 34 has been visited on Mondays. The other places have less frequent visits but are still relevant based on the user's activity pattern."
1,1,"[17, 10, 1, 18, 34, 38, 39, 4, 5, 6]","The user has a strong pattern of visiting place_id 17 frequently, especially on weekdays and during morning hours. Recent context shows continued visits to place_id 17, indicating a high likelihood of returning there. Place_id 10 is also visited regularly, particularly in the evenings. Place_id 1 has been visited recently for a long duration, suggesting it may be a preferred location. Place_id 18 appears in the history and context, indicating potential for future visits. Other places like 34, 38, and 39 have been visited but less frequently, making them less likely but still possible options."
1,1,"[17, 10, 1, 18, 34, 38, 39, 4, 5, 6]","The user has a strong pattern of visiting place_id 17, especially on weekdays and mornings, as seen in both history and context. Place_id 10 is frequently visited in the evenings and weekends, while place_id 1 has recent visits on Friday. Place_id 18 is also notable for evening visits. The user shows a preference for places 34 and 38 on Mondays and Saturdays, and place 39 has been visited recently. Place 4 has been visited in the mornings, indicating potential for future visits."
