user_id,ground_truth,prediction,reason
3,42,"[17, 10, 18, 1, 34, 39, 4, 38, 5, 3]","The user has a strong pattern of visiting place 17 frequently, especially on Tuesdays and Thursdays, with multiple long stays. Recent context shows continued visits to place 10 and 17, indicating a preference for these locations. Place 18 is also visited regularly, particularly on Mondays and Saturdays. The user has shown some activity at place 1 and 34, suggesting they might be considered as potential next locations. The other places have less frequent visits but are still relevant based on the user's overall activity pattern."
3,1,"[17, 10, 1, 18, 4, 42, 39, 34, 38, 5]","The user has a strong pattern of visiting place_id 17, especially on Thursdays and during morning hours. Recent context shows continued activity at place_id 17, reinforcing its likelihood. Place_id 10 is also frequently visited, particularly in the evenings. Place_id 1 has been visited recently, indicating potential interest. Place_id 18 appears in the user's history and context, suggesting it may be a preferred location. Other places like 4, 42, 39, 34, and 38 have less frequent but notable visits, making them plausible options."
3,1,"[17, 10, 1, 18, 4, 39, 42, 34, 38, 5]","The user has a strong pattern of visiting place_id 17, especially on Tuesdays and Thursdays, with multiple long stays. Recent context shows continued visits to place_id 1 and 10, indicating they are also likely candidates. Place_id 18 has been visited frequently on Mondays and Wednesdays, while place_id 4 has been visited recently on Tuesday. The user has shown a diverse pattern, but the most consistent visits are to place_id 17, followed by 10 and 1."
3,1,"[17, 10, 1, 18, 4, 39, 42, 34, 38, 10]","The user has a strong pattern of visiting place_id 17, especially on Tuesdays and Thursdays, with multiple long stays. Recent context shows continued visits to place_id 17 and 10, indicating they are likely to return to these places. Place_id 1 is also visited frequently on Fridays, making it a probable next location. The user has shown a tendency to visit places 18, 4, and 39 as well, especially during the mornings and afternoons."
3,1,"[17, 10, 1, 18, 4, 34, 38, 39, 42, 10]","The user has a strong pattern of visiting place_id 17, especially on Tuesdays and Fridays, indicating a preference for this location. Place_id 10 is frequently visited in the evenings and has recent context stays, suggesting it is a likely next stop. Place_id 1 is also visited on Fridays, aligning with the recent context. Place_id 18 appears regularly in the evenings, while place_id 4 has been visited in the mornings. The other place_ids (34, 38, 39, 42) have less frequent but notable visits, making them potential candidates as well."
3,1,"[17, 1, 10, 18, 4, 42, 39, 34, 38, 10]","The user has a strong pattern of visiting place_id 17 frequently, especially on Tuesdays and Fridays, indicating a preference for this location. The recent context shows multiple visits to place_id 1 on Friday, suggesting a potential shift or additional interest in this location. Place_id 10 and 18 are also frequently visited, particularly on Mondays and Wednesdays, making them likely candidates. The user has shown varied activity across different days, but the consistent visits to place_id 17 and the recent context suggest it remains the most probable next location."
3,1,"[1, 17, 10, 18, 34, 4, 39, 38, 5, 2]","The user has a strong pattern of visiting place ID 1 on Fridays, as seen in the context data, with multiple recent stays there. Additionally, place ID 17 is frequently visited throughout the week, especially on Tuesdays and Wednesdays, indicating a high likelihood of return. Place IDs 10 and 18 are also recurrently visited, particularly on Mondays and Tuesdays. The user has shown a preference for these places, suggesting they are likely candidates for the next visit."
3,1,"[1, 17, 10, 18, 34, 4, 39, 38, 5, 2]","The user has a strong pattern of visiting place_id 17 on multiple occasions, especially on Tuesdays and Wednesdays, indicating a preference for this location. The recent context shows continued visits to place_id 1, suggesting it is currently relevant. The user also frequently visits place_id 10 and 18, particularly on Mondays and weekends. The predictions are based on the frequency and recency of visits to these places."
3,17,"[1, 17, 10, 18, 34, 4, 39, 38, 5, 2]","The user has a strong pattern of visiting place_id 17 on multiple occasions, especially on Tuesdays and Wednesdays, indicating a preference for this location. The recent context shows visits to place_id 1, which is also a frequent location for the user, suggesting a likelihood of returning there. Place_id 10 and 18 are also visited regularly, particularly on Mondays and Tuesdays, making them probable next locations. The user has shown varied activity across different days, but the consistent visits to these places suggest they are the most likely next destinations."
3,17,"[1, 17, 10, 18, 34, 39, 4, 38, 5, 2]","The user has a strong pattern of visiting place 17 frequently, especially on weekdays, and has recently visited place 1 multiple times, indicating a preference for it. The context shows a recent long stay at place 1, suggesting a continued interest. Place 10 and 18 are also frequently visited, particularly on Mondays and weekends, making them likely candidates. The user has shown varied activity across different places, but the recent context favors places 1 and 17 as the most probable next locations."
3,10,"[17, 1, 10, 18, 34, 39, 4, 38, 5, 3]","The user has a strong pattern of visiting place_id 17 frequently, especially on weekends and during morning hours. Recent context shows continued visits to place_id 1, indicating a possible shift or addition to their routine. Place_id 10 and 18 are also common in their history, particularly in the evenings. The user tends to visit places in the morning and late evening, which aligns with the predicted places."
3,22,"[17, 10, 1, 18, 34, 39, 4, 38, 5, 3]","The user has a strong pattern of visiting place_id 17 frequently, especially on weekends and during the morning hours. Recent context shows continued visits to place_id 1 and 10, indicating they are also likely candidates. Place_id 18 has been visited in the evenings, and the user has shown a tendency to return to familiar places, making these the most probable next locations."
3,17,"[17, 10, 1, 18, 34, 22, 39, 4, 38, 11]","The user has a strong pattern of visiting place_id 17, especially on Tuesdays and weekends, indicating a preference for this location. Recent context shows continued visits to place_id 1 and 10, suggesting they are also likely candidates. Place_id 18 has been visited frequently on weekdays, while 34 and 22 have seen recent activity, making them probable next locations. The user has a diverse set of places they frequent, but the historical data heavily favors place_id 17."
3,4,"[17, 10, 18, 22, 34, 39, 4, 38, 1, 5]","The user has a strong pattern of visiting place_id 17 frequently, especially on weekends and Mondays, as seen in both history and context. Place_id 10 is also visited often, particularly in the evenings. Place_id 18 appears regularly on weekdays, while place_id 22 was recently visited on Monday. The other places have less frequent visits but are still relevant based on the user's activity pattern."
3,4,"[17, 10, 4, 22, 18, 34, 39, 38, 1, 686]","The user has a strong pattern of visiting place_id 17 frequently, especially on Tuesdays and Mondays, indicating a high likelihood of returning there. Place_id 10 is also visited regularly, particularly in the evenings. The context shows recent visits to place_id 17 and 10, reinforcing their likelihood. Place_id 4 and 22 have been visited recently as well, suggesting they could be potential next locations. Other places like 18, 34, 39, 38, and 1 have less frequent but notable visits, making them plausible options."
3,17,"[17, 10, 4, 22, 18, 34, 39, 38, 1, 11]","The user has a strong pattern of visiting place_id 17 frequently, especially on Mondays and Tuesdays, and has also visited place_id 10 multiple times. Recent context shows visits to place_id 10 and 17, indicating a preference for these locations. Place_id 4 and 22 are also noted in recent context, suggesting potential interest. The user has a consistent pattern of visiting places during specific times, particularly on Mondays, which influences the predictions."
3,1,"[17, 10, 4, 22, 18, 34, 39, 1, 38, 11]","The user has a strong pattern of visiting place_id 17 frequently, especially on Tuesdays and Mondays, indicating a preference for this location. Recent context shows visits to place_id 17 and 4, suggesting they are likely to continue visiting these places. Place_id 10 and 18 are also common in their history, making them probable next locations. The user has shown varied activity across different days, but the consistency in visiting certain places, particularly 17, drives the prediction."
3,10,"[17, 4, 10, 1, 18, 39, 34, 38, 5, 3]","The user has a strong pattern of visiting place 17 frequently, especially on Mondays and Tuesdays, as seen in both history and context. Place 4 and 10 are also visited multiple times, particularly on Mondays. The context shows recent visits to places 4 and 17, indicating a preference for these locations. Place 1 is noted for a long stay on Friday, suggesting it may be a weekend destination. Other places like 18 and 39 have been visited recently, making them likely candidates as well."
3,43,"[17, 10, 4, 1, 18, 34, 39, 38, 5, 3]","The user has a strong pattern of visiting place_id 17, especially on Tuesdays and Wednesdays, with multiple long stays. Recent context shows visits to place_id 4 and 1, indicating potential interest in these locations. Place_id 10 and 18 are also frequently visited, particularly on Mondays. The user's activity suggests a preference for these places, especially during the early afternoon on Mondays."
3,10,"[17, 10, 4, 1, 18, 39, 34, 38, 43, 5]","The user has a strong pattern of visiting place_id 17, especially on Tuesdays and Wednesdays, with multiple long stays. Recent context shows visits to place_id 4 and 1, indicating potential interest in these locations. Place_id 10 is also frequently visited, particularly in the evenings. The user has shown a preference for places 18 and 39 on various days, suggesting they are likely candidates for the next visit. The context data reinforces the likelihood of visiting place_id 4 and 1 again soon."
3,1,"[17, 10, 1, 4, 18, 39, 43, 34, 38, 5]","The user has a strong pattern of visiting place_id 17, especially on Tuesdays and Wednesdays, with multiple long stays. Recent context shows a visit to place_id 17 on Monday, reinforcing its likelihood. Place_id 10 is also frequently visited, particularly in the mornings and evenings, making it a strong candidate. Place_id 1 and 4 have been visited recently, indicating potential for return. Place_id 18 and 39 have been visited multiple times, suggesting they are also likely options. Place_id 43 was visited recently, adding to its probability, while place_id 34 and 38 have shown some activity, making them possible choices as well."
3,10,"[17, 10, 1, 18, 34, 43, 39, 38, 4, 5]","The user has a strong pattern of visiting place_id 17 frequently, especially on Tuesdays and Wednesdays, indicating a preference for this location. Recent context shows visits to place_id 10 and 1, suggesting they are also likely candidates. Place_id 18 has been visited multiple times on Mondays and Wednesdays, making it a probable choice as well. The user has also shown interest in place_id 34 and 43 recently, which could indicate a shift in their routine. Overall, the predictions are based on historical frequency and recent context."
3,17,"[17, 10, 4, 1, 18, 38, 39, 43, 34, 10]","The user has a strong pattern of visiting place 17 frequently, especially on Tuesdays, which is supported by recent context stays. Place 10 is also visited multiple times, particularly in the mornings. Place 4 and 1 have been visited recently, indicating potential interest. Place 18 appears in the history as well, suggesting it could be a common destination. The other places have less frequent visits but are still relevant based on the user's activity pattern."
3,10,"[17, 10, 1, 4, 18, 38, 43, 39, 34, 10]","The user has a strong pattern of visiting place_id 17, especially on Tuesdays and Wednesdays, with multiple long stays. Recent context shows visits to place_id 10 and 1, indicating they are also likely candidates. The user frequently visits place_id 4 and 18, particularly in the mornings and evenings. Place_id 38 and 43 are less frequent but have been visited recently, making them potential options. Overall, the predictions are based on the frequency and timing of past visits."
3,9,"[17, 10, 1, 4, 18, 34, 39, 38, 5, 3]","The user has a strong pattern of visiting place_id 17 on Tuesdays, especially in the morning and afternoon, as seen in both history and context. Place_id 10 is also frequently visited, particularly in the mornings and evenings. Place_id 1 and 4 have recent context visits, indicating potential interest. Place_id 18 is visited in the evenings, while 34 and 39 have been visited multiple times, suggesting they are also likely candidates. The user tends to stay longer at certain places, which reinforces the likelihood of returning to these locations."
3,1,"[17, 10, 1, 18, 4, 34, 39, 38, 9, 5]","The user has a strong pattern of visiting place_id 17 on Tuesdays, especially in the morning and afternoon, as seen in both history and context. Place_id 10 is frequently visited in the mornings and evenings, while place_id 1 has recent context visits. Place_id 18 is also visited in the evenings, and place_id 4 has been visited in the mornings. The user shows a preference for these places, particularly on Tuesdays and Wednesdays."
3,1,"[17, 10, 18, 1, 34, 4, 9, 38, 39, 10]","The user has a strong pattern of visiting place_id 17 on multiple occasions, especially on Tuesdays and Wednesdays, indicating a preference for this location. Recent context shows continued visits to place_id 10 and 17, suggesting these are likely next stops. Place_id 18 also appears frequently in the history, particularly on Mondays and Wednesdays, making it a probable choice. Place_id 1 has been visited recently, and the user has shown interest in place_id 34 and 4, which are also included in the predictions. The presence of place_id 9 in the context indicates a potential new interest."
3,1,"[17, 10, 18, 1, 4, 34, 9, 38, 39, 5]","The user has a strong pattern of visiting place_id 17, especially on Tuesdays and Wednesdays, with multiple long stays. Recent context also shows a visit to place_id 17, indicating continued interest. Place_id 10 and 18 are also frequently visited, particularly in the evenings. Place_id 1 and 4 have been visited recently, suggesting they may be relevant for the next visit. Other places like 34, 9, 38, and 39 have less frequent but notable visits, making them potential candidates."
3,1,"[17, 10, 1, 18, 4, 34, 38, 39, 9, 5]","The user has a strong pattern of visiting place_id 17 on multiple occasions, especially on Tuesdays and Wednesdays, indicating a preference for this location. The recent context shows visits to place_id 10 and 1, suggesting they are also likely candidates. The user frequently visits place_id 18 and has shown some activity at place_id 4, which further supports their likelihood. The ranking reflects the frequency and recency of visits to these places."
3,1,"[17, 10, 1, 18, 4, 34, 38, 9, 39, 5]","The user has a strong pattern of visiting place_id 17, especially on Tuesdays and Wednesdays, with multiple long stays. Recent context shows visits to place_id 1, which is also frequently visited in the history, indicating a potential shift or additional interest. Place_id 10 and 18 are also recurrent in the history, suggesting they are likely candidates for the next visit. The user has shown varied activity across different days, but the consistent visits to place_id 17 and the recent context suggest it remains the most probable next location."
3,1,"[1, 17, 10, 18, 34, 4, 39, 38, 5, 2]","The user has a strong pattern of visiting place_id 17 on multiple occasions, especially on Tuesdays and Wednesdays, indicating a preference for this location. The recent context also shows multiple stays at place_id 1, suggesting a potential shift or additional interest in this location. Place_id 10 and 18 are also frequently visited, particularly on Mondays and Wednesdays, which aligns with the user's activity pattern. The other places listed have less frequent but notable visits, making them plausible options for the next location."
3,44,"[1, 17, 10, 18, 34, 4, 39, 38, 5, 2]","The user has a strong pattern of visiting place_id 17 on multiple occasions, especially on Tuesdays and Wednesdays, indicating a preference for this location. The recent context shows multiple stays at place_id 1, suggesting a potential shift or additional interest in this location. Other places like 10 and 18 have also been visited frequently, particularly on weekdays, which aligns with the user's activity pattern. The prediction considers both historical preferences and recent context stays."
3,1,"[17, 1, 10, 18, 34, 39, 4, 38, 44, 10]","The user has a strong pattern of visiting place_id 17 frequently, especially on Tuesdays and Thursdays, indicating a preference for this location. Recent context shows a visit to place_id 1, which may suggest a shift in preference or a new routine. Place_id 10 and 18 are also visited regularly, particularly on Mondays and Wednesdays. The user has shown varied activity across different places, but the consistent visits to place_id 17 and the recent context suggest it remains a top candidate for the next location."
3,20,"[17, 10, 1, 18, 4, 39, 34, 38, 44, 5]","The user has a strong pattern of visiting place_id 17, especially on Tuesdays and Thursdays, with multiple long stays. Recent context shows visits to place_id 1, which is also frequently visited in the history. Place_id 10 and 18 are also common in the user's history, particularly on Mondays and Tuesdays. The user has shown a tendency to visit places early in the morning and late at night, which aligns with the context stays. Other places like 4, 39, 34, 38, and 44 are less frequent but still relevant based on the user's overall activity pattern."
3,19,"[17, 10, 1, 18, 4, 20, 39, 34, 38, 44]","The user has a strong pattern of visiting place_id 17, especially on Tuesdays and Thursdays, with multiple long stays. Recent context shows visits to place_id 1 and 44, indicating potential interest in these locations. Place_id 10 and 18 are also frequently visited, particularly on Mondays and Wednesdays. The user has shown varied activity across different days, suggesting a preference for diverse locations, but the historical data strongly favors place_id 17 as the most likely next destination."
3,18,"[17, 10, 1, 18, 4, 20, 19, 34, 38, 39]","The user has a strong pattern of visiting place_id 17, especially on Tuesdays and Thursdays, with multiple long stays. Recent context shows visits to place_id 1 and 44, indicating potential interest in these locations. Place_id 10 and 18 are also frequently visited, particularly on Mondays and Wednesdays. The user has shown varied activity across different days, suggesting a preference for diverse locations, which is reflected in the predictions."
3,30,"[17, 10, 18, 1, 44, 20, 19, 38, 34, 4]","The user has a strong pattern of visiting place_id 17 frequently, especially on Tuesdays and Thursdays, indicating a preference for this location. Recent context stays also show visits to place_id 1 and 44, suggesting they are likely candidates for the next visit. Place_id 10 and 18 are also recurrent in the user's history, particularly on Mondays and weekends, making them probable choices. The user has shown varied activity across different days, but the consistent visits to certain places suggest a preference that can be leveraged for predictions."
3,45,"[17, 10, 18, 1, 34, 20, 19, 30, 38, 4]","The user has a strong pattern of visiting place_id 17, especially on Tuesdays and Wednesdays, with multiple long stays. Recent context shows visits to place_id 1 and 18, indicating potential interest in these locations. Place_id 10 is also frequently visited, particularly on Mondays. The other place_ids in the prediction list are based on recent context visits and the user's overall activity pattern."
3,46,"[17, 10, 18, 20, 19, 30, 34, 38, 1, 45]","The user has a strong pattern of visiting place_id 17 frequently across multiple days, especially on Tuesdays and Saturdays. Recent context shows visits to places 20, 19, and 18, indicating a preference for these locations as well. Place_id 10 is also a common choice, particularly in the evenings. The ranking reflects the frequency of past visits and the recent context activities."
3,17,"[17, 10, 18, 19, 30, 34, 38, 1, 4, 46]","The user has a strong pattern of visiting place_id 17 frequently across various days and times, especially on Tuesdays and Wednesdays. Recent context stays also indicate visits to places 18 and 19, suggesting a preference for these locations. The user has shown a tendency to visit places in the morning and late evening, which aligns with the predicted places. Place_id 10 is also a common location in the history, making it likely for the next visit."
3,10,"[17, 10, 18, 34, 4, 30, 39, 45, 46, 1]","The user has a strong pattern of visiting place_id 17 frequently across various days and times, especially on Tuesdays and Saturdays. Recent context shows a visit to place_id 18, which is also a common location in the user's history. Place_id 10 is visited often in the evenings, and place_id 34 has been visited on Mondays. The user also has recent context visits to place_ids 30, 39, 45, and 46, indicating potential interest in these locations. Overall, the predictions are based on historical frequency and recent activity."
3,22,"[17, 10, 18, 30, 45, 46, 4, 34, 39, 1]","The user has a strong pattern of visiting place_id 17 frequently across various days and times, especially on weekends. Recent context shows a visit to place_id 30, which may indicate a new interest. Place_id 10 and 18 are also frequently visited, particularly in the evenings. The user tends to stay longer at certain places, suggesting a preference for those locations. The ranking reflects both historical frequency and recent context activity."
3,17,"[17, 10, 18, 4, 22, 34, 39, 45, 46, 38]","The user has a strong pattern of visiting place_id 17 frequently across multiple days, especially on weekends and during morning hours. Recent context shows continued visits to place_id 17 and other places like 10 and 18, which are also popular in the user's history. The user has shown a tendency to visit places in the morning and late afternoon, suggesting that these times are likely for their next visit."
3,17,"[17, 10, 46, 22, 4, 18, 34, 39, 1, 38]","The user has a strong pattern of visiting place_id 17 frequently, especially on weekends and during the morning hours. Recent context shows continued visits to place_id 17 and 10, indicating a preference for these locations. Place_id 46 was visited recently, suggesting it may also be a potential next stop. The user has shown varied activity across different places, but the consistent visits to 17 and 10 make them the most likely next locations."
3,10,"[17, 10, 18, 22, 4, 39, 34, 1, 38, 11]","The user has a strong pattern of visiting place_id 17 frequently, especially on weekends and during the morning hours. Recent context shows continued visits to place_id 17 on Saturday and Sunday, indicating a preference for this location. Place_id 10 is also visited often, particularly in the evenings, and has recent context visits. Place_id 18 is another frequent location, especially on weekdays. The user has shown interest in place_id 22 recently, suggesting it may be a new favorite. Other places like 4, 39, 34, 1, 38, and 11 have been visited but less frequently, making them less likely but still possible options."
3,10,"[17, 10, 18, 22, 4, 39, 34, 38, 1, 11]","The user has a strong pattern of visiting place_id 17 frequently, especially on weekends and during mornings. Recent context shows continued visits to place_id 10 and 17, indicating a preference for these locations. Place_id 18 is also visited regularly in the evenings. The user has shown interest in place_id 22 recently, suggesting it could be a new favorite. Other places like 4, 39, 34, 38, and 1 have been visited but less frequently, making them less likely but still possible options."
3,4,"[17, 10, 22, 18, 34, 39, 4, 1, 38, 11]","The user has a strong pattern of visiting place_id 17 frequently, especially on Tuesdays and Sundays, indicating a preference for this location. Recent context shows continued visits to place_id 17 and 10, suggesting they remain relevant. Place_id 22 was visited recently, indicating potential interest. Other places like 18 and 34 have also been visited multiple times, making them likely candidates. The user's activity suggests a routine that favors these locations."
3,47,"[17, 10, 4, 18, 34, 39, 1, 38, 5, 3]","The user has a strong pattern of visiting place_id 17 frequently, especially on Tuesdays and Sundays, indicating a preference for this location. Recent context shows continued visits to place_id 17, reinforcing its likelihood. Place_id 10 is also visited often, particularly in the evenings, making it a probable next stop. Place_id 4 has been visited recently and aligns with the user's morning activity pattern. Place_id 18 appears in the user's history and context, suggesting it could be a potential choice as well. Other places like 34 and 39 have been visited but less frequently, making them less likely but still possible options."
3,10,"[17, 10, 4, 18, 1, 39, 38, 47, 34, 5]","The user has a strong pattern of visiting place_id 17 frequently, especially on Tuesdays and Sundays, indicating a preference for this location. Place_id 10 is also visited regularly, particularly in the evenings. The context shows recent visits to place_id 17 and 10, reinforcing their likelihood. Place_id 4 and 18 are also notable due to their recent visits in the context, suggesting they could be potential next locations. The other IDs are included based on their historical significance and recent context activity."
3,17,"[17, 10, 4, 18, 34, 38, 39, 47, 1, 5]","The user has a strong pattern of visiting place_id 17, especially on Tuesdays and Wednesdays, with multiple long stays. Recent context shows continued visits to place_id 10 and 4, indicating a preference for these locations. Place_id 18 also appears frequently in the history, particularly on Mondays. The user seems to favor certain places during specific times, which influences the predictions."
3,17,"[17, 10, 4, 18, 34, 38, 39, 47, 1, 5]","The user has a strong pattern of visiting place_id 17 frequently, especially on Tuesdays and Wednesdays, indicating a preference for this location. Recent context shows visits to place_id 10 and 4, suggesting they are also likely candidates. Place_id 18 appears regularly in the history, particularly on Mondays and Saturdays, making it a probable next stop. The user has also shown interest in place_id 34 and 38, which were visited recently, while place_id 39 and 47 are emerging as potential options based on recent context. Place_id 1 and 5 are less frequent but still possible based on historical data."
3,40,"[17, 10, 4, 18, 34, 39, 47, 1, 38, 10]","The user has a strong pattern of visiting place_id 17 on multiple occasions, especially on Tuesdays and Wednesdays, indicating a preference for this location. Recent context shows continued visits to place_id 17, reinforcing its likelihood. Place_id 10 is also frequently visited, particularly in the evenings, making it a strong candidate. Place_id 4 appears in both history and context, suggesting a potential visit. Place_id 18 and 34 have been visited recently, while place_id 39 and 47 are also noted in the context, indicating possible interest. Place_id 1 has a significant stay duration on Friday, suggesting it could be a weekend destination."
3,10,"[17, 10, 18, 4, 34, 47, 39, 38, 1, 40]","The user has a strong pattern of visiting place_id 17 on Tuesdays, especially in the morning and throughout the day, as seen in both history and context. Place_id 10 is frequently visited in the evenings and mornings, while place_id 18 is also a common evening destination. The context shows recent visits to place_id 10 and 17, reinforcing their likelihood. Other places like 4, 34, and 47 have also been visited recently, making them potential candidates."
3,17,"[17, 10, 40, 18, 34, 1, 39, 4, 38, 11]","The user has a strong pattern of visiting place_id 17, especially on Tuesdays and during morning hours, as seen in both history and context. Place_id 10 is also frequently visited in the evenings. Place_id 40 was visited recently in the context, indicating a potential for a return. Place_id 18 has been visited multiple times in the evenings, suggesting it may be a preferred location. Other places like 34, 1, 39, and 4 have also been visited, but less frequently, making them less likely but still possible options."
3,1,"[17, 10, 18, 4, 34, 39, 40, 1, 38, 5]","The user has a strong pattern of visiting place_id 17, especially on Tuesdays and Wednesdays, with multiple long stays. Recent context also shows visits to place_id 17, reinforcing its likelihood. Place_id 10 and 18 are also frequently visited, particularly in the evenings. Place_id 4 and 34 have been visited recently, indicating potential interest. Place_id 39 and 40 appear in the context, suggesting they may be relevant. Place_id 1 and 38 have historical significance but less frequent visits."
3,10,"[17, 10, 40, 1, 18, 34, 39, 4, 38, 5]","The user has a strong pattern of visiting place_id 17, especially on Tuesdays and Wednesdays, with multiple long stays. Recent context also shows a visit to place_id 17, reinforcing its likelihood. Place_id 10 is frequently visited in the evenings and has recent context visits, making it a strong candidate. Place_id 40 has a recent visit in the context, indicating potential interest. Place_id 1 has been visited recently and has a long stay in history, suggesting it could be a next stop. Place_id 18 is visited often in the evenings, while place_id 34 and 39 have been visited on Mondays and Wednesdays, respectively, indicating possible future visits. Place_id 4 has a recent context visit, and place_id 38 has a recent stay, making them potential candidates as well."
3,17,"[17, 10, 40, 1, 18, 34, 39, 4, 38, 11]","The user has a strong pattern of visiting place_id 17, especially on Tuesdays and Wednesdays, with multiple long stays. Recent context shows continued visits to place_id 10 and a new visit to place_id 40, suggesting these are also likely next locations. Place_id 1 and 18 have been visited frequently as well, indicating they are also probable. The user has shown a tendency to visit places in the morning and evening, which aligns with the predicted times for these locations."
3,48,"[17, 10, 18, 1, 34, 39, 4, 38, 5, 6]","The user has a strong pattern of visiting place_id 17, especially on Tuesdays and Wednesdays, with multiple long stays. Recent context shows continued visits to place_id 10 and 17, indicating a preference for these locations. Place_id 18 also appears frequently in the history, particularly on Mondays and Saturdays. The user has shown some activity at place_id 1 and 34, suggesting they may also be potential next locations. Overall, the predictions are based on the frequency and timing of past visits."
3,10,"[17, 10, 1, 18, 4, 39, 48, 34, 38, 10]","The user has a strong pattern of visiting place_id 17, especially on Wednesdays, as seen in both history and context. Place_id 10 is also frequently visited, particularly in the mornings and evenings. Place_id 1 has been visited recently, indicating potential for a return. Place_id 18 appears in the user's history as well, suggesting it may be a preferred location. Other places like 4, 39, and 48 have recent context visits, making them likely candidates for the next location."
3,17,"[17, 10, 1, 48, 34, 18, 4, 39, 38, 5]","The user has a strong pattern of visiting place_id 17, especially on Wednesdays, and has recently visited it again in the context data. Place_id 10 is also frequently visited, particularly in the context of recent stays. Place_id 1 has been visited recently as well, indicating a potential for return. Other places like 48 and 34 have seen recent activity, suggesting they could be likely next stops. The user shows a preference for certain places on specific days, particularly on Wednesdays."
3,17,"[17, 10, 18, 4, 34, 39, 48, 1, 38, 5]","The user has a strong pattern of visiting place_id 17, especially on Tuesdays and Wednesdays, with multiple long stays. Recent context shows continued visits to place_id 10 and 17, indicating a preference for these locations. Place_id 18 also appears frequently in the history, particularly on Mondays and Wednesdays. The user has shown some activity at place_id 4 and 34, suggesting they may also be potential next locations. The context includes a visit to place_id 48, which could indicate a new interest. Overall, the predictions are based on the frequency and recency of visits to these places."
3,1,"[17, 10, 48, 34, 18, 1, 4, 39, 38, 5]","The user has a strong pattern of visiting place_id 17, especially on weekdays and mornings, as seen in both history and context. Place_id 10 is also frequently visited, particularly in the evenings. The recent context shows a visit to place_id 48, indicating potential interest. Other places like 34 and 18 have been visited multiple times, suggesting they are also likely candidates. The user has a diverse range of places they visit, but the top predictions are based on frequency and recent activity."
3,17,"[17, 10, 18, 1, 4, 34, 39, 48, 38, 5]","The user has a strong pattern of visiting place_id 17, especially on Tuesdays and Thursdays, with multiple long stays. Recent context shows a visit to place_id 48, which may indicate a new interest. Place_id 10 and 18 are also frequently visited, particularly on Mondays and Wednesdays. Place_id 1 has been visited recently, suggesting it could be a potential next stop. The user has shown varied interests, as seen with visits to place_id 4 and 34, indicating they might explore these places again."
3,18,"[17, 10, 18, 1, 4, 39, 34, 38, 5, 3]","The user has a strong pattern of visiting place_id 17, especially on weekdays and mornings, as seen in both history and context. Place_id 10 is frequently visited in the evenings and has recent context stays. Place_id 18 is also visited regularly in the evenings. Place_id 1 has a recent context stay and is visited on Fridays. Place_id 4 has morning visits, while place_id 39 has a recent context stay. The other IDs are less frequent but still relevant based on the user's overall activity pattern."
3,17,"[17, 10, 18, 1, 34, 39, 4, 38, 5, 3]","The user has a strong pattern of visiting place_id 17 frequently, especially on Tuesdays and Thursdays, with multiple long stays. Recent context shows continued activity at place_id 17, indicating a high likelihood of returning there. Place_id 10 and 18 are also visited regularly, particularly on Mondays and Tuesdays, suggesting they are likely candidates as well. Place_id 1 has been visited recently, making it a potential next stop. Other places like 34 and 39 have seen visits but less frequently, thus ranking lower."
3,49,"[17, 10, 18, 1, 34, 39, 4, 38, 5, 3]","The user has a strong pattern of visiting place_id 17, especially on Tuesdays and Thursdays, with multiple long stays. Recent context shows continued activity at place_id 17, indicating a high likelihood of returning there. Place_id 10 and 18 are also frequently visited, particularly on Mondays and Tuesdays, suggesting they are likely next destinations. Place_id 1 has been visited recently, making it a potential choice as well. The other places have less frequent visits but are still considered based on the user's overall activity pattern."
3,17,"[17, 10, 18, 1, 34, 39, 4, 38, 49, 5]","The user has a strong pattern of visiting place_id 17, especially on weekdays and during morning hours. Recent context shows a visit to place_id 1, which may indicate a shift in routine. Place_id 10 and 18 are also frequently visited, particularly in the evenings. The user tends to visit multiple places on Fridays, suggesting a likelihood of returning to familiar locations like 17 and 10. The ranking reflects both historical frequency and recent context."
3,4,"[17, 10, 18, 34, 4, 1, 39, 38, 49, 5]","The user has a strong pattern of visiting place_id 17 frequently, especially on Tuesdays and Fridays, indicating a preference for this location. The context shows recent visits to place_id 17 and 18, suggesting they are likely to continue visiting these places. Place_id 10 also appears frequently in the history, particularly in the evenings. The other place_ids are ranked based on their recent activity and historical frequency."
3,11,"[17, 10, 18, 4, 34, 49, 1, 38, 39, 5]","The user has a strong pattern of visiting place_id 17 frequently across various days and times, especially on Tuesdays and Fridays. The recent context shows continued visits to place_id 17 and 18, indicating a preference for these locations. Place_id 10 and 4 also appear multiple times in the history, suggesting they are likely candidates. The user has shown a tendency to visit places in the morning and evening, which aligns with the predicted times for these places."
3,40,"[17, 10, 4, 18, 34, 49, 11, 1, 38, 39]","The user has a strong pattern of visiting place_id 17 frequently across various days and times, especially on weekdays. Recent context shows continued visits to place_id 17 and other places like 4 and 10, indicating a preference for these locations. The user also visited place_id 4 and 10 recently, suggesting they may continue to frequent these places. The ranking reflects the frequency and recency of visits to these places."
3,17,"[17, 10, 4, 18, 49, 34, 11, 1, 38, 39]","The user has a strong pattern of visiting place_id 17 frequently, especially on weekdays and during morning hours. Recent context shows continued visits to place_id 17 and other places like 4 and 10, indicating a preference for these locations. The user also visited place_id 18 and 49 recently, suggesting they are likely candidates for the next visit. The ranking reflects the frequency and recency of visits to these places."
3,10,"[17, 10, 4, 18, 34, 11, 40, 39, 1, 38]","The user has a strong pattern of visiting place_id 17 frequently, especially on weekdays and weekends, indicating it is a preferred location. The context shows recent visits to place_id 17 and 4, suggesting they remain relevant. Place_id 10 and 18 are also visited often, particularly in the evenings. The user has shown interest in place_id 34 and 11, which are visited during the day. The recent context indicates a visit to place_id 40, which may also be a potential next location. Overall, the predictions are based on the frequency and timing of past visits."
3,17,"[17, 10, 4, 18, 34, 39, 11, 40, 38, 1]","The user has a strong pattern of visiting place_id 17 frequently across multiple days, especially on Tuesdays and Saturdays. Recent context shows a visit to place_id 4 on Friday, which may indicate a shift in routine but still aligns with previous patterns. Place_id 10 is also visited often, particularly on weekends. The user has shown a tendency to visit places 18, 34, and 39, which are also likely candidates based on their historical frequency. Overall, the predictions are based on the combination of historical stays and recent context activities."
3,22,"[17, 10, 18, 4, 11, 40, 34, 39, 38, 1]","The user has a strong pattern of visiting place_id 17 frequently across various days and times, especially on weekends. Recent context shows continued visits to place_id 10 and 17, indicating a preference for these locations. Place_id 18 and 4 also appear in the history, suggesting they are likely candidates. The user has shown a tendency to visit places in the morning and evening, which aligns with the predicted times for the next visit."
3,17,"[17, 10, 40, 18, 34, 22, 1, 39, 38, 4]","The user has a strong pattern of visiting place_id 17 frequently across multiple days, especially on weekends and during morning hours. Recent context shows continued visits to place_id 17 and 10, indicating a preference for these locations. Place_id 40 was visited recently, suggesting it may also be a potential next stop. The user has also shown interest in place_id 18 and 34, which are visited during similar time frames. Overall, the predictions are based on historical frequency and recent context activities."
3,10,"[17, 10, 18, 34, 22, 39, 4, 38, 1, 5]","The user has a strong pattern of visiting place_id 17 frequently across various days and times, especially on weekends. The recent context shows continued visits to place_id 17 and 10, indicating a preference for these locations. Place_id 18 also appears frequently in the history, suggesting it is a likely next stop. The user has shown varied activity at other places like 34 and 22, which are also included in the predictions."
3,17,"[17, 10, 18, 4, 22, 34, 39, 38, 1, 5]","The user has a strong pattern of visiting place_id 17 frequently, especially on weekends and during mornings. Recent context shows visits to place_id 10 and 17, indicating a preference for these locations. Place_id 18 is also visited regularly in the evenings. The user has shown varied activity across different days, but the consistent visits to place_id 17 and 10 suggest they are likely candidates for the next location."
3,22,"[17, 10, 18, 4, 22, 34, 39, 1, 38, 11]","The user has a strong pattern of visiting place_id 17 frequently across various days and times, especially on Sundays and Mondays. The context shows recent visits to place_id 17 and 10, indicating a preference for these locations. Place_id 18 also appears regularly in the history, particularly on Mondays. The user has shown some activity at place_id 4 and 22, suggesting they may also be potential next locations. Overall, the predictions are based on the frequency and recency of visits to these places."
3,17,"[17, 10, 22, 18, 34, 39, 4, 38, 1, 11]","The user has a strong pattern of visiting place_id 17 frequently, especially on Tuesdays and Wednesdays, and has also visited place_id 10 multiple times. Recent context shows visits to place_id 22 and 10, indicating a preference for these locations. The user tends to visit places in the morning and evening, suggesting that the next visit could likely be to one of these frequently visited places."
3,18,"[17, 10, 18, 22, 34, 39, 4, 1, 38, 11]","The user has a strong pattern of visiting place_id 17 frequently, especially on Tuesdays and Sundays, indicating a preference for this location. Recent context shows continued visits to place_id 17 and 10, suggesting they are likely to return. Place_id 18 is also visited often, particularly on Mondays. The user has shown interest in place_id 22 recently, which may indicate a new pattern. Other places like 34 and 39 have been visited but less frequently, making them less likely but still possible. Overall, the predictions are based on historical frequency and recent context."
3,1,"[17, 10, 18, 22, 34, 39, 4, 38, 1, 11]","The user has a strong pattern of visiting place_id 17 frequently across multiple days, especially on Tuesdays and Wednesdays. Recent context shows a visit to place_id 10 on Sunday and multiple visits to place_id 17 on Monday, indicating a preference for these locations. Place_id 18 is also visited regularly, particularly on Mondays. The user has shown a tendency to visit place_id 22 recently, suggesting it may be a new interest. Other places like 34, 39, 4, and 38 have been visited but less frequently, making them less likely but still possible options."
3,17,"[17, 10, 18, 1, 22, 34, 39, 4, 38, 11]","The user has a strong pattern of visiting place_id 17, especially on Tuesdays and Mondays, with multiple long stays. Recent context shows a visit to place_id 17 early on Monday, reinforcing its likelihood. Place_id 10 and 18 are also frequently visited, particularly in the evenings and on Mondays. Place_id 1 and 22 appear in the context, indicating potential new interests. The user has shown varied activity across different places, but the historical data strongly favors place_id 17 as the next likely destination."
3,1,"[17, 10, 18, 22, 1, 4, 39, 34, 38, 11]","The user has a strong pattern of visiting place_id 17 frequently, especially on Tuesdays and Wednesdays, and has also recently visited place_id 17 in the context data. Place_id 10 and 18 are also common in the user's history, particularly on Mondays and Tuesdays. Place_id 22 was visited recently, indicating potential interest. The user has shown varied activity across different places, but the consistent visits to 17 and the recent context suggest it is the most likely next location."
3,43,"[17, 10, 18, 1, 34, 39, 4, 38, 5, 3]","The user has a strong pattern of visiting place_id 17, especially on Tuesdays and Wednesdays, with multiple long stays. Recent context also shows a visit to place_id 17 on Monday, indicating continued interest. Place_id 10 and 18 are also frequently visited, particularly in the evenings. Place_id 1 has been visited recently, suggesting it may be a potential next stop. Other places like 34 and 39 have been visited but less frequently, making them less likely but still possible."
3,17,"[17, 10, 18, 1, 34, 4, 38, 39, 43, 5]","The user has a strong pattern of visiting place_id 17, especially on Tuesdays and Wednesdays, with multiple long stays. Recent context shows continued activity at place_id 18 and 1, indicating they are also likely candidates. The user has shown a preference for morning visits, particularly on weekdays, which aligns with the recent context stays. Place_id 10 is frequently visited in the evenings, making it a probable next location as well."
3,4,"[17, 10, 1, 4, 18, 34, 38, 39, 43, 5]","The user has a strong pattern of visiting place_id 17, especially on Tuesdays and during early morning hours. Recent context shows continued activity at place_id 1 and 17, indicating a preference for these locations. Place_id 10 is also frequently visited in the evenings, while place_id 4 has been visited recently, suggesting it may be a potential next stop. Other places like 18, 34, 38, and 39 have been visited multiple times, making them likely candidates as well."
3,17,"[17, 10, 4, 1, 38, 39, 18, 43, 34, 5]","The user has a strong pattern of visiting place_id 17, especially on Tuesdays, with multiple visits throughout the day. The recent context also shows visits to place_id 17, reinforcing its likelihood. Place_id 10 is frequently visited in the evenings and has recent context visits, making it a strong candidate. Place_id 4 and 1 have been visited recently and have historical significance, while place_id 38 and 39 are also noted in the history. Place_id 18 has been visited multiple times, particularly on weekdays, and place_id 43 has a recent visit, indicating potential interest. Place_id 34 and 5 are less frequent but still relevant based on the user's history."
3,17,"[17, 10, 4, 1, 18, 34, 43, 39, 38, 5]","The user has a strong pattern of visiting place_id 17, especially on Tuesdays, with multiple visits throughout the day. The context shows recent activity at place_id 1 and 4, indicating potential interest in these locations. Place_id 10 and 18 are also frequently visited, particularly in the evenings. The user seems to favor places with higher visit frequencies on Tuesdays, which aligns with the context data."
3,1,"[17, 10, 4, 43, 18, 34, 1, 39, 38, 5]","The user has a strong pattern of visiting place_id 17 on Tuesdays, especially in the morning and afternoon, as seen in both history and context. Place_id 10 is also frequently visited, particularly in the evenings. Place_id 4 appears in the context and has been visited recently, indicating potential interest. Other places like 43 and 18 have also been visited multiple times, suggesting they could be likely next stops."
3,17,"[17, 10, 4, 1, 18, 34, 39, 38, 5, 3]","The user has a strong pattern of visiting place_id 17 frequently, especially on Tuesdays, which is supported by recent context stays. Place_id 10 is also visited multiple times, particularly in the evenings. Place_id 4 and 1 are noted in the context, indicating recent interest. Place_id 18 appears regularly in the history, suggesting it is a likely candidate. The other places have less frequent visits but are still relevant based on the user's activity pattern."
3,4,"[17, 10, 4, 1, 18, 34, 39, 38, 5, 3]","The user has a strong pattern of visiting place_id 17, especially on Tuesdays and Wednesdays, with multiple long stays. Recent context shows continued visits to place_id 17 and 4, indicating a preference for these locations. Place_id 10 is also frequently visited, particularly in the evenings. The user has shown a tendency to visit place_id 1 and 18 during the day, suggesting they may also be likely candidates for the next visit."
3,17,"[17, 10, 1, 4, 18, 34, 39, 38, 5, 3]","The user has a strong pattern of visiting place_id 17, especially on Tuesdays and Wednesdays, with multiple long stays. Recent context also shows continued visits to place_id 17, indicating it is likely to be their next destination. Place_id 10 is frequently visited in the evenings, while place_id 1 and 4 have been visited recently, suggesting they could also be potential next locations. Place_id 18 has been visited multiple times on weekdays, making it a candidate as well."
3,17,"[17, 10, 1, 4, 18, 34, 39, 38, 5, 3]","The user has a strong pattern of visiting place_id 17 frequently, especially on Tuesdays and Wednesdays, as seen in both history and context. Place_id 10 is also visited regularly, particularly in the evenings. The context shows recent visits to place_id 1 and 4, indicating potential interest. Other places like 18, 34, 39, and 38 have been visited but less frequently, suggesting they could be alternatives. The user tends to visit places in the morning and evening, which aligns with the predicted places."
3,10,"[17, 10, 1, 4, 18, 34, 39, 38, 5, 3]","The user has a strong pattern of visiting place_id 17, especially on Tuesdays and Wednesdays, with multiple long stays. Recent context shows continued visits to place_id 1 and 4, indicating a preference for these locations. Place_id 10 and 18 are also frequently visited, particularly in the evenings. The user tends to visit places in the morning and afternoon on weekdays, suggesting a likelihood of returning to these familiar locations."
3,17,"[17, 10, 4, 18, 34, 39, 1, 38, 5, 3]","The user has a strong pattern of visiting place_id 17, especially on Wednesdays and Tuesdays, with multiple long stays. Recent context also shows visits to place_id 17, reinforcing its likelihood. Place_id 10 is frequently visited in the evenings and mornings, making it a probable next location. Place_id 4 has been visited recently and has a history of morning visits. Place_id 18 is also a common evening destination. Other places like 34 and 39 have been visited but less frequently, while 1, 38, 5, and 3 are less likely but still possible based on the overall activity pattern."
3,1,"[17, 10, 4, 18, 34, 39, 1, 38, 5, 3]","The user has a strong pattern of visiting place_id 17, especially on Tuesdays and Wednesdays, with multiple long stays. Recent context shows continued visits to place_id 17 and 10, indicating they are likely to return to these places. Place_id 4 has also been visited recently, suggesting it could be a potential next stop. The user frequently visits place_id 18 and 34, which are also likely candidates based on their activity pattern."
3,50,"[17, 10, 18, 1, 34, 39, 4, 38, 5, 3]","The user has a strong pattern of visiting place_id 17, especially on Tuesdays and Wednesdays, with multiple long stays. Recent context also shows continued visits to place_id 17, indicating it is a likely next location. Place_id 10 is frequently visited in the evenings and has recent context visits, making it a strong candidate. Place_id 18 has been visited multiple times on Mondays and Saturdays, suggesting it could be a preferred location. Place_id 1 has a recent context visit and has been visited on Fridays, indicating potential for a return. Other places like 34, 39, 4, 38, 5, and 3 have less frequent but notable visits, making them possible options as well."
3,1,"[17, 10, 18, 1, 34, 4, 39, 50, 38, 5]","The user has a strong pattern of visiting place_id 17, especially on Tuesdays and Thursdays, with multiple long stays. Recent context shows a visit to place_id 17 on Wednesday, indicating continued interest. Place_id 10 is also frequently visited, particularly in the evenings, and has recent context visits. Place_id 18 appears regularly on Mondays and Saturdays, suggesting it may be a preferred location. Place_id 1 has a recent context visit, indicating potential interest. Other places like 34, 4, 39, and 50 have been visited but less frequently, while 38 has a recent context visit, making it a potential candidate."
3,17,"[17, 10, 1, 18, 34, 50, 39, 4, 38, 11]","The user has a strong pattern of visiting place_id 17, especially on Tuesdays and Thursdays, with multiple long stays. Recent context shows visits to place_id 10 and 17, indicating a preference for these locations. Place_id 1 has also been visited recently, suggesting it may be a potential next stop. The user frequently visits place_id 18 and 34, particularly on Mondays and weekends, which supports their likelihood as next locations. Place_id 50 and 39 have been visited recently, adding to their potential. Overall, the predictions are based on historical patterns and recent context."
3,1,"[17, 10, 1, 18, 34, 39, 50, 4, 38, 5]","The user has a strong pattern of visiting place_id 17, especially on Thursdays, as seen in both history and context. Place_id 10 is also frequently visited, particularly in the evenings. Place_id 1 and 18 appear in the context and have been visited recently, indicating potential interest. Other places like 34, 39, and 50 have been visited in the past, suggesting they could be relevant as well. The user has shown varied activity across different times, making these places likely candidates for the next visit."
3,10,"[17, 1, 10, 18, 34, 50, 39, 4, 38, 5]","The user has a strong pattern of visiting place_id 17 frequently, especially on Thursdays, which aligns with the recent context stays. Place_id 1 is also visited recently and has a history of visits, making it a likely candidate. Place_id 10 and 18 are visited multiple times in the past, indicating a preference. The context shows recent activity at place_id 50 and 1, suggesting they are also probable next locations. Overall, the predictions are based on the frequency of past visits and recent activities."
3,17,"[17, 10, 1, 18, 4, 34, 39, 50, 38, 5]","The user has a strong pattern of visiting place_id 17, especially on Tuesdays and Thursdays, with multiple long stays. Recent context shows visits to place_id 17 and 1, indicating continued interest. Place_id 10 is also frequently visited, particularly in the evenings. The user has shown a preference for places 18 and 4 as well, making them likely candidates. The context data suggests a recent visit to place_id 50, which could indicate a new interest."
3,22,"[17, 10, 1, 18, 34, 39, 4, 38, 5, 3]","The user has a strong pattern of visiting place_id 17, especially on Tuesdays and Thursdays, with multiple long stays. Recent context shows visits to place_id 1 and 10, indicating potential interest in these locations. Place_id 18 also has frequent visits on Mondays and Wednesdays. The user tends to visit places in the morning and late evening, which aligns with the predicted places."
3,17,"[17, 10, 1, 18, 4, 22, 39, 34, 38, 5]","The user has a strong pattern of visiting place_id 17 frequently, especially on Tuesdays and Thursdays, indicating a high likelihood of returning there. Place_id 10 is also visited regularly, particularly in the evenings. The context shows recent visits to place_id 1 and 22, suggesting they may be relevant for the next visit. The user has a diverse pattern with visits to places 18, 4, and 39, which also appear in their history, indicating they could be potential next locations."
3,10,"[17, 10, 1, 18, 22, 34, 39, 4, 38, 10]","The user has a strong pattern of visiting place_id 17 frequently across multiple days, especially on Tuesdays and Fridays. Recent context shows a visit to place_id 1 and 10, indicating potential interest in these locations. The user also has a consistent pattern of visiting place_id 18 and 22, particularly on Fridays. The ranking reflects the frequency of visits and recent activities."
3,1,"[17, 10, 18, 4, 22, 34, 39, 1, 38, 11]","The user has a strong pattern of visiting place_id 17 frequently, especially on weekdays and during morning and evening hours. Recent context shows continued visits to place_id 10 and 17, indicating a preference for these locations. Place_id 18 and 4 also appear regularly in the history, suggesting they are likely candidates. The user has shown varied activity across different places, but the consistent visits to 17 and 10 make them the top predictions."
3,1,"[17, 10, 18, 1, 22, 34, 39, 4, 38, 11]","The user has a strong pattern of visiting place_id 17 frequently, especially on Tuesdays and Fridays, indicating a preference for this location. The context shows recent visits to place_id 17 and 10, suggesting they are likely to continue visiting these places. Additionally, place_id 18 and 1 have been visited multiple times, making them probable next locations. The user also shows interest in place_id 22 and 34, which were visited recently, further supporting their likelihood as next destinations."
3,1,"[17, 10, 1, 22, 18, 4, 39, 34, 38, 11]","The user has a strong pattern of visiting place_id 17 frequently, especially on weekdays and during morning hours. Recent context shows continued visits to place_id 17 and 10, indicating a preference for these locations. Place_id 1 is also noted in the context, suggesting potential interest. The user has shown varied activity across different places, but the consistent visits to 17 and 10 make them the most likely next locations."
3,1,"[17, 10, 1, 18, 34, 39, 4, 38, 5, 6]","The user has a strong pattern of visiting place_id 17 frequently across various days and times, especially on weekdays. The recent context shows continued visits to place_id 17 on Friday, indicating a likelihood of returning there. Place_id 10 is also visited frequently, particularly in the evenings, making it a probable next location. Place_id 1 has been visited recently in the context, suggesting it could be a potential next stop. Other places like 18 and 34 have also seen visits, but less frequently, thus they are ranked lower."
3,1,"[17, 10, 1, 18, 34, 39, 4, 38, 5, 6]","The user has a strong pattern of visiting place_id 17 frequently, especially on Tuesdays and Wednesdays, indicating a preference for this location. The recent context shows a visit to place_id 10 on Friday night, which is also a common location for the user. Place_id 1 has been visited recently in the context, suggesting it may be a potential next stop. Other places like 18 and 34 have also been visited multiple times, making them likely candidates. The user's activity pattern suggests a tendency to return to familiar places, especially those visited recently."
3,1,"[1, 17, 10, 18, 34, 4, 39, 38, 5, 2]","The user has a strong pattern of visiting place_id 17 frequently, especially on Tuesdays and Wednesdays, indicating a preference for this location. The recent context shows multiple visits to place_id 1 on Saturday, suggesting a potential shift or interest in this location as well. Place_id 10 and 18 are also visited regularly, particularly on Mondays and Tuesdays, making them likely candidates. The user has shown varied activity across different days, but the consistent visits to place_id 17 and the recent context suggest it remains a top choice."
3,17,"[1, 17, 10, 18, 34, 39, 4, 38, 5, 2]","The user has a strong pattern of visiting place_id 17 on multiple occasions, especially on Tuesdays and Wednesdays, indicating a preference for this location. The recent context shows multiple stays at place_id 1, suggesting a potential shift or interest in this location as well. Other places like 10 and 18 have also been visited frequently, particularly on weekends, which may influence the next choice. The ranking reflects both historical frequency and recent context activity."
3,40,"[1, 17, 10, 18, 34, 39, 4, 38, 5, 2]","The user has a strong pattern of visiting place 17 frequently, especially on Tuesdays and Wednesdays, and has also recently visited place 1 multiple times on Saturday. The context shows recent activity at place 1, indicating a preference for it. Place 10 and 18 are also common in the user's history, particularly on Mondays and weekends. The user tends to visit places in the morning and late evening, which aligns with the predicted places."
3,17,"[17, 1, 10, 18, 34, 39, 4, 38, 40, 10]","The user has a strong pattern of visiting place_id 17 frequently, especially on weekends and during mornings. Recent context shows visits to place_id 1, indicating a possible shift or interest in that location. Place_id 10 and 18 are also visited regularly, particularly on weekdays. The user tends to stay longer at place_id 17, suggesting a preference for it. The context data reinforces the likelihood of returning to familiar places, especially those visited recently."
3,10,"[17, 1, 10, 18, 34, 39, 4, 38, 40, 10]","The user has a strong pattern of visiting place_id 17 frequently across various days and times, especially on weekends. Recent context shows visits to place_id 1, which is also a common location in their history. Place_id 10 and 18 are also visited regularly, indicating they are likely candidates for the next visit. The user has shown a tendency to return to familiar places, particularly on weekends, which supports the prediction of these places."
3,17,"[17, 10, 1, 18, 4, 39, 34, 38, 40, 5]","The user has a strong pattern of visiting place_id 17 frequently across various days and times, especially on weekends. Recent context shows visits to place_id 1 and 17, indicating a preference for these locations. Place_id 10 is also a common choice, particularly in the evenings. The user has shown a tendency to visit place_id 18 and 4 during mornings and afternoons, respectively. The other place_ids are less frequent but still relevant based on the user's overall activity pattern."
3,17,"[17, 10, 18, 4, 34, 40, 39, 1, 38, 5]","The user has a strong pattern of visiting place_id 17 frequently across various days and times, especially on Sundays and Mondays. Recent context shows continued visits to place_id 17, indicating a preference. Place_id 10 and 18 are also visited regularly, particularly on Mondays and weekends. Place_id 4 and 34 have been visited recently, suggesting they may be relevant next choices. The user has shown interest in place_id 40 and 39, which were visited recently, while place_id 1 and 38 have historical significance in the user's activity pattern."
3,4,"[17, 10, 18, 4, 34, 40, 39, 1, 38, 5]","The user has a strong pattern of visiting place_id 17 frequently across various days and times, especially on Tuesdays and Wednesdays. Recent context shows continued visits to place_id 17 and 10, indicating they are likely to return to these places. Place_id 18 also appears frequently in the history, particularly on Mondays. The user has shown some activity at place_id 4 and 34 recently, suggesting they may also consider these places. Overall, the predictions are based on the frequency and recency of visits to these locations."
3,17,"[17, 10, 4, 18, 1, 39, 34, 38, 5, 3]","The user has a strong pattern of visiting place_id 17, especially on Tuesdays and Sundays, with multiple long stays. Recent context shows continued visits to place_id 17 on Sunday, indicating a preference. Place_id 10 is also frequently visited, particularly on Mondays and Tuesdays, suggesting it may be a secondary choice. Place_id 4 appears in the context as well, indicating potential interest. Other places like 18 and 1 have been visited but less frequently, making them less likely but still possible options."
3,10,"[17, 10, 4, 18, 34, 39, 1, 38, 5, 3]","The user has a strong pattern of visiting place_id 17, especially on weekdays and mornings, as seen in both history and context. Place_id 10 is frequently visited in the evenings and weekends, making it a likely candidate. Place_id 4 appears in the context and has been visited recently, indicating potential interest. Place_id 18 is also visited regularly in the evenings. The other IDs are less frequent but still relevant based on the user's activity patterns."
3,17,"[17, 10, 4, 18, 1, 39, 34, 38, 5, 3]","The user has a strong pattern of visiting place_id 17, especially on Mondays and Tuesdays, with multiple long stays. Recent context shows continued activity at place_id 17, indicating a high likelihood of returning there. Place_id 10 is also frequently visited, particularly in the evenings, and has recent context activity. Place_id 4 and 18 have been visited recently and have a history of visits, making them likely candidates. Other places like 1, 39, 34, and 38 have less frequent but notable visits, suggesting they could also be potential next locations."
3,17,"[17, 10, 4, 18, 1, 39, 34, 38, 5, 3]","The user has a strong pattern of visiting place_id 17, especially on Tuesdays and Mondays, with multiple long stays. Recent context also shows a visit to place_id 17 on Monday morning, reinforcing its likelihood. Place_id 10 is frequently visited in the evenings and has recent context stays, making it a strong candidate. Place_id 4 has been visited recently and has a history of morning visits. Place_id 18 is also a common evening destination. Other places like 1, 39, 34, and 38 have been visited but less frequently, making them less likely but still possible options."
3,10,"[17, 10, 4, 18, 34, 39, 1, 38, 5, 3]","The user has a strong pattern of visiting place_id 17, especially on Tuesdays and Wednesdays, with multiple long stays. Recent context shows continued visits to place_id 17 and 10, indicating they are likely to return to these places. Place_id 4 has also been visited recently, suggesting it may be a potential next stop. The user frequently visits place_id 18 and 34, which are also likely candidates based on historical patterns."
3,17,"[17, 10, 18, 4, 1, 39, 34, 38, 5, 3]","The user has a strong pattern of visiting place 17 frequently, especially on Tuesdays and during the morning hours. Recent context shows continued visits to place 17, indicating a high likelihood of returning there. Place 10 and 18 are also frequently visited, particularly in the evenings and on Mondays, making them likely candidates. Place 4 and 1 have been visited recently, suggesting they could be next as well. The user has shown interest in places 39, 34, and 38, which have been visited in the past, and thus could also be considered. Overall, the predictions are based on the frequency and timing of past visits combined with recent activity."
3,10,"[17, 10, 18, 4, 34, 39, 1, 38, 5, 3]","The user has a strong pattern of visiting place_id 17 on multiple occasions, especially on Tuesdays and Wednesdays, indicating a preference for this location. Recent context shows continued visits to place_id 10 and 17, suggesting they are likely to return to these places. Place_id 18 also appears frequently in the history, particularly on Mondays and Saturdays, making it a probable next location. Other places like 4 and 34 have been visited recently, which may indicate a shift in preference, but they are less likely than the top choices."
3,51,"[17, 10, 4, 18, 34, 39, 1, 38, 5, 3]","The user has a strong pattern of visiting place_id 17, especially on Tuesdays, with multiple visits throughout the day. The context shows recent stays at place_id 17 and 10, indicating a preference for these locations. Place_id 4 and 18 also appear frequently in the history, suggesting they are likely candidates. The user tends to visit places in the morning and afternoon, which aligns with the context data."
3,10,"[17, 10, 4, 18, 51, 34, 39, 1, 38, 5]","The user has a strong pattern of visiting place 17 frequently, especially on Tuesdays, which is reinforced by recent context stays at the same place. Place 10 is also visited multiple times, particularly in the evening, and has recent context stays. Place 4 has been visited on Tuesday mornings, aligning with the user's recent activities. Place 18 is visited in the evenings, and context shows recent activity there. Place 51 is a new context stay that could indicate a shift in preference. Other places like 34, 39, 1, 38, and 5 have less frequent visits but are still relevant based on the user's overall activity pattern."
3,17,"[17, 10, 18, 4, 1, 51, 39, 34, 38, 11]","The user has a strong pattern of visiting place_id 17 on multiple occasions, especially on Tuesdays and Wednesdays, indicating a preference for this location. Place_id 10 is also frequently visited, particularly in the evenings. The context shows recent visits to place_id 10 and 17, reinforcing their likelihood. Place_id 18 appears regularly in the user's history, especially on Mondays and Saturdays, making it a probable next location. Place_id 4 and 1 have been visited recently, suggesting they could also be considered. Place_id 51 was visited in the context, indicating potential interest. Place_id 39 and 34 have historical significance, while 38 has been visited recently, rounding out the predictions."
3,4,"[17, 10, 18, 4, 34, 51, 39, 38, 1, 5]","The user has a strong pattern of visiting place_id 17, especially on Tuesdays and Wednesdays, with multiple long stays. Recent context shows a visit to place_id 17 at 3 PM on Tuesday, reinforcing its likelihood. Place_id 10 is also frequently visited, particularly in the evenings, and has recent context visits. Place_id 18 appears regularly on weekdays, while place_id 4 and 34 have been visited on Tuesdays. Place_id 51 was visited recently, indicating potential interest. Other places like 39, 38, 1, and 5 have less frequent but notable visits, making them plausible options."
3,22,"[17, 10, 4, 18, 51, 34, 39, 1, 38, 11]","The user has a strong pattern of visiting place_id 17, especially on Tuesdays and Wednesdays, with multiple long stays. Recent context shows visits to place_id 10 and 4, indicating they are also likely candidates. Place_id 18 has been visited frequently on Mondays and Saturdays, while place_id 51 was visited recently, suggesting it may be a new interest. Other places like 34, 39, 1, 38, and 11 have less frequent visits but are still relevant based on the user's overall activity pattern."
3,17,"[17, 10, 4, 18, 51, 34, 22, 39, 1, 38]","The user has a strong pattern of visiting place_id 17, especially on Tuesdays and Wednesdays, with multiple long stays. Recent context shows a visit to place_id 51 late on Tuesday, which may indicate a shift in routine. Place_id 10 is frequently visited in the evenings, while place_id 4 has been visited in the mornings. Place_id 18 is also a common evening destination. The other place_ids are included based on their recent context visits and historical patterns."
3,10,"[17, 10, 4, 18, 22, 34, 39, 1, 38, 11]","The user has a strong pattern of visiting place_id 17, especially on Wednesdays, with multiple stays throughout the day. Recent context also shows visits to place_id 10 and 4, indicating a likelihood of returning to these places. The user frequently visits place_id 18 and has shown interest in place_id 22 recently. The historical data suggests a preference for these locations, particularly on Wednesdays."
3,17,"[17, 10, 4, 18, 34, 22, 39, 1, 38, 11]","The user has a strong pattern of visiting place_id 17, especially on Tuesdays and Wednesdays, with multiple long stays. Recent context also shows a visit to place_id 17, indicating continued interest. Place_id 10 is frequently visited in the evenings and has recent context stays, making it a likely next location. Place_id 4 has been visited recently and aligns with the user's morning activity pattern. Place_id 18 is also a common evening destination. Other places like 34, 22, 39, 1, 38, and 11 have less frequent but notable visits, suggesting they could be potential next locations."
3,17,"[17, 10, 4, 18, 22, 34, 39, 38, 1, 11]","The user has a strong pattern of visiting place_id 17 frequently, especially on Tuesdays and Wednesdays, and has recently visited it again in the context. Place_id 10 is also visited multiple times, particularly in the evenings. Place_id 4 and 18 have been visited on Tuesdays and Wednesdays, indicating potential for future visits. The context shows recent activity at place_id 4 and 22, suggesting they are also likely candidates for the next visit."
3,49,"[17, 10, 22, 18, 34, 39, 4, 1, 38, 11]","The user has a strong pattern of visiting place_id 17, especially on Tuesdays and Wednesdays, with multiple long stays. Recent context shows continued activity at place_id 17 and a new visit to place_id 22, suggesting it may also be a potential next location. Place_id 10 and 18 are frequently visited as well, particularly in the evenings. The user also has a history of visiting place_id 34 and 39, which could be relevant based on their past patterns."
3,10,"[17, 10, 18, 4, 34, 38, 39, 49, 1, 5]","The user has a strong pattern of visiting place_id 17, especially on Tuesdays and Thursdays, with multiple long stays. Recent context also shows a stay at place_id 17, indicating continued interest. Place_id 10 and 18 are also frequently visited, particularly on Mondays and Tuesdays. Place_id 4 and 34 have been visited recently, suggesting they may be relevant for the next visit. The user has shown varied interests, as seen with visits to place_id 38 and 39, which could also be potential next locations."
3,17,"[17, 10, 18, 4, 34, 49, 1, 38, 39, 5]","The user has a strong pattern of visiting place_id 17 frequently, especially on Tuesdays and Thursdays, indicating a preference for this location. The recent context also shows visits to place_id 10 and 17, reinforcing their likelihood. Place_id 18 appears regularly in the history, particularly on Mondays and Saturdays, suggesting it is a common destination. Place_id 4 and 34 have been visited recently, indicating potential interest. Place_id 49 is noted in the context, suggesting it may be a new or emerging preference. Overall, the predictions are based on historical frequency and recent activity."
3,52,"[17, 10, 18, 4, 34, 49, 1, 38, 39, 5]","The user has a strong pattern of visiting place_id 17 frequently, especially on Tuesdays and Thursdays, with multiple long stays. Recent context also shows continued visits to place_id 17, indicating it is likely to be their next destination. Place_id 10 and 18 are also visited regularly, particularly on Mondays and Tuesdays, making them probable next locations. Place_id 4 and 34 have been visited recently, suggesting they could be considered as well. Place_id 49 appears in the context, indicating a potential new interest. The other IDs are less frequent but still possible based on historical patterns."
3,17,"[17, 10, 18, 4, 34, 49, 52, 39, 1, 38]","The user has a strong pattern of visiting place_id 17 frequently, especially on Tuesdays and Thursdays, with multiple long stays. Recent context also shows a visit to place_id 17, indicating continued interest. Place_id 10 and 18 are also visited regularly, particularly on Mondays and Tuesdays. Place_id 4 and 34 have been visited recently, suggesting they may be relevant for the next visit. The user has shown some interest in place_id 49 and 52 in the context, while place_id 39 and 1 have been visited less frequently but are still potential candidates."
3,10,"[17, 10, 49, 18, 34, 4, 52, 39, 1, 38]","The user has a strong pattern of visiting place_id 17 frequently, especially on Tuesdays and Thursdays, with multiple long stays. Recent context shows a visit to place_id 17 as well, reinforcing its likelihood. Place_id 10 is also visited often, particularly on Mondays and Thursdays, making it a strong candidate. Place_id 49 appears in the context and has been visited recently, suggesting it could be a next stop. Place_id 18 has been visited multiple times on weekdays, while place_id 34 and 4 have also seen visits, indicating potential for future stays. Place_id 52 and 39 are less frequent but still relevant based on recent context. Place_id 1 and 38 are included due to their historical significance in the user's pattern."
3,40,"[17, 10, 18, 4, 52, 34, 39, 38, 1, 5]","The user has a strong pattern of visiting place_id 17, especially on Tuesdays and Thursdays, with multiple long stays. Recent context shows continued visits to place_id 10 and 17, indicating a preference for these locations. Place_id 18 is also frequently visited on Mondays and Saturdays, while place_id 4 has been visited recently, suggesting it may be a potential next stop. The user has shown varied activity across different days, but the consistent visits to place_id 17 and 10 make them the most likely next locations."
3,17,"[17, 10, 18, 4, 52, 39, 34, 38, 40, 1]","The user has a strong pattern of visiting place_id 17 frequently, especially on Tuesdays and Fridays, indicating a high likelihood of returning there. Place_id 10 and 18 are also visited regularly, particularly in the evenings. The recent context shows a visit to place_id 17, reinforcing its probability. Other places like 4 and 52 have been visited recently, suggesting they could be potential next locations as well."
3,4,"[17, 10, 18, 4, 52, 39, 34, 38, 40, 1]","The user has a strong pattern of visiting place_id 17 frequently, especially on Tuesdays and Fridays, indicating a preference for this location. The context shows recent visits to place_id 17 and 10, suggesting they are likely to continue visiting these places. Place_id 18 and 4 also appear in the history, indicating potential future visits. The user has shown varied activity across different places, but the consistent visits to 17 and 10 make them the top predictions."
3,17,"[17, 10, 4, 18, 39, 34, 40, 1, 38, 11]","The user has a strong pattern of visiting place_id 17 frequently, especially on Tuesdays and Fridays, indicating a preference for this location. Recent context shows continued visits to place_id 17, reinforcing its likelihood. Place_id 10 is also visited often, particularly in the evenings, making it a probable next stop. Place_id 4 appears in the context and has been visited recently, suggesting it could be a potential next location. Other places like 18 and 39 have been visited multiple times, contributing to their ranking."
3,17,"[17, 10, 4, 18, 34, 40, 39, 1, 38, 11]","The user has a strong pattern of visiting place_id 17 frequently, especially on Tuesdays and Fridays, indicating a preference for this location. Place_id 10 is also visited regularly, particularly in the evenings. The context shows recent visits to place_id 10 and 17, reinforcing their likelihood. Place_id 4 and 18 are also notable due to their recent visits in the context, suggesting they may be potential next locations. Other places like 34 and 40 have been visited recently, making them plausible options as well."
3,53,"[17, 10, 4, 18, 40, 34, 1, 39, 38, 11]","The user has a strong pattern of visiting place_id 17 frequently across multiple days, especially on Tuesdays and Fridays. Recent context shows continued visits to place_id 17 and 4, indicating a preference for these locations. Place_id 10 and 18 are also visited regularly, particularly on Mondays and weekends. The user has shown a tendency to visit place_id 40 recently, which may suggest a new interest. Overall, the predictions are based on historical frequency and recent context activities."
3,1,"[17, 10, 4, 18, 34, 38, 53, 39, 1, 5]","The user has a strong pattern of visiting place_id 17 frequently across multiple days and times, especially on Tuesdays and Fridays. The context shows recent visits to place_id 17 and 4, indicating a preference for these locations. Place_id 10 and 18 are also visited regularly, suggesting they are likely candidates for the next visit. The user has shown a tendency to visit places in the morning and afternoon, which aligns with the recent context stays."
3,1,"[17, 10, 4, 1, 18, 34, 38, 53, 39, 5]","The user has a strong pattern of visiting place_id 17, especially on Tuesdays and Fridays, with multiple long stays. Recent context shows continued visits to place_id 17 and 4, indicating a preference for these locations. Place_id 10 is also frequently visited, particularly on Mondays and Tuesdays. The user has shown a tendency to visit place_id 1 on Fridays, and place_id 18 on multiple days, suggesting these are also likely candidates. The other place_ids are included based on less frequent but notable visits."
3,17,"[17, 10, 1, 18, 34, 53, 39, 4, 38, 5]","The user has a strong pattern of visiting place_id 17 frequently, especially on Tuesdays and Fridays, indicating a high likelihood of returning there. Place_id 10 is also visited regularly, particularly in the evenings. The context shows recent visits to place_id 17 and 1, reinforcing their relevance. Place_id 18 has been visited multiple times on weekdays, suggesting it could be a potential next stop. Other places like 34 and 53 are less frequent but still relevant based on recent context stays."
3,17,"[17, 10, 1, 18, 34, 53, 39, 4, 38, 5]","The user has a strong pattern of visiting place_id 17 frequently, especially on Tuesdays and Saturdays, indicating a high likelihood of returning there. Place_id 10 is also visited regularly, particularly in the evenings. The context shows recent activity at place_id 17, reinforcing its probability. Place_id 1 has been visited recently as well, suggesting it could be a potential next stop. Other places like 18 and 34 have also seen visits, but less frequently, making them less likely compared to the top predictions."
3,4,"[17, 1, 10, 18, 34, 39, 53, 4, 38, 10]","The user has a strong pattern of visiting place_id 17 frequently across various days and times, especially on weekends. Recent context shows multiple visits to place_id 1, indicating a potential shift in preference. Place_id 10 and 18 are also recurrent in the history, suggesting they are likely candidates. The user has shown a tendency to stay longer at places like 17 and 1, which reinforces their likelihood of revisiting these locations."
3,17,"[17, 1, 10, 4, 18, 34, 39, 38, 5, 3]","The user has a strong pattern of visiting place_id 17 frequently across various days and times, especially on weekends. Recent context shows visits to place_id 1 and 4, indicating potential interest in these locations. The user also has a history of visiting place_id 10 and 18, particularly on weekdays. The ranking reflects the frequency and recency of visits to these places."
3,17,"[17, 10, 1, 4, 18, 34, 39, 38, 5, 3]","The user has a strong pattern of visiting place_id 17 frequently across various days and times, especially on weekends. Recent context shows continued visits to place_id 17 and 1, indicating a preference for these locations. Place_id 10 and 4 also appear regularly in the user's history, suggesting they are likely candidates for the next visit. The user tends to visit places in the morning and afternoon, which aligns with the recent context stays."
3,17,"[17, 10, 4, 18, 34, 39, 1, 38, 5, 3]","The user has a strong pattern of visiting place_id 17 frequently across various days and times, especially on weekends. Recent context shows continued visits to place_id 17, indicating a high likelihood of returning there. Place_id 10 and 4 also appear multiple times in the history, suggesting they are likely candidates. Place_id 18 has been visited recently as well, making it a probable next location. The other IDs are included based on their historical frequency and recent context relevance."
3,10,"[17, 10, 4, 18, 34, 39, 1, 38, 5, 3]","The user has a strong pattern of visiting place_id 17 frequently, especially on weekends and Mondays, as seen in both history and context. Place_id 10 is also visited regularly, particularly on Tuesdays and Mondays. Place_id 4 appears in the context and has been visited recently, indicating potential interest. Place_id 18 is visited on multiple occasions, especially on weekdays. The other place_ids are less frequent but still relevant based on the user's activity patterns."
3,17,"[17, 10, 4, 18, 34, 39, 1, 38, 5, 3]","The user has a strong pattern of visiting place_id 17, especially on Tuesdays and Sundays, with multiple long stays. Recent context shows continued visits to place_id 17 and a new visit to place_id 4, suggesting a preference for these locations. Place_id 10 and 18 are also frequently visited, particularly on Mondays. The user seems to favor places with longer durations, indicating a tendency to stay longer at certain locations."
3,54,"[17, 10, 18, 34, 4, 39, 1, 38, 5, 3]","The user has a strong pattern of visiting place_id 17 frequently, especially on Tuesdays and Sundays, indicating a preference for this location. Recent context shows continued visits to place_id 17, reinforcing its likelihood as the next destination. Place_id 10 and 18 are also frequently visited, particularly on Mondays, suggesting they are strong candidates as well. The user has shown some activity at place_id 34 and 4, which may indicate a potential shift in preference. Overall, the predictions are based on the frequency and timing of past visits."
3,17,"[17, 10, 18, 4, 54, 1, 39, 34, 38, 5]","The user has a strong pattern of visiting place_id 17 frequently, especially on Tuesdays and Mondays, as seen in both history and context. Place_id 10 is also visited regularly, particularly on Mondays and Tuesdays. Place_id 18 appears multiple times on Mondays and Saturdays, indicating a potential preference. The context shows recent visits to place_id 17 and 10, reinforcing their likelihood. Place_id 4 and 54 are also noted in the context, suggesting they may be emerging options. Overall, the predictions are based on the frequency and recency of visits."
3,17,"[17, 10, 18, 4, 54, 1, 39, 34, 38, 5]","The user has a strong pattern of visiting place_id 17 frequently, especially on Tuesdays and Mondays, as seen in both history and context. Place_id 10 is also visited multiple times, particularly in the evenings. Place_id 18 appears regularly on Mondays and Saturdays, indicating a potential preference. The context shows recent visits to place_id 17 and 10, reinforcing their likelihood. Place_id 4 and 54 are also noted in the context, suggesting they may be emerging options. Overall, the predictions are based on the frequency and timing of past visits."
3,1,"[17, 10, 18, 4, 34, 54, 39, 1, 38, 5]","The user has a strong pattern of visiting place_id 17, especially on Tuesdays and throughout the week, indicating it is a frequent destination. Place_id 10 is also visited regularly, particularly in the evenings. Recent context shows the user visited place_id 10 and 17 again, reinforcing their likelihood. Place_id 18 appears frequently in the evenings, suggesting it may be a social or dining location. Place_id 4 and 34 have been visited recently, indicating potential interest. Place_id 54 is a new context entry that may be of interest based on the recent visit pattern. Place_id 39 has also been visited recently, making it a candidate for the next visit. Place_id 1 and 5 are less frequent but still possible based on historical data."
3,10,"[17, 10, 18, 1, 34, 54, 39, 4, 38, 5]","The user has a strong pattern of visiting place ID 17, especially on Tuesdays and Wednesdays, as seen in both history and context. Place ID 10 is frequently visited in the evenings and mornings, while place ID 18 is visited on multiple days, indicating a preference. Place ID 1 and 34 are also noted in the context, suggesting potential interest. Place ID 54 appears in the context, indicating a recent visit, and place ID 39 has been visited recently as well. The other IDs are less frequent but still relevant based on the user's activity pattern."
3,17,"[17, 10, 1, 4, 54, 18, 39, 34, 38, 5]","The user has a strong pattern of visiting place_id 17 on Tuesdays, especially in the morning and early afternoon, as seen in both history and context. Place_id 10 is also frequently visited, particularly in the evenings. Place_id 1 and 4 have recent context visits, indicating potential interest. Other places like 54, 18, and 39 have been visited recently, suggesting they could be relevant for the next location."
3,10,"[17, 10, 1, 4, 18, 34, 39, 38, 5, 3]","The user has a strong pattern of visiting place_id 17, especially on Tuesdays, with multiple long stays. Recent context also shows visits to place_id 17, reinforcing its likelihood. Place_id 10 is frequently visited in the evenings and mornings, making it a probable next stop. Place_id 1 and 4 have been visited recently, indicating potential interest. Place_id 18 has been visited multiple times, especially on weekdays, suggesting it could be a regular stop. Other places like 34, 39, and 38 have also seen visits, but with less frequency."
3,17,"[17, 10, 1, 4, 18, 39, 34, 38, 5, 3]","The user has a strong pattern of visiting place_id 17, especially on Tuesdays, with multiple visits throughout the day. Recent context also shows a visit to place_id 17 shortly before the prediction time. Place_id 10 is frequently visited in the evenings and has recent context visits as well. Place_id 1 and 4 are also noted in the history and context, indicating potential for future visits. Other places like 18 and 39 have been visited but less frequently, making them less likely but still possible options."
3,17,"[17, 10, 1, 18, 34, 39, 4, 38, 5, 6]","The user has a strong pattern of visiting place_id 17 on Tuesdays, particularly in the morning and afternoon, as seen in both history and context. Place_id 10 is also frequently visited, especially in the evenings. Place_id 1 appears in the context and has been visited recently, indicating potential interest. Place_id 18 is visited on multiple occasions, particularly on Mondays and Wednesdays. Other places like 34 and 39 have been visited recently, suggesting they could also be likely next locations."
3,10,"[17, 10, 18, 4, 34, 39, 1, 38, 5, 3]","The user has a strong pattern of visiting place 17 on Tuesdays and Wednesdays, with multiple long stays. Recent context shows continued visits to place 17 and 10, indicating a preference for these locations. Place 18 also appears frequently in the history, especially on Mondays and Saturdays. The user has shown varied activity across different places, but the consistent visits to places 17 and 10 suggest they are the most likely next locations."
3,17,"[17, 10, 18, 4, 34, 39, 1, 38, 5, 3]","The user has a strong pattern of visiting place 17 frequently, especially on Tuesdays and Wednesdays, as seen in both history and context. Place 10 is also visited often, particularly in the evenings. Place 18 is noted for evening visits on multiple days. The user has shown some activity at place 4 and 34, indicating potential interest. The context shows recent visits to places 17 and 10, reinforcing their likelihood. Other places like 39, 1, 38, 5, and 3 have less frequent but notable visits, suggesting they could also be considered."
3,1,"[17, 10, 18, 4, 1, 39, 34, 38, 5, 3]","The user has a strong pattern of visiting place_id 17, especially on Tuesdays and Wednesdays, with multiple long stays. Recent context also shows visits to place_id 10 and 17, indicating a preference for these locations. Place_id 18 is frequently visited in the evenings, while place_id 4 and 1 have been visited in the mornings. The user has shown varied activity across different days, suggesting a likelihood of returning to previously visited places."
3,1,"[17, 10, 18, 1, 4, 39, 34, 38, 5, 3]","The user has a strong pattern of visiting place_id 17, especially on weekdays and mornings, as seen in both history and context. Place_id 10 is frequently visited in the evenings and has recent context visits. Place_id 18 is also visited regularly in the evenings. Place_id 1 has a significant visit on Friday morning, while place_id 4 shows some activity on Tuesday mornings. The other place_ids have less frequent but notable visits, indicating potential interest."
3,1,"[17, 10, 1, 18, 34, 39, 4, 38, 5, 3]","The user has a strong pattern of visiting place_id 17, especially on Tuesdays and Thursdays, with multiple long stays. Recent context shows continued visits to place_id 17 and 10, indicating these are likely next locations. Place_id 1 is also notable due to recent visits, suggesting a potential shift in routine. Other places like 18 and 34 have been visited frequently, making them likely candidates as well."
3,1,"[17, 10, 1, 18, 34, 39, 4, 38, 11, 5]","The user has a strong pattern of visiting place_id 17, especially on Tuesdays and Thursdays, with multiple long stays. Recent context shows continued visits to place_id 10 and 1, indicating they are also likely candidates. Place_id 18 has been visited frequently on Mondays and Saturdays, while place_id 34 appears in the context as well. The user has shown varied activity across different places, but the most consistent visits suggest these predictions."
3,1,"[17, 10, 1, 18, 34, 39, 4, 38, 5, 3]","The user has a strong pattern of visiting place_id 17, especially on Tuesdays and Thursdays, with multiple long stays. Recent context shows continued visits to place_id 1, indicating a potential shift or addition to their routine. Place_id 10 and 18 are also frequently visited, particularly in the evenings. The user has shown a preference for these places, suggesting they are likely candidates for the next visit."
3,1,"[17, 10, 1, 18, 34, 39, 4, 38, 5, 3]","The user has a strong pattern of visiting place_id 17, especially on Tuesdays and Thursdays, with multiple long stays. Recent context shows continued visits to place_id 1, indicating a preference for this location. Place_id 10 and 18 are also frequently visited, particularly on Mondays and Wednesdays. The user tends to visit places in the morning and late evening, which aligns with the predicted places."
3,1,"[1, 17, 10, 18, 34, 4, 39, 38, 5, 2]","The user has a strong pattern of visiting place_id 17 frequently, especially on weekdays, and has recently visited place_id 1 multiple times, indicating a preference for it. The context shows continued activity at place_id 1, suggesting it may be a current favorite. Other places like 10 and 18 are also visited regularly, particularly on Mondays and Tuesdays, which aligns with the user's recent activity. The ranking reflects the frequency and recency of visits to these places."
3,1,"[1, 17, 10, 18, 34, 4, 39, 38, 5, 2]","The user has a strong pattern of visiting place_id 17 on multiple occasions, especially on Tuesdays and Wednesdays, indicating a preference for this location. The recent context shows continued visits to place_id 1, suggesting it remains a significant location. Additionally, place_id 10 and 18 have been visited frequently, particularly on Mondays and Tuesdays, which aligns with the user's activity pattern. The other places in the prediction list are also based on their historical significance and recent context visits."
3,1,"[1, 17, 10, 18, 34, 4, 39, 38, 5, 2]","The user has a strong pattern of visiting place_id 17 on multiple occasions, especially on Tuesdays and Wednesdays, indicating a preference for this location. The recent context shows the user has spent significant time at place_id 1, suggesting a likelihood of returning there. Other places like 10 and 18 have also been visited frequently, particularly on Mondays and weekends, which aligns with the user's activity pattern. The ranking reflects the frequency and recency of visits to these places."
3,1,"[17, 1, 10, 18, 34, 39, 4, 38, 10, 10]","The user has a strong pattern of visiting place_id 17 frequently across multiple days, especially on Tuesdays and Wednesdays. Recent context shows continued activity at place_id 1, indicating a possible shift or new interest. Place_id 10 and 18 are also visited regularly, particularly on Mondays and weekends. The user tends to stay longer at these places, suggesting they are preferred locations. The ranking reflects both historical frequency and recent context activity."
3,1,"[1, 17, 10, 18, 34, 4, 39, 38, 5, 2]","The user has a strong pattern of visiting place_id 17 frequently, especially on Tuesdays and Wednesdays, indicating a preference for this location. The recent context also shows multiple visits to place_id 1, suggesting it may be a current focus. Place_id 10 and 18 are also visited regularly, particularly on Mondays and weekends. The user tends to visit places in the morning and late evening, which aligns with the timing of the context stays. Overall, the predictions are based on historical frequency and recent activity trends."
3,1,"[1, 17, 10, 18, 34, 39, 4, 38, 5, 2]","The user has a strong pattern of visiting place_id 17 on multiple occasions, especially on Tuesdays and Wednesdays, indicating a preference for this location. The recent context shows visits to place_id 1, which is also a frequent location for the user, suggesting a likelihood of returning there. Place_id 10 and 18 are also visited regularly, particularly on Mondays and weekends, making them probable next locations. The user has shown varied activity across different days, but the consistency in visiting certain places during specific times supports these predictions."
3,1,"[1, 17, 10, 18, 34, 4, 39, 38, 5, 2]","The user has a strong pattern of visiting place_id 17 frequently, especially on Tuesdays and Wednesdays, and has recently visited place_id 1 multiple times on the weekend. The context shows continued activity at place_id 1, indicating a preference for this location. Other places like 10 and 18 are also visited regularly, particularly on weekdays, suggesting they are likely candidates for the next visit."
3,1,"[1, 17, 10, 18, 34, 39, 4, 38, 5, 2]","The user has a strong pattern of visiting place_id 17 on multiple occasions, especially on Tuesdays and Sundays, indicating a preference for this location. The recent context shows multiple stays at place_id 1, suggesting a current interest or need for this location. Place_id 10 and 18 are also frequently visited, particularly on Mondays and Wednesdays, which aligns with the user's activity pattern. The other places listed have less frequent but notable visits, indicating potential future interest."
3,10,"[1, 17, 10, 18, 34, 4, 39, 38, 5, 2]","The user has a strong pattern of visiting place_id 17 on multiple occasions, especially on Tuesdays and Wednesdays, indicating a preference for this location. Recent context shows continued visits to place_id 1, suggesting it may also be a frequent stop. The user has also visited place_id 10 and 18 regularly, particularly on Mondays and weekends. The ranking reflects the frequency and recency of visits to these places."
3,17,"[17, 10, 1, 18, 34, 39, 4, 38, 5, 3]","The user has a strong pattern of visiting place_id 17, especially on Tuesdays and Wednesdays, and has recently visited place_id 1 multiple times on Sunday, indicating a preference for this location. Place_id 10 is also frequently visited, particularly in the evenings. The context shows recent activity at place_id 1, suggesting a likelihood of returning there. Other places like 18 and 34 have also been visited frequently, contributing to their ranking."
3,10,"[17, 10, 1, 18, 34, 39, 4, 38, 5, 3]","The user has a strong pattern of visiting place_id 17, especially on Tuesdays and Wednesdays, and has recently visited it again on Monday. Place_id 10 is frequently visited in the evenings and has recent context visits. Place_id 1 has been visited recently and shows potential for future visits. Place_id 18 is also a common evening destination. The other places have been visited less frequently but are still relevant based on the user's activity pattern."
3,10,"[17, 10, 1, 18, 34, 39, 4, 38, 5, 6]","The user has a strong pattern of visiting place_id 17, especially on Tuesdays and Wednesdays, and has recently visited it again on Monday. Place_id 10 is also frequently visited, particularly on Mondays and Tuesdays. The context shows recent visits to place_id 1, which suggests a potential shift in preference. Place_id 18 is visited often in the evenings, and the user has a history of visiting it on Mondays. Other places like 34 and 39 have been visited but less frequently, indicating they might be less likely next choices. Overall, the predictions are based on the frequency and timing of past visits."
3,10,"[17, 10, 1, 18, 4, 39, 34, 38, 5, 3]","The user has a strong pattern of visiting place_id 17 on multiple occasions, especially on Tuesdays and Wednesdays, indicating a preference for this location. Recent context shows visits to place_id 1 and 10, suggesting they are also likely candidates. Place_id 18 has been visited frequently in the evenings, while place_id 4 has been visited in the mornings. The user has a diverse range of places they frequent, but the historical data strongly favors place_id 17 as the most probable next location."
3,17,"[17, 10, 18, 34, 1, 39, 4, 38, 5, 6]","The user has a strong pattern of visiting place_id 17, especially on Tuesdays and Wednesdays, and has also recently visited place_id 10 multiple times on Monday. The context shows continued activity at place_id 10, indicating a preference for this location. Place_id 18 is also frequently visited in the evenings, suggesting it may be a popular choice for after-work activities. The other place_ids are included based on their historical frequency and recent context relevance."
3,1,"[17, 10, 18, 34, 1, 39, 4, 38, 5, 3]","The user has a strong pattern of visiting place 17 frequently, especially on Tuesdays and Mondays, as seen in both history and context. Place 10 is also visited multiple times, particularly in the evenings. Place 18 is noted for evening visits on Mondays and Saturdays. The context shows recent visits to places 17 and 10, indicating a preference for these locations. Other places like 34 and 1 have been visited during the day, suggesting they could be potential next stops. The user has a diverse pattern but tends to return to familiar places."
3,17,"[17, 10, 18, 1, 34, 39, 4, 38, 5, 3]","The user has a strong pattern of visiting place 17 frequently, especially on Tuesdays and Wednesdays, and has also recently visited places 10 and 18 multiple times. The context shows recent stays at place 10, indicating a continued interest. Place 1 has been visited on Fridays, suggesting a potential for weekend visits. The user also has a history of visiting places 34 and 39, which could be relevant for future stays. Overall, the predictions are based on the frequency and recency of visits to these places."
3,10,"[17, 10, 1, 18, 4, 39, 34, 38, 5, 3]","The user has a strong pattern of visiting place_id 17 on multiple occasions, especially on Tuesdays and Wednesdays, indicating a preference for this location. Recent context shows visits to place_id 10 and 17, reinforcing their likelihood. Place_id 1 is also visited recently, suggesting it could be a potential next stop. The user frequently visits place_id 18 and has shown interest in place_id 4 and 39, making them likely candidates as well."
3,17,"[17, 10, 1, 18, 4, 39, 34, 38, 5, 3]","The user has a strong pattern of visiting place 17 frequently, especially on Tuesdays and during morning hours. Recent context shows continued visits to places 10 and 17, indicating a preference for these locations. Place 1 is also noted in the context, suggesting it may be a potential next stop. The user has a consistent pattern of visiting places 18 and 4, particularly in the evenings and mornings, which supports their likelihood as next destinations."
3,10,"[17, 10, 1, 4, 18, 39, 34, 38, 5, 3]","The user has a strong pattern of visiting place_id 17, especially on Tuesdays, with multiple visits throughout the day. The recent context also shows a visit to place_id 17, indicating continued interest. Place_id 10 is frequently visited in the evenings and mornings, making it a likely next stop. Place_id 1 has been visited recently, suggesting it could be a potential next location. Other places like 4, 18, and 39 have also seen visits, but with less frequency."
3,17,"[17, 10, 1, 18, 34, 39, 4, 38, 5, 6]","The user has a strong pattern of visiting place_id 17, especially on Tuesdays and Wednesdays, with multiple long stays. Recent context shows continued visits to place_id 17 and 10, indicating they are likely to return to these places. Place_id 1 is also visited recently, suggesting it may be a potential next stop. The user frequently visits place_id 18 and has shown interest in place_id 34 and 39, making them likely candidates as well."
3,10,"[17, 10, 18, 4, 1, 39, 34, 38, 5, 3]","The user has a strong pattern of visiting place_id 17, especially on Tuesdays and Wednesdays, with multiple long stays. Recent context also shows visits to place_id 17, reinforcing its likelihood. Place_id 10 is frequently visited in the mornings and evenings, making it a strong candidate as well. Place_id 18 has been visited in the evenings on multiple occasions, while place_id 4 and 1 have been visited during the mornings. Place_id 39 and 34 have also seen recent activity, indicating potential interest. Overall, the predictions are based on the frequency and timing of past visits."
3,1,"[17, 10, 18, 4, 34, 39, 1, 38, 5, 3]","The user has a strong pattern of visiting place_id 17 on Tuesdays and Wednesdays, particularly during the day. Recent context shows continued visits to place_id 10 and 17, indicating a preference for these locations. Place_id 18 is also frequently visited in the evenings, while place_id 4 has been visited in the morning on Tuesdays. The user has shown a tendency to visit multiple places on Wednesdays, suggesting a likelihood of returning to familiar locations."
3,1,"[17, 10, 18, 1, 34, 39, 4, 38, 5, 6]","The user has a strong pattern of visiting place_id 17, especially on Tuesdays and Wednesdays, as seen in both history and context. Place_id 10 is also frequently visited, particularly in the evenings. Place_id 18 appears regularly on Mondays and Wednesdays. The context shows recent visits to place_id 17 and 10, reinforcing their likelihood. Place_id 1 is noted in the context and has historical relevance. Other places like 34, 39, 4, 38, 5, and 6 have less frequent but notable visits, making them potential candidates."
3,1,"[17, 10, 1, 18, 34, 39, 4, 38, 5, 3]","The user has a strong pattern of visiting place_id 17, especially on Tuesdays and Wednesdays, with multiple long stays. Recent context shows continued visits to place_id 10 and 17, indicating a preference for these locations. Place_id 1 and 18 also appear in the history, suggesting they are likely candidates. The user has shown varied activity across different days, but the consistency in visiting certain places during specific times strengthens the prediction for these IDs."
3,1,"[17, 10, 1, 4, 18, 34, 39, 38, 5, 3]","The user has a strong pattern of visiting place_id 17, especially on Tuesdays and Wednesdays, with multiple long stays. Recent context shows continued visits to place_id 17, indicating a high likelihood of returning there. Place_id 10 and 1 also appear frequently in both history and context, suggesting they are likely next destinations. The user has shown varied activity across different places, but the consistent visits to 17 and the recent context supports its high ranking."
3,17,"[17, 10, 1, 18, 34, 39, 4, 38, 5, 3]","The user has a strong pattern of visiting place_id 17, especially on Tuesdays and Thursdays, with multiple long stays. Recent context shows a visit to place_id 10, which is also frequently visited. Place_id 1 has been visited recently in the context, indicating a potential shift. Place_id 18 and 34 are also common in the user's history, suggesting they may be likely next stops. The other IDs are included based on less frequent but notable visits."
3,1,"[17, 1, 10, 18, 34, 39, 4, 38, 5, 3]","The user has a strong pattern of visiting place_id 17 frequently, especially on Tuesdays and Thursdays, indicating a preference for this location. Recent context stays also show a visit to place_id 1, suggesting it may be a new or alternative location of interest. Other places like 10 and 18 have also been visited multiple times, particularly on weekdays, which aligns with the user's activity pattern. The ranking reflects both historical frequency and recent context relevance."
3,17,"[17, 1, 10, 18, 34, 39, 4, 38, 5, 3]","The user has a strong pattern of visiting place_id 17 frequently, especially on Tuesdays and Thursdays, indicating a preference for this location. Recent context stays also show visits to place_id 1, suggesting it may be a secondary location of interest. The user has also visited places 10 and 18 multiple times, particularly on weekdays, which supports their likelihood as next destinations. The other places in the prediction list have been visited less frequently but still show potential based on the user's activity patterns."
3,10,"[17, 1, 10, 18, 34, 39, 4, 38, 5, 3]","The user has a strong pattern of visiting place_id 17 frequently, especially on Tuesdays and Thursdays, indicating a preference for this location. Recent context shows continued visits to place_id 1, suggesting it may also be a likely next stop. Other places like 10 and 18 have been visited multiple times, particularly on weekdays, which aligns with the user's activity pattern. The context data reinforces the likelihood of returning to these places, especially after recent visits."
3,1,"[17, 1, 10, 18, 34, 39, 4, 38, 10, 17]","The user has a strong pattern of visiting place_id 17 frequently, especially on weekdays and during morning hours. Recent context shows visits to place_id 1 and 17, indicating a likelihood of returning to these places. The user also has notable stays at place_id 10 and 18, particularly in the evenings. The prediction reflects a combination of historical patterns and recent activities."
3,17,"[17, 10, 1, 18, 4, 39, 34, 38, 5, 3]","The user has a strong pattern of visiting place_id 17 frequently, especially on Tuesdays and Fridays, indicating a preference for this location. Recent context shows continued visits to place_id 17, reinforcing its likelihood. Place_id 10 is also visited regularly, particularly in the evenings, making it a probable next location. Place_id 1 has been visited recently in the context, suggesting it could be a potential next stop. Other places like 18, 4, and 39 have also seen visits, but with less frequency, making them less likely but still possible options."
3,17,"[17, 10, 1, 18, 34, 39, 4, 38, 5, 3]","The user has a strong pattern of visiting place_id 17, especially on weekdays and during morning hours. Recent context shows visits to place_id 1 and 17, indicating a preference for these locations. Place_id 10 is also frequently visited, particularly in the evenings. The user has shown a tendency to stay longer at certain places, suggesting they may return to familiar locations. The ranking reflects the frequency and recency of visits to these places."
3,1,"[17, 10, 1, 18, 34, 38, 39, 4, 5, 6]","The user has a strong pattern of visiting place_id 17 frequently across multiple days and times, especially on weekdays. Recent context shows continued visits to place_id 17 on Friday, indicating a high likelihood of returning there. Place_id 10 is also visited regularly, particularly in the evenings, making it a probable next location. Place_id 1 has been visited recently and has a long stay duration, suggesting it could be a preferred location. Place_id 18 and 34 have also been visited multiple times, indicating they are potential next stops. The other IDs are less frequent but still possible based on the user's varied activity."
3,1,"[17, 10, 1, 18, 34, 39, 4, 38, 5, 6]","The user has a strong pattern of visiting place 17 frequently, especially on weekdays and mornings. Recent context shows visits to places 10 and 1, indicating a preference for these locations as well. Place 18 is also visited regularly in the evenings. The user tends to visit places 4 and 34 during mornings, while places 39 and 38 have been visited less frequently but still hold potential based on recent activity. Overall, the predictions are based on the frequency and timing of past visits."
