user_id,ground_truth,prediction,reason
4,17,"[17, 4, 184, 40, 195, 1, 193, 30, 46, 89]","The user has a strong pattern of visiting place_id 17 frequently, especially on Tuesdays and Mondays, as seen in both history and context. Place_id 4 is also visited often, particularly in the afternoons. The recent context shows continued visits to place_id 17, reinforcing its likelihood. Other places like 184 and 40 are also notable due to their previous long stays, indicating they are significant locations for the user."
4,17,"[17, 4, 184, 40, 195, 30, 46, 1, 89, 193]","The user has a strong pattern of visiting place 17 frequently, especially on Tuesdays and Wednesdays, and has also visited place 4 multiple times. Recent context shows continued activity at places 4 and 17, indicating a likelihood of returning to these locations. Place 184 is also a common destination, particularly on weekdays, while places 40 and 195 have been visited during longer stays. The user has shown a preference for these places, especially during morning and afternoon hours."
4,4,"[17, 4, 184, 40, 195, 30, 46, 1, 125, 193]","The user has a strong pattern of visiting place_id 17 multiple times on Tuesdays and Wednesdays, especially in the morning and early afternoon. Recent context shows continued visits to place_id 17, indicating a high likelihood of returning there. Place_id 4 is also frequently visited, particularly in the afternoon and evening, making it a strong candidate. Other places like 184 and 40 have been visited consistently, especially on Tuesdays and Wednesdays, suggesting they are also likely next stops."
4,17,"[17, 4, 184, 195, 30, 46, 1, 89, 193, 125]","The user has a strong pattern of visiting place_id 17 frequently throughout the week, especially on Tuesdays and Wednesdays, indicating a high likelihood of returning there. Place_id 4 is also visited multiple times, particularly in the context stays, suggesting it is a common location. Place_id 184 and 195 are visited regularly on Fridays and Saturdays, making them likely candidates as well. The recent context shows continued activity at place_id 17 and 4, reinforcing their probabilities. Other places like 30, 46, 1, 89, 193, and 125 have been visited but less frequently, yet they remain in consideration due to their past relevance."
4,4,"[17, 4, 184, 195, 30, 46, 1, 89, 193, 125]","The user has a strong pattern of visiting place_id 17 frequently, especially on Tuesdays and Wednesdays, indicating a preference for this location. Place_id 4 is also visited multiple times, particularly during early mornings and late evenings. Recent context shows continued activity at place_id 4, suggesting it remains relevant. Place_id 184 and 195 are also notable due to their frequent visits on various days, particularly on Fridays and Saturdays. The user has shown a tendency to return to familiar places, especially during specific times of the day, which supports the likelihood of these predictions."
4,17,"[17, 4, 184, 195, 30, 46, 1, 89, 193, 125]","The user has a strong pattern of visiting place_id 17 frequently throughout the week, especially on Tuesdays and Wednesdays, indicating a high likelihood of returning there. Place_id 4 is also visited multiple times, particularly in the context of recent stays. The user has shown a preference for places 184 and 195 on multiple occasions, suggesting they are also likely candidates. The recent context stays reinforce the likelihood of returning to these places, especially 17 and 4, which are consistently visited."
4,160,"[17, 4, 184, 40, 195, 30, 46, 1, 89, 193]","The user has a strong pattern of visiting place_id 17 frequently, especially on Tuesdays and Wednesdays, and has also visited place_id 4 multiple times. Recent context shows continued visits to these places, particularly 17, indicating a high likelihood of returning there. Other places like 184 and 40 are also visited regularly, suggesting they could be potential next locations."
4,4,"[4, 17, 184, 195, 30, 46, 125, 1, 193, 89]","The user has a strong pattern of visiting places 4 and 17 frequently, especially on Tuesdays and Wednesdays. Recent context shows continued visits to place 4 and 17, indicating they are likely to return. Place 184 is also a common location, visited multiple times in the past week. The user has shown a tendency to visit place 195 on weekends, and place 30 and 46 were visited recently, suggesting they may be considered as next locations. The user has also visited place 125 on Wednesday mornings, which could indicate a potential return. Overall, the predictions are based on the frequency and recency of visits to these places."
4,17,"[17, 4, 184, 40, 195, 1, 125, 30, 46, 160]","The user has a strong pattern of visiting place_id 17 frequently throughout the week, especially on Tuesdays and Thursdays, indicating a high likelihood of returning there. Place_id 4 is also visited multiple times, particularly in the evenings. The context shows recent visits to place_id 17 and 4, reinforcing their likelihood. Place_id 184 appears consistently in the user's history, suggesting it may be a regular stop. Other places like 40 and 195 have also been visited frequently, making them probable next locations."
4,4,"[17, 4, 184, 195, 30, 46, 125, 160, 1, 193]","The user has a strong pattern of visiting place 17 frequently, especially on Tuesdays and Thursdays, indicating a preference for this location. Place 4 is also visited often, particularly in the evenings. Recent context shows the user visited place 4 on Wednesday evening, suggesting a likelihood of returning there. Place 184 is visited multiple times throughout the week, making it a probable next stop. Place 195 has been visited recently, indicating it may be a current interest. Other places like 30, 46, 125, and 160 have been visited in the past, and their recent context suggests they could be relevant as well."
4,17,"[17, 4, 184, 195, 30, 46, 160, 1, 89, 193]","The user has a strong pattern of visiting place_id 17 frequently, especially on Tuesdays and Thursdays, indicating a preference for this location. Place_id 4 is also visited multiple times, particularly during the early morning and late evening. Recent context shows continued visits to place_id 17 and 4, reinforcing their likelihood. Other places like 184 and 195 are also noted in the history, suggesting they are potential next stops. The user tends to visit places in the morning and early afternoon, which aligns with the predicted places."
4,17,"[17, 4, 184, 195, 30, 46, 1, 125, 193, 40]","The user has a strong pattern of visiting place_id 17 frequently, especially on Tuesdays and Thursdays, and has also visited place_id 4 multiple times. Recent context shows continued visits to these places, particularly place_id 17 and 4, indicating they are likely to return. Place_id 184 and 195 are also significant due to their frequent visits on various days. The user tends to visit places in the morning and early afternoon, which aligns with the context data provided."
4,18,"[17, 4, 184, 195, 30, 46, 1, 89, 193, 125]","The user has a strong pattern of visiting place_id 17 frequently, especially on Tuesdays and Fridays, indicating a preference for this location. Place_id 4 is also visited multiple times, particularly during early mornings and late evenings. Recent context shows continued visits to place_id 4 and 17, reinforcing their likelihood. Place_id 184 and 195 are also notable due to their frequent visits on various days, suggesting they are part of the user's routine. The other place_ids are included based on occasional visits and their proximity to the user's recent activities."
4,1,"[17, 4, 184, 195, 30, 46, 18, 1, 89, 193]","The user has a strong pattern of visiting place_id 17 frequently, especially on Tuesdays and Fridays, indicating a preference for this location. Place_id 4 is also visited multiple times, particularly during late hours. Recent context shows continued visits to place_id 17 and 4, reinforcing their likelihood. Place_id 184 and 195 are also notable due to their frequent visits on various days, suggesting they are part of the user's routine. The other place_ids are included based on occasional visits and their relevance in the user's recent context."
4,1,"[4, 17, 1, 18, 30, 40, 46, 125, 195, 184]","The user has a strong pattern of visiting places 4 and 17 frequently, especially on Tuesdays and Fridays. Recent context shows a visit to place 4 late on Thursday and multiple visits to place 17 on Friday morning and afternoon. Place 1 is also noted in the context, indicating a potential for future visits. The user tends to stay longer at places 17 and 4, suggesting they are preferred locations. Other places like 18 and 30 are included due to recent context activity."
4,10,"[17, 4, 1, 18, 40, 184, 195, 30, 46, 125]","The user has a strong pattern of visiting place_id 17 frequently, especially on Tuesdays and Fridays, indicating a preference for this location. The context shows recent visits to place_id 17, reinforcing its likelihood. Place_id 4 is also visited often, particularly during late hours, making it a probable next stop. Place_id 1 and 18 are included due to recent context visits, while 40, 184, and 195 are noted for their historical significance in the user's pattern. Place_id 30 and 46 are less frequent but still relevant based on the user's varied schedule."
4,17,"[17, 4, 1, 184, 195, 30, 10, 18, 46, 193]","The user has a strong pattern of visiting place_id 17 frequently, especially on Tuesdays and Fridays, indicating a high likelihood of returning there. Place_id 4 is also visited multiple times, particularly in the evenings. Recent context shows the user visited place_id 17 again on Friday, reinforcing its probability. Place_id 1 appears in the context and has been visited recently, suggesting it could be a potential next stop. Other places like 184 and 195 have also been visited frequently, making them likely candidates as well."
4,4,"[17, 4, 1, 184, 195, 30, 10, 18, 46, 125]","The user has a strong pattern of visiting place_id 17 frequently, especially on Tuesdays and Mondays, indicating a preference for this location. Place_id 4 is also visited multiple times, particularly in the evenings. Recent context shows visits to place_id 1 and 18, suggesting they are also likely candidates. The user has a consistent routine with place_id 184 and 195, which are visited often on weekends. The timing of the context stays aligns with the user's historical patterns, reinforcing the likelihood of these places."
4,17,"[17, 4, 1, 184, 195, 30, 46, 10, 89, 193]","The user has a strong pattern of visiting place_id 17 frequently, especially on Tuesdays and Mondays, indicating a preference for this location. Place_id 4 is also visited multiple times, particularly during the early hours and late evenings. Recent context shows the user visited place_id 1 on Saturday and Monday, suggesting a potential for return. Place_id 184 and 195 are also notable due to their frequent visits on various days. The user has shown a tendency to visit places in the early morning and late evening, which aligns with the predicted places."
4,4,"[17, 4, 1, 184, 10, 30, 46, 195, 125, 193]","The user has a strong pattern of visiting place_id 17 frequently, especially on Tuesdays and Mondays, indicating a preference for this location. Place_id 4 is also visited multiple times, particularly during the early morning and late evening. Recent context shows the user visited place_id 1 on Saturday, suggesting a potential return. Place_id 184 is visited regularly on weekdays, while place_id 10 has recent activity on Sunday. The user has shown varied patterns but consistently returns to certain places, especially on specific days."
4,17,"[17, 4, 184, 195, 10, 30, 46, 1, 89, 193]","The user has a strong pattern of visiting place_id 17 frequently, especially on Tuesdays and Mondays, indicating a preference for this location. Place_id 4 is also visited multiple times, particularly during the early morning and late evening. Recent context shows continued visits to place_id 17 and 4, reinforcing their likelihood. Place_id 184 and 195 are also notable due to their frequent visits on various days, suggesting they are part of the user's routine. Place_id 10 appears in the context, indicating a potential new interest. The other IDs are included based on their historical significance and recent context relevance."
4,17,"[17, 4, 184, 195, 30, 46, 1, 89, 193, 125]","The user has a strong pattern of visiting place_id 17 frequently, especially on Tuesdays and Mondays, indicating a preference for this location. Place_id 4 is also visited multiple times, particularly during the early morning and late evening. The context shows recent visits to place_id 17 and 4, reinforcing their likelihood. Other places like 184 and 195 are also noted in the history, suggesting they are potential next stops. The user tends to stay longer at certain places, which may influence their next choice based on recent activities."
4,17,"[17, 4, 184, 195, 30, 46, 1, 89, 193, 125]","The user has a strong pattern of visiting place_id 17 frequently, especially on Tuesdays and Mondays, indicating a preference for this location. Place_id 4 is also visited multiple times, particularly during the early morning and late evening. Recent context shows continued visits to both place_id 4 and 17, reinforcing their likelihood. Place_id 184 and 195 are also notable due to their frequent visits on various days, suggesting they are part of the user's routine. The other place_ids are included based on occasional visits and their relevance in the user's recent context."
4,4,"[17, 4, 184, 195, 30, 46, 1, 89, 193, 125]","The user has a strong pattern of visiting place_id 17 frequently, especially on Tuesdays and Mondays, as seen in both history and context. Place_id 4 is also visited often, particularly in the evenings. The context shows recent visits to place_id 17, reinforcing its likelihood. Other places like 184 and 195 are also noted in the history, indicating potential future visits. The user tends to stay longer at certain places, suggesting a preference for them."
4,17,"[17, 4, 184, 40, 195, 30, 46, 1, 89, 193]","The user has a strong pattern of visiting place_id 17 frequently on Tuesdays, especially in the morning and afternoon. Recent context shows multiple visits to place_id 17 on Tuesday, indicating a high likelihood of returning there. Place_id 4 is also visited often, particularly in the evening, and has recent context activity. Other places like 184 and 40 are visited regularly, especially on Tuesdays, making them likely candidates as well."
4,184,"[17, 4, 184, 195, 30, 46, 1, 89, 193, 125]","The user has a strong pattern of visiting place_id 17 frequently throughout the week, especially on Tuesdays and Wednesdays, indicating a high likelihood of returning there. Place_id 4 is also visited multiple times, particularly in the afternoons and evenings. Recent context stays further reinforce the preference for place_id 17, as the user visited it multiple times on the same day. Other places like 184 and 195 are also notable due to their consistent presence in the user's history, especially on Tuesdays and Fridays."
4,17,"[17, 4, 184, 40, 195, 1, 193, 125, 46, 89]","The user has a strong pattern of visiting place_id 17 frequently throughout the week, especially on Tuesdays and Wednesdays, indicating a high likelihood of returning there. Place_id 4 is also visited multiple times, particularly in the context stays, suggesting it is a common location. Place_id 184 appears frequently in the history and context, indicating it is a significant place for the user. Other places like 40 and 195 have been visited multiple times, especially on weekdays, which may also influence the next location choice."
4,4,"[17, 4, 184, 195, 30, 46, 1, 89, 193, 125]","The user has a strong pattern of visiting place_id 17 frequently, especially on Tuesdays and Wednesdays, with multiple long stays. The context shows recent visits to place_id 17 and 4, indicating a preference for these locations. Place_id 184 is also notable due to its repeated visits on multiple days. The user tends to visit places in the morning and early afternoon, suggesting that these times are likely for their next visit."
4,22,"[17, 4, 184, 40, 195, 1, 193, 89, 30, 46]","The user has a strong pattern of visiting place_id 17 frequently, especially on Tuesdays and Wednesdays, indicating a preference for this location. Place_id 4 is also visited multiple times, particularly during early morning and late evening. Recent context shows continued activity at place_id 4, suggesting it remains a likely next destination. Place_id 184 appears frequently in the history and context, indicating it is a significant location for the user. Other places like 40 and 195 have also been visited multiple times, making them probable options as well."
4,17,"[17, 4, 184, 30, 46, 195, 1, 89, 22, 193]","The user has a strong pattern of visiting place_id 17 frequently, especially on Tuesdays and Wednesdays, with multiple long stays. Recent context also shows a visit to place_id 17, indicating continued interest. Place_id 4 is another frequent location, particularly during early morning and late evening hours. Place_id 184 is visited often on weekdays, especially on Wednesdays and Fridays. Other places like 30, 46, and 195 have also been visited but less frequently, while 1, 89, 22, and 193 are less common but still relevant based on recent context."
4,4,"[17, 4, 184, 30, 22, 195, 46, 1, 89, 193]","The user has a strong pattern of visiting place_id 17 frequently, especially on Tuesdays and Wednesdays, indicating a high likelihood of returning there. Place_id 4 is also visited multiple times, particularly in the mornings and evenings. Recent context shows continued visits to place_id 17 and 4, reinforcing their likelihood. Place_id 184 appears frequently in the history and context, suggesting it is a common destination. Other places like 30 and 22 have recent context visits, indicating potential interest. Overall, the predictions are based on the frequency and timing of past visits."
4,4,"[17, 4, 184, 40, 195, 22, 1, 193, 125, 46]","The user has a strong pattern of visiting place_id 17 frequently, especially on Tuesdays and Wednesdays, indicating a preference for this location. The context shows recent visits to place_id 17, reinforcing its likelihood. Place_id 4 is also visited often, particularly in the afternoons, making it a strong candidate. Other places like 184 and 40 have been visited multiple times, especially on weekdays, suggesting they are also likely next stops. The user has shown varied activity patterns, but the consistency in visiting certain places during specific times supports these predictions."
4,17,"[17, 4, 184, 195, 30, 22, 46, 1, 89, 193]","The user has a strong pattern of visiting place_id 17 frequently throughout the week, especially on Tuesdays and Wednesdays, indicating a high likelihood of returning there. Place_id 4 is also visited multiple times, particularly in the mornings and afternoons. Recent context shows continued activity at place_id 4, reinforcing its probability. Place_id 184 is visited regularly on multiple days, making it a likely candidate as well. Other places like 195 and 30 have also seen recent visits, suggesting they could be potential next locations."
4,4,"[17, 4, 184, 195, 30, 22, 46, 1, 125, 193]","The user has a strong pattern of visiting place_id 17 frequently, especially on Tuesdays and Thursdays, indicating a preference for this location. Place_id 4 is also visited multiple times, particularly in the afternoons and evenings. Recent context shows visits to place_id 22 and 17, reinforcing their likelihood. Place_id 184 and 195 are also notable due to their frequent appearances in the user's history. The user tends to visit places in the morning and afternoon, suggesting that these times are optimal for predicting the next location."
4,17,"[17, 4, 184, 195, 30, 46, 1, 89, 193, 125]","The user has a strong pattern of visiting place 17 frequently, especially on Tuesdays and Thursdays, indicating a high likelihood of returning there. Place 4 is also visited often, particularly in the afternoons and evenings. The context shows recent visits to places 17 and 4, reinforcing their likelihood. Other places like 184 and 195 are also notable due to their frequent visits in the past, especially on weekdays. The user tends to have longer stays at these locations, suggesting they are significant to their routine."
4,150,"[4, 17, 184, 195, 30, 46, 1, 125, 89, 193]","The user has a strong pattern of visiting places 4 and 17 frequently, especially on Tuesdays and Thursdays. Recent context shows continued visits to place 4, indicating a high likelihood of returning there. Place 184 is also a common location, particularly on weekdays. The user has shown a tendency to visit place 195 on weekends, and place 30 has been visited recently, suggesting it may be a potential next stop. Overall, the predictions are based on historical frequency and recent context activities."
4,17,"[17, 4, 184, 195, 30, 46, 150, 1, 89, 193]","The user has a strong pattern of visiting place_id 17 frequently, especially on Tuesdays and Thursdays, indicating a preference for this location. Place_id 4 is also visited multiple times, particularly during early morning and late evening. Recent context shows continued visits to place_id 4 and 17, reinforcing their likelihood. Place_id 184 and 195 are also notable due to their frequent visits on various days, suggesting they are part of the user's routine. The other place_ids are included based on occasional visits and recent context activity."
4,4,"[17, 4, 184, 195, 30, 46, 150, 89, 1, 193]","The user has a strong pattern of visiting place_id 17 frequently, especially in the mornings and during weekdays. Recent context shows continued visits to place_id 17, indicating a high likelihood of returning there. Place_id 4 is also visited often, particularly in the afternoons and evenings. Other places like 184 and 195 have been visited multiple times, suggesting they are also likely candidates. The context data reinforces these patterns, especially with recent visits to place_id 17 and 4."
4,17,"[17, 4, 184, 195, 150, 30, 46, 89, 1, 193]","The user has a strong pattern of visiting place_id 17 frequently, especially on Tuesdays and Fridays, indicating a preference for this location. Place_id 4 is also visited multiple times, particularly during early mornings and late evenings. Recent context shows visits to place_id 4 and 17, reinforcing their likelihood. Place_id 184 and 195 are also notable due to their frequent visits on Fridays. The user has shown interest in place_id 150 recently, which may indicate a new pattern. Other places like 30, 46, 89, 1, and 193 have less frequent but notable visits, making them potential candidates as well."
4,4,"[17, 4, 184, 195, 150, 30, 46, 89, 1, 193]","The user has a strong pattern of visiting place_id 17 frequently, especially on Tuesdays and Fridays, indicating it is a preferred location. The context shows recent visits to place_id 17 and 4, suggesting these are likely candidates for the next visit. Place_id 184 and 195 are also frequently visited, particularly on Fridays, which aligns with the current day. The user has shown a tendency to return to familiar places, making these predictions based on historical and contextual data."
4,17,"[17, 4, 184, 150, 195, 30, 46, 89, 1, 193]","The user has a strong pattern of visiting place_id 17 frequently, especially on Tuesdays and Fridays, indicating a preference for this location. Place_id 4 is also visited multiple times, particularly in the context of recent stays. The context shows recent visits to place_id 17 and 4, reinforcing their likelihood. Place_id 184 appears consistently in the history, suggesting it is a common destination. Place_id 150 and 195 are also noted in the context, indicating potential interest. The other IDs are included based on their historical presence and recent context relevance."
4,22,"[17, 4, 184, 40, 195, 1, 193, 30, 46, 89]","The user has a strong pattern of visiting place_id 17 frequently, especially on Tuesdays and Fridays, indicating a preference for this location. Place_id 4 is also visited often, particularly during the mornings and evenings. The context shows recent visits to both places, reinforcing their likelihood. Other places like 184 and 40 are also visited regularly, especially on Fridays, making them probable next locations. The user tends to visit multiple places in a day, suggesting a variety of potential next stops."
4,17,"[4, 17, 195, 184, 30, 22, 46, 1, 125, 193]","The user has a strong pattern of visiting places 4 and 17 frequently, especially on Fridays and Saturdays. Recent context shows continued visits to place 4 and 17, indicating they are likely to return. Place 195 and 184 are also frequently visited, suggesting they are potential next stops. The user has shown interest in place 30 and 22 recently, which could indicate a shift in preference. The other places have less frequent visits but are still relevant based on the user's history."
4,17,"[17, 4, 184, 195, 30, 22, 46, 1, 89, 193]","The user has a strong pattern of visiting place_id 17 frequently, especially on Tuesdays and Saturdays, indicating a preference for this location. Place_id 4 is also visited multiple times, particularly in the evenings. Recent context shows continued visits to place_id 17 and 4, reinforcing their likelihood. Other places like 184 and 195 are also common in the user's history, suggesting they may be next. The user tends to visit places in the morning and late afternoon, which aligns with the context stays."
4,4,"[17, 4, 184, 195, 30, 22, 46, 1, 89, 193]","The user has a strong pattern of visiting place_id 17 frequently, especially on Tuesdays and Saturdays, indicating a preference for this location. Place_id 4 is also visited multiple times, particularly during late hours. Recent context shows continued visits to place_id 4, suggesting it remains relevant. Place_id 184 and 195 are also notable due to their frequent appearances in the user's history, especially on weekends. The user has shown interest in place_id 22 recently, which may indicate a new pattern emerging. Overall, the predictions are based on the frequency and timing of past visits, as well as recent activities."
4,17,"[17, 4, 184, 195, 30, 22, 46, 1, 89, 193]","The user has a strong pattern of visiting place_id 17 frequently, especially on Tuesdays and Saturdays, indicating a preference for this location. The recent context shows continued visits to place_id 17, reinforcing its likelihood as the next destination. Place_id 4 is also frequently visited, particularly in the evenings, making it a strong candidate. Other places like 184 and 195 have been visited multiple times, especially on weekends, suggesting they could be next as well. The user seems to favor certain places based on the day of the week and time of day, which is reflected in the predictions."
4,59,"[17, 4, 184, 195, 22, 30, 46, 1, 89, 193]","The user has a strong pattern of visiting place_id 17 frequently, especially on Tuesdays and Saturdays, indicating a preference for this location. Place_id 4 is also visited multiple times, particularly in the evenings. Recent context shows continued visits to place_id 17 and new visits to place_id 22, suggesting it may be a rising preference. Place_id 184 and 195 are also significant due to their frequent appearances in the user's history. The user tends to visit places in the morning and late evening, which aligns with the predicted places."
4,17,"[17, 4, 184, 195, 30, 46, 1, 89, 193, 59]","The user has a strong pattern of visiting place_id 17 frequently, especially on Tuesdays and weekends, indicating a preference for this location. Place_id 4 is also visited multiple times, particularly in the evenings. Recent context shows continued visits to place_id 17 and 4, reinforcing their likelihood. Place_id 184 and 195 are also notable due to their frequent visits on weekdays. The user has shown a tendency to visit various places in the morning and afternoon, suggesting that they may also consider place_id 30, 46, 1, 89, 193, and 59 based on their recent activities."
4,4,"[17, 4, 184, 195, 30, 46, 59, 1, 89, 193]","The user has a strong pattern of visiting place_id 17 frequently, especially on Tuesdays and Sundays, indicating a preference for this location. Place_id 4 is also visited regularly, particularly in the evenings. Recent context shows continued visits to place_id 17 and 4, reinforcing their likelihood. Other places like 184 and 195 are also noted in the history, suggesting they may be relevant as well. The user tends to visit places in the morning and afternoon, which aligns with the predicted times for these locations."
4,17,"[17, 4, 184, 195, 30, 46, 59, 1, 89, 193]","The user has a strong pattern of visiting place_id 17 frequently, especially on Tuesdays and Sundays, indicating a preference for this location. Place_id 4 is also visited often, particularly in the evenings and on weekends. Recent context shows the user visited place_id 4 on Saturday evening and place_id 17 on Sunday morning, reinforcing their likelihood of returning to these places. Other places like 184 and 195 are also noted in the history, suggesting they are potential next stops. The ranking reflects the frequency and recency of visits."
4,17,"[17, 4, 184, 195, 30, 46, 59, 1, 89, 193]","The user has a strong pattern of visiting place_id 17 frequently, especially on Tuesdays and Sundays, indicating a preference for this location. Place_id 4 is also visited multiple times, particularly in the evenings. Recent context shows continued visits to place_id 17 and a new visit to place_id 59, suggesting it may be gaining importance. Other places like 184 and 195 are also frequently visited, especially on weekdays, making them likely candidates for the next visit."
4,17,"[17, 4, 184, 195, 30, 46, 59, 1, 125, 193]","The user has a strong pattern of visiting place_id 17 frequently, especially on Tuesdays and Mondays, indicating a preference for this location. Place_id 4 is also visited multiple times, particularly in the context of longer stays. Recent context shows visits to place_id 17 and 4, reinforcing their likelihood. Place_id 184 and 195 are also notable due to their frequent appearances in the user's history, especially on weekdays. The user has shown a tendency to visit place_id 30 and 46 during late hours, while place_id 59 was recently visited, suggesting it could be a potential next stop. Place_id 1 and 125 have been visited in the past, making them possible candidates as well. Place_id 193 has been visited in the evening, aligning with the user's activity pattern."
4,4,"[17, 4, 184, 195, 30, 46, 1, 89, 193, 125]","The user has a strong pattern of visiting place_id 17 frequently, especially on Tuesdays and Mondays, indicating a high likelihood of returning there. Place_id 4 is also visited often, particularly in the evenings. Recent context shows continued visits to place_id 17 and 4, reinforcing their likelihood. Other places like 184 and 195 are also noted in the history, suggesting they may be potential next stops. The user tends to visit places in the morning and afternoon, which aligns with the predicted places."
4,17,"[17, 4, 184, 195, 30, 46, 1, 89, 125, 193]","The user has a strong pattern of visiting place_id 17 frequently, especially on Tuesdays and Mondays, indicating a preference for this location. Place_id 4 is also visited multiple times, particularly in the evenings and on weekends. Recent context shows continued visits to place_id 4, suggesting it remains relevant. Place_id 184 and 195 are also notable due to their frequent visits on various days, especially Mondays. The user seems to have a routine that includes these places, making them likely candidates for the next visit."
4,4,"[17, 4, 184, 195, 30, 46, 1, 89, 125, 193]","The user has a strong pattern of visiting place_id 17 frequently, especially on Tuesdays and Mondays, as seen in both history and context. Place_id 4 is also visited multiple times, particularly in the evenings. The context shows recent visits to place_id 17, reinforcing its likelihood. Other places like 184 and 195 are also noted in the history, indicating potential future visits. The user tends to return to familiar places, especially on the same day of the week."
4,150,"[17, 4, 184, 195, 30, 46, 1, 89, 193, 125]","The user has a strong pattern of visiting place_id 17 frequently, especially on Tuesdays and Mondays, indicating a high likelihood of returning there. Place_id 4 is also visited multiple times, particularly in the context of recent stays. The user has shown a preference for places 184 and 195 on various days, suggesting they are also likely candidates. The recent context stays reinforce the likelihood of returning to place_id 17 and 4, while other places like 30, 46, 1, 89, 193, and 125 are included based on their historical significance and recent activity patterns."
4,17,"[17, 4, 184, 195, 30, 46, 125, 1, 89, 193]","The user has a strong pattern of visiting place_id 17 frequently, especially on Tuesdays and Mondays, with multiple long stays. Place_id 4 is also visited often, particularly in the evenings. Recent context shows the user returning to place_id 17 and 4, indicating a preference for these locations. Other places like 184 and 195 are also noted in the history, suggesting they are likely candidates for the next visit."
4,165,"[17, 4, 184, 195, 30, 46, 150, 1, 89, 193]","The user has a strong pattern of visiting place 17 frequently, especially on Tuesdays and Mondays, indicating a preference for this location. Place 4 is also visited multiple times, particularly during early morning hours. Recent context shows continued activity at places 4 and 17, reinforcing their likelihood. Place 184 appears regularly in the history, especially on weekdays, suggesting it may be a work or study location. Place 195 has been visited on weekends, indicating it may be a leisure spot. The user has also shown interest in place 30 and 46 during late hours, while place 150 is a recent context stay, suggesting it could be a new interest. Places 1, 89, and 193 have less frequent visits but are still relevant based on the user's overall activity pattern."
4,17,"[17, 4, 150, 165, 1, 193, 40, 89, 184, 195]","The user has a strong pattern of visiting place_id 17 frequently throughout the week, especially on Tuesdays, which is consistent with the recent context stays. Place_id 4 is also visited often, particularly in the early morning and late evening. The recent context shows a visit to place_id 150 in the morning, indicating a potential new pattern. Place_id 165 is also noted in the context, suggesting it may be a new interest. Other places like 1, 193, 40, 89, 184, and 195 have been visited but less frequently, making them less likely but still possible options."
4,4,"[17, 4, 184, 150, 193, 30, 46, 40, 1, 195]","The user has a strong pattern of visiting place 17 multiple times throughout the week, especially on Tuesdays, which is consistent with the recent context stays. Place 4 is also frequently visited, particularly in the early morning and late evening. Place 184 appears regularly during the day, making it a likely candidate. The recent context shows visits to places 150 and 193, indicating potential interest. Other places like 30, 46, and 40 have been visited in the past, suggesting they could also be considered. Overall, the predictions are based on the frequency and timing of past visits combined with recent activities."
4,17,"[17, 4, 150, 165, 193, 1, 40, 184, 195, 89]","The user has a strong pattern of visiting place_id 17 frequently throughout the week, especially on Tuesdays, which is reinforced by recent context stays at the same place. Place_id 4 is also a common location, visited multiple times on Tuesdays and other days. The context shows recent visits to place_id 150 and 165, indicating they are likely candidates for the next visit. Other places like 193, 1, 40, 184, 195, and 89 have been visited but less frequently, making them less likely but still possible options."
4,17,"[17, 4, 184, 195, 30, 46, 125, 165, 1, 193]","The user has a strong pattern of visiting place 17 frequently throughout the week, especially on Tuesdays, which is reinforced by recent context stays. Place 4 is also visited multiple times, particularly in the evening. Places 184 and 195 are visited regularly on weekdays, indicating a preference for these locations. The recent context shows continued activity at places 17 and 4, suggesting they are likely candidates for the next visit. Other places like 30, 46, 125, 165, 1, and 193 are included based on occasional visits and their proximity to the user's historical patterns."
4,17,"[17, 4, 184, 195, 30, 125, 46, 165, 1, 89]","The user has a strong pattern of visiting place_id 17 frequently throughout the week, especially on Tuesdays and Wednesdays, indicating it is a preferred location. Place_id 4 is also visited multiple times, particularly in the evenings. Recent context shows continued visits to place_id 17 and 4, reinforcing their likelihood. Place_id 184 and 195 are also notable due to their frequent visits on various days, suggesting they are significant locations for the user. The user has shown some activity at place_id 30 and 125, which may indicate potential future visits. Place_id 165 appears in the context, suggesting it could be a new or emerging location of interest. Lastly, place_id 1 and 89 have been visited, albeit less frequently, but they remain in consideration due to their presence in the user's history."
4,1,"[17, 4, 184, 195, 30, 46, 1, 89, 193, 125]","The user has a strong pattern of visiting place ID 17 frequently, especially on Tuesdays and Wednesdays, with multiple long stays. The recent context also shows a visit to place ID 17, indicating a continued preference. Place ID 4 is another frequent location, particularly in the evenings, and has recent context visits as well. Other places like 184 and 195 are also noted in the history, suggesting they are likely candidates for the next visit."
4,17,"[17, 4, 184, 1, 30, 46, 195, 125, 89, 193]","The user has a strong pattern of visiting place_id 17 frequently, especially on Tuesdays and Wednesdays, indicating a preference for this location. Place_id 4 is also visited multiple times, particularly in the evenings. Recent context shows the user was at place_id 4 in the evening, suggesting a likelihood of returning there. Place_id 184 is visited often on weekdays, and place_id 1 was visited recently, indicating potential interest. The other places have less frequent visits but are still relevant based on the user's activity pattern."
4,4,"[17, 4, 1, 184, 195, 30, 46, 89, 193, 125]","The user has a strong pattern of visiting place_id 17 frequently, especially on Tuesdays and Wednesdays, with multiple long stays. Recent context also shows visits to place_id 17, indicating a continued preference. Place_id 4 is another frequent location, particularly during late hours. Place_id 1 appears in the context, suggesting a potential visit. Other places like 184 and 195 are also noted in the history and context, indicating they might be relevant for future visits."
4,49,"[17, 4, 1, 184, 40, 195, 30, 46, 125, 193]","The user has a strong pattern of visiting place_id 17 frequently, especially on Tuesdays and Wednesdays, and has also recently visited it in the context. Place_id 4 is another frequent location, particularly in the afternoons. Place_id 1 has been visited recently, indicating a potential shift in routine. Other places like 184 and 40 are also significant in the user's history, suggesting they may be likely next stops."
4,4,"[17, 4, 1, 184, 40, 195, 30, 46, 125, 193]","The user has a strong pattern of visiting place_id 17 frequently, especially on Tuesdays and Thursdays, and has recently visited it again in the context. Place_id 4 is also a common location, particularly in the afternoons and evenings. Place_id 1 has been visited recently, indicating a potential for return. Other places like 184 and 40 have been visited multiple times, suggesting they are likely candidates as well. The context shows recent activity at these places, reinforcing their likelihood."
4,17,"[17, 4, 1, 40, 184, 195, 30, 46, 49, 193]","The user has a strong pattern of visiting place_id 17 frequently, especially on Tuesdays and Thursdays, indicating a preference for this location. Place_id 4 is also visited multiple times, particularly in the afternoons and evenings. Recent context shows the user visited place_id 1 and 17 again, reinforcing their likelihood of returning to these places. The other places listed have been visited in the past, suggesting they remain potential options."
4,4,"[17, 4, 184, 40, 195, 30, 46, 1, 193, 89]","The user has a strong pattern of visiting place_id 17 frequently, especially on Tuesdays and Thursdays, indicating a preference for this location. Place_id 4 is also visited regularly, particularly in the afternoons and evenings. Recent context shows continued visits to both places, reinforcing their likelihood. Other places like 184 and 40 are also popular in the user's history, especially on weekdays, making them probable next locations. The user tends to visit multiple places in a day, suggesting a mix of locations could be expected."
4,17,"[4, 17, 184, 40, 195, 30, 46, 125, 1, 193]","The user has a strong pattern of visiting place 4 frequently, especially during late hours and on weekdays. Recent context shows continued visits to place 4, indicating a high likelihood of returning. Place 17 is also a common location for the user, particularly in the mornings and afternoons. Place 184 is visited regularly on Fridays, aligning with the user's recent activities. Other places like 40 and 195 have been visited multiple times, suggesting they are also likely candidates for the next visit."
4,22,"[17, 4, 184, 195, 30, 46, 125, 1, 193, 49]","The user has a strong pattern of visiting place_id 17 frequently, especially on Tuesdays and Fridays, indicating a preference for this location. Place_id 4 is also visited often, particularly during late-night hours and early mornings. The context shows recent visits to place_id 4 and 17, reinforcing their likelihood. Place_id 184 and 195 are also notable due to their frequent visits on Fridays and weekends. The user has shown a tendency to visit place_id 30 and 46 during late hours, while place_id 125 appears in the history on Wednesdays. Place_id 1 and 193 are less frequent but still relevant based on the user's overall activity pattern. Place_id 49 is included due to a recent visit in the context, suggesting it may be a potential next stop."
4,17,"[17, 4, 184, 195, 30, 22, 46, 1, 89, 193]","The user has a strong pattern of visiting place_id 17 frequently, especially on Tuesdays and Fridays, indicating a preference for this location. Place_id 4 is also visited multiple times, particularly during early morning and late evening. Recent context shows continued visits to place_id 4 and 17, reinforcing their likelihood. Place_id 184 and 195 are also notable due to their frequent appearances in the user's history, especially on Fridays. The user has shown some activity at place_id 30 and 22 recently, suggesting they may be exploring these locations. Overall, the predictions are based on the frequency and timing of past visits."
4,4,"[17, 4, 184, 195, 22, 30, 46, 1, 89, 193]","The user has a strong pattern of visiting place_id 17 frequently, especially on Tuesdays and Fridays, indicating a preference for this location. Place_id 4 is also visited multiple times, particularly during early mornings and late evenings. Recent context shows continued visits to place_id 17 and 4, reinforcing their likelihood. Place_id 184 and 195 are also notable due to their frequent visits on Fridays. Place_id 22 appears in the context, suggesting a potential new interest. Other places like 30, 46, 1, 89, and 193 have been visited but less frequently, making them less likely but still possible options."
4,17,"[17, 4, 184, 40, 195, 22, 30, 46, 1, 193]","The user has a strong pattern of visiting place_id 17 frequently, especially on Tuesdays and Fridays, indicating a preference for this location. Place_id 4 is also visited multiple times, particularly during early mornings and late evenings. The context shows recent visits to place_id 4 and 17, reinforcing their likelihood. Place_id 184 and 40 are also notable due to their frequent visits on Fridays. The user has shown a tendency to visit place_id 195 and 22, especially in the mornings, which suggests they may also be potential next locations. Overall, the predictions are based on the frequency and timing of past visits."
4,4,"[17, 4, 184, 195, 30, 22, 46, 1, 89, 193]","The user has a strong pattern of visiting place_id 17 frequently, especially on Tuesdays and Fridays, indicating it is a preferred location. Place_id 4 is also visited multiple times, particularly in the evenings. Recent context shows continued visits to place_id 17 and a new visit to place_id 22, suggesting it may be gaining importance. Other places like 184 and 195 are also frequently visited, especially on Fridays and weekends, making them likely candidates for the next visit."
4,4,"[17, 4, 184, 195, 22, 30, 46, 125, 40, 1]","The user has a strong pattern of visiting place_id 17 frequently, especially on Tuesdays and Mondays, indicating a preference for this location. Place_id 4 is also visited multiple times, particularly in the evenings. Recent context shows visits to place_id 22 and 17, suggesting they are likely candidates for the next visit. The user has a consistent routine with certain places, especially on Fridays and Saturdays, which supports the prediction of place_id 184 and 195 as they are also frequently visited. Overall, the predictions are based on historical patterns and recent activities."
4,22,"[17, 4, 184, 195, 30, 46, 1, 89, 193, 125]","The user has a strong pattern of visiting place_id 17 frequently, especially on Tuesdays and Saturdays, indicating a preference for this location. Place_id 4 is also visited multiple times, particularly in the afternoons and evenings. Recent context shows continued visits to both places, reinforcing their likelihood as the next destination. Other places like 184 and 195 are also popular in the user's history, especially on Fridays and Saturdays, making them probable options as well."
4,138,"[4, 17, 184, 195, 30, 22, 125, 46, 40, 1]","The user has a strong pattern of visiting places 4 and 17 frequently, especially on Tuesdays and Saturdays. Recent context shows continued visits to place 4, indicating a high likelihood of returning there. Place 184 is also a common location, particularly on weekdays. The user has shown interest in place 195 on weekends, and place 30 was visited recently, suggesting it may be a new interest. Place 22 was visited recently as well, indicating potential for future visits. Overall, the predictions are based on historical patterns and recent context."
4,1,"[17, 4, 184, 195, 22, 138, 30, 40, 1, 193]","The user has a strong pattern of visiting place 17 frequently, especially on Tuesdays and Saturdays, indicating a preference for this location. Place 4 is also visited multiple times, particularly during the early morning and late evening. The context shows recent visits to places 17 and 4, reinforcing their likelihood. Place 184 is visited often on weekdays, while 195 appears on weekends, suggesting a varied routine. Places 22 and 138 were visited recently, indicating potential interest. The user also has a history of visiting places 30 and 40, which could be relevant for future stays."
4,17,"[4, 17, 1, 184, 195, 30, 22, 138, 40, 193]","The user has a strong pattern of visiting place 4 and 17 frequently, especially on Tuesdays and Saturdays. Recent context shows visits to place 4, indicating a continued interest. Place 1 is also noted in the context, suggesting a potential for future visits. Other places like 184 and 195 have been visited multiple times in the past, making them likely candidates as well. The user seems to favor places with higher durations, which aligns with the predictions."
4,30,"[17, 4, 1, 184, 195, 22, 138, 30, 40, 193]","The user has a strong pattern of visiting place 17 frequently, especially on Tuesdays and Saturdays, indicating a preference for this location. Place 4 is also visited multiple times, particularly during late hours. Recent context shows visits to places 4 and 17, reinforcing their likelihood. Place 1 appears in the context, suggesting a potential new interest. Other places like 184 and 195 have been visited regularly, making them likely candidates as well."
4,184,"[17, 4, 184, 195, 30, 22, 138, 1, 46, 125]","The user has a strong pattern of visiting place_id 17 frequently, especially on Tuesdays and Saturdays, indicating a preference for this location. The recent context shows a visit to place_id 17 on Saturday, reinforcing its likelihood. Place_id 4 is also visited multiple times, particularly on Tuesdays, making it a strong candidate. Place_id 184 appears consistently across various days, suggesting it is a common destination. Place_id 195 has been visited on multiple occasions, particularly on Fridays and Saturdays. The context includes visits to place_id 30 and 22, which may indicate emerging preferences. Place_id 138 and 1 were visited recently, suggesting they could be potential next locations. Place_id 46 and 125 have historical significance but less recent activity, placing them lower in probability."
4,17,"[17, 4, 184, 1, 30, 195, 138, 46, 125, 193]","The user has a strong pattern of visiting place_id 17 frequently, especially on Tuesdays and Saturdays, indicating a preference for this location. Place_id 4 is also visited multiple times, particularly during late hours. Recent context shows visits to place_id 1 and 184, suggesting they are also likely candidates. The user has been to place_id 30 and 138 recently, which may indicate a shift in their routine. Overall, the predictions are based on historical frequency and recent context."
4,4,"[17, 4, 184, 1, 30, 195, 46, 89, 193, 40]","The user has a strong pattern of visiting place_id 17 frequently, especially on Tuesdays and Sundays, indicating a preference for this location. Place_id 4 is also visited multiple times, particularly during early mornings and late evenings. Recent context shows visits to place_id 1 and 17, suggesting they are likely to continue visiting these places. Place_id 184 appears frequently in the history, especially on weekdays, making it a probable next location. The user has also shown interest in place_id 30 and 195, which were visited recently, indicating they may be considering these locations as well."
4,17,"[17, 4, 184, 30, 195, 1, 89, 193, 125, 46]","The user has a strong pattern of visiting place_id 17 frequently, especially on Tuesdays and Sundays, indicating a preference for this location. Place_id 4 is also visited multiple times, particularly during the early morning and late evening. Recent context shows continued visits to place_id 17 and 4, reinforcing their likelihood. Place_id 184 appears frequently in the history, especially on weekdays, suggesting it may be a work or study location. Place_id 30 and 195 have been visited recently, indicating they may be relevant choices as well. The other place_ids have less frequent visits but are still considered based on the user's overall activity pattern."
4,17,"[17, 4, 184, 30, 195, 1, 89, 193, 46, 40]","The user has a strong pattern of visiting place_id 17 frequently, especially on Tuesdays and Sundays, indicating a preference for this location. Place_id 4 is also visited multiple times, particularly during early mornings and late evenings. Recent context shows visits to place_id 30 and 184, suggesting they are also likely candidates for the next visit. The user has a varied schedule but tends to return to familiar places, especially on weekends."
4,17,"[17, 4, 184, 195, 30, 46, 1, 89, 193, 125]","The user has a strong pattern of visiting place_id 17 frequently, especially on Tuesdays and Sundays, indicating a preference for this location. Place_id 4 is also visited multiple times, particularly during early mornings and late evenings. Recent context shows continued visits to place_id 17 and 4, reinforcing their likelihood. Place_id 184 and 195 are also notable due to their frequent visits on various days, suggesting they are part of the user's routine. The other place_ids have been visited less frequently but still show potential based on the user's activity patterns."
4,4,"[17, 4, 184, 195, 30, 46, 1, 89, 193, 125]","The user has a strong pattern of visiting place_id 17 frequently, especially on Tuesdays and Mondays, indicating a preference for this location. The recent context shows continued visits to place_id 17 on Sunday, suggesting it remains a favored spot. Place_id 4 is also visited regularly, particularly on Tuesdays and Sundays, making it a likely next destination. Other places like 184 and 195 have been visited multiple times, especially on weekdays, indicating they are also probable choices. The user tends to visit places in the morning and early afternoon, which aligns with the context data."
4,153,"[17, 4, 184, 40, 195, 1, 30, 46, 89, 193]","The user has a strong pattern of visiting place_id 17 frequently, especially on Tuesdays and Mondays, indicating a preference for this location. Place_id 4 is also visited multiple times, particularly during late hours. Recent context shows continued visits to place_id 4, suggesting it remains relevant. Place_id 184 and 40 are also significant due to their frequent appearances in the user's history, especially on Mondays. The user has shown a tendency to visit place_id 195 and 1, particularly in the early hours, while place_id 30 and 46 have been visited less frequently but still hold potential based on the user's varied schedule. Place_id 89 and 193 are included due to their occasional visits, indicating they may be considered for future stays."
4,17,"[17, 4, 184, 195, 30, 46, 153, 1, 89, 193]","The user has a strong pattern of visiting place_id 17 frequently, especially on Tuesdays and Mondays, with multiple long stays. The recent context also shows visits to place_id 17, indicating a continued preference. Place_id 4 is another frequent location, particularly in the evenings and on weekends, making it a likely candidate. Place_id 184 and 195 are also notable due to their repeated visits on various days. The context includes a recent visit to place_id 153, suggesting it may be a new interest. Other places like 30, 46, 1, 89, and 193 have been visited but less frequently, making them less likely but still possible options."
4,17,"[17, 4, 184, 195, 30, 46, 153, 89, 1, 193]","The user has a strong pattern of visiting place_id 17 frequently, especially on Tuesdays and Mondays, with multiple long stays. Recent context shows continued visits to place_id 17, indicating a high likelihood of returning there. Place_id 4 is also visited often, particularly in the evenings, and has recent context visits as well. Other places like 184 and 195 have been visited multiple times, suggesting they are also likely candidates for the next visit."
4,4,"[17, 4, 153, 184, 40, 195, 30, 46, 1, 89]","The user has a strong pattern of visiting place 17 frequently, especially on Tuesdays and Mondays, as seen in both history and context. Place 4 is also visited often, particularly in the afternoons. Recent context shows visits to place 17 and a new place 153, indicating potential interest. Other places like 184 and 40 are also recurrent in the user's history, suggesting they may be likely next stops."
4,17,"[17, 4, 184, 195, 30, 153, 46, 89, 1, 193]","The user has a strong pattern of visiting place_id 17 frequently on Tuesdays, especially during morning and early afternoon hours. The recent context shows continued visits to place_id 4 and 17, indicating a preference for these locations. Place_id 184 and 195 are also frequently visited, suggesting they are likely candidates. The user has shown a tendency to stay longer at certain places, which supports the prediction of these locations as the next likely visit."
4,17,"[17, 4, 153, 1, 40, 184, 195, 89, 30, 46]","The user has a strong pattern of visiting place ID 17 multiple times throughout the week, especially on Tuesdays, which is consistent with the recent context stays. Place ID 4 is also frequently visited, particularly in the context of longer stays. The recent context shows a visit to place ID 153, indicating a potential interest in this location. Other places like 1, 40, 184, and 195 have been visited frequently in the past, suggesting they may also be likely next destinations."
4,17,"[17, 4, 184, 40, 195, 30, 46, 1, 193, 125]","The user has a strong pattern of visiting place_id 17 frequently throughout the week, especially on Tuesdays, which is reinforced by recent stays in the context. Place_id 4 is also visited multiple times, particularly in the afternoon and evening. Place_id 184 appears consistently in the user's history, especially on Tuesdays and Fridays, indicating a likelihood of return. The context shows recent visits to place_id 17, suggesting a continued preference. Other places like 40 and 195 have also been visited multiple times, making them likely candidates for the next visit."
4,17,"[17, 4, 184, 40, 195, 1, 30, 46, 89, 193]","The user has a strong pattern of visiting place_id 17 frequently throughout the week, especially on Tuesdays and Wednesdays, indicating a high likelihood of returning there. Place_id 4 is also visited multiple times, particularly in the context stays, suggesting it is a common location. Other places like 184 and 40 are visited regularly, especially during the mornings and afternoons, which aligns with the user's recent activities. The context shows recent visits to place_id 17 and 4, reinforcing their likelihood as the next destination."
4,10,"[17, 4, 184, 195, 30, 46, 1, 89, 125, 193]","The user has a strong pattern of visiting place_id 17 frequently throughout the week, especially on Tuesdays and Wednesdays, indicating a high likelihood of returning there. Place_id 4 is also visited multiple times, particularly during late hours. Recent context shows the user has been to place_id 4 again, reinforcing its probability. Place_id 184 and 195 are also notable due to their frequent visits on various days, suggesting they are part of the user's routine. The other places have less frequent visits but are still relevant based on the user's activity pattern."
4,1,"[17, 4, 184, 195, 30, 46, 10, 1, 89, 193]","The user has a strong pattern of visiting place_id 17 frequently throughout the week, especially on Tuesdays and Wednesdays, as seen in both history and context. Place_id 4 is also visited multiple times, particularly in the evenings. The context shows recent visits to place_id 17, reinforcing its likelihood. Other places like 184 and 195 are also noted in the history, indicating potential future visits. The user tends to return to familiar places, especially during similar times of day."
4,1,"[17, 4, 184, 195, 1, 30, 46, 10, 89, 193]","The user has a strong pattern of visiting place_id 17 frequently, especially on Tuesdays and Wednesdays, with multiple long stays. Recent context also shows visits to place_id 17, indicating a continued preference. Place_id 4 is another frequent location, particularly in the evenings, and has recent context visits as well. Place_id 184 and 195 are also notable due to their repeated visits on various days, suggesting they are likely candidates for the next location. The other place_ids are included based on less frequent but notable visits."
4,1,"[17, 4, 1, 10, 184, 195, 30, 46, 89, 193]","The user has a strong pattern of visiting place_id 17 frequently, especially on Tuesdays and Wednesdays, with multiple long stays. Recent context also shows visits to place_id 17, indicating a continued preference. Place_id 4 is another frequent location, particularly in the evenings, and has been visited multiple times in the past week. Place_id 1 has been visited recently, suggesting it may be a potential next stop. Other places like 10, 184, and 195 have also seen activity, but less frequently, making them less likely but still possible options."
4,101,"[17, 1, 4, 10, 30, 184, 195, 46, 89, 193]","The user has a strong pattern of visiting place ID 17 frequently, especially on Tuesdays and Wednesdays, indicating a high likelihood of returning there. Recent context shows continued visits to place ID 17, reinforcing its probability. Place ID 1 has also been visited recently, suggesting it may be a potential next stop. Place ID 4 appears multiple times in the history, particularly in the evenings, making it another likely candidate. Other places like 10, 30, 184, 195, 46, 89, and 193 have been visited but less frequently, thus they are ranked lower."
4,1,"[17, 4, 1, 184, 10, 30, 46, 195, 125, 89]","The user has a strong pattern of visiting place_id 17 frequently, especially on Tuesdays and Thursdays, indicating a preference for this location. Place_id 4 is also visited multiple times, particularly in the evenings. Recent context shows visits to place_id 1, suggesting a potential shift or addition to their routine. Place_id 184 is consistently visited on multiple days, making it a likely candidate. Place_id 10 appears in the context, indicating recent interest. Other places like 30, 46, 195, 125, and 89 have been visited but less frequently, making them less likely but still possible options."
4,17,"[1, 17, 4, 184, 40, 195, 30, 101, 125, 46]","The user has a strong pattern of visiting place_id 1, especially in the early morning and throughout Thursday, as seen in both history and context. Place_id 17 is frequently visited during various times on Tuesday and Thursday, indicating a preference. Place_id 4 is also a common location, particularly in the afternoons. The user has shown a tendency to stay long at place_id 184 and 40, suggesting they are significant locations. The recent context shows continued activity at place_id 1, reinforcing its likelihood. Other places like 195, 30, and 101 have been visited recently, making them plausible next locations."
4,17,"[17, 1, 4, 184, 30, 46, 195, 101, 125, 89]","The user has a strong pattern of visiting place_id 17 frequently, especially on Tuesdays and Thursdays, indicating a preference for this location. Recent context shows visits to place_id 1, suggesting a potential shift or addition to their routine. Place_id 4 is also visited often, particularly in the evenings. Other places like 184 and 30 have been visited multiple times, indicating they are likely candidates as well. The user seems to have a consistent routine with certain places, especially on specific days, which influences the predictions."
4,10,"[17, 1, 4, 184, 195, 30, 101, 46, 125, 89]","The user has a strong pattern of visiting place_id 17 frequently, especially on Tuesdays and Thursdays, indicating a preference for this location. Recent context shows visits to place_id 1 and 17, suggesting they are likely to continue visiting these places. Place_id 4 is also a common location in their history, particularly in the evenings. Other places like 184 and 195 have been visited multiple times, making them probable next locations as well."
4,17,"[17, 4, 184, 1, 195, 10, 30, 46, 125, 101]","The user has a strong pattern of visiting place_id 17 frequently, especially on Tuesdays and Fridays, indicating a preference for this location. Place_id 4 is also visited multiple times, particularly during late hours. Recent context shows visits to place_id 1 and 101, suggesting they are also likely candidates. Place_id 184 is visited regularly on multiple days, making it a probable next location. The user has shown varied activity patterns, but the most consistent visits are to places 17 and 4."
4,17,"[17, 4, 184, 1, 195, 10, 30, 46, 125, 193]","The user has a strong pattern of visiting place_id 17 frequently, especially on Tuesdays and Fridays, indicating a high likelihood of returning there. Place_id 4 is also visited multiple times, particularly in the evenings. Recent context shows continued visits to place_id 17 and a new visit to place_id 1, suggesting it may also be a candidate. Place_id 184 is visited often on Fridays, while place_id 195 has been visited recently, indicating potential for future visits. Place_id 10 was visited in the context, making it a possible next location. The other places have been visited less frequently but are still relevant based on the user's activity pattern."
4,4,"[17, 4, 184, 195, 10, 30, 46, 1, 89, 193]","The user has a strong pattern of visiting place_id 17 frequently, especially on Tuesdays and Fridays, indicating a high likelihood of returning there. Place_id 4 is also visited multiple times, particularly in the evenings. Recent context shows continued visits to place_id 17, reinforcing its probability. Other places like 184 and 195 are also noted in the history and context, suggesting they are potential next locations. The user tends to visit places in the early morning and late evening, which aligns with the predicted places."
4,184,"[17, 4, 184, 195, 10, 30, 46, 1, 89, 193]","The user has a strong pattern of visiting place_id 17 frequently, especially on Tuesdays and Saturdays, indicating a preference for this location. Place_id 4 is also visited multiple times, particularly during early mornings and late evenings. Recent context shows continued visits to place_id 17, reinforcing its likelihood. Place_id 184 appears regularly in the history, especially on weekdays, suggesting it may be a work or study location. Place_id 195 is visited on weekends, indicating leisure activities. Place_id 10 is a new context entry that may be of interest based on the user's recent activities. Other places like 30, 46, 1, 89, and 193 have been visited but less frequently, making them less likely but still possible options."
4,17,"[17, 4, 184, 10, 195, 30, 46, 1, 125, 193]","The user has a strong pattern of visiting place_id 17 frequently, especially on Tuesdays and Saturdays, indicating a preference for this location. Place_id 4 is also visited multiple times, particularly during early mornings and late evenings. Recent context shows visits to place_id 10 and 184, suggesting they are also likely candidates. The user has shown varied activity across different places, but the consistent visits to 17 and 4 make them the top predictions."
4,4,"[17, 4, 184, 195, 30, 46, 1, 89, 193, 125]","The user has a strong pattern of visiting place_id 17 frequently, especially on Tuesdays and Saturdays, indicating a preference for this location. The context shows recent visits to place_id 17, reinforcing its likelihood. Place_id 4 is also visited often, particularly during early mornings and late evenings. Place_id 184 appears multiple times in the history and context, suggesting it is a common destination. Other places like 195 and 30 have been visited recently, making them probable next locations as well."
4,1,"[17, 4, 184, 195, 30, 46, 1, 89, 193, 125]","The user has a strong pattern of visiting place 17 frequently, especially on Tuesdays and Saturdays, indicating a preference for this location. Place 4 is also visited multiple times, particularly during early mornings and late evenings. The context shows recent visits to places 17 and 4, reinforcing their likelihood. Place 184 appears consistently in the user's history, especially during midday, making it a probable next stop. Other places like 195, 30, 46, 1, 89, 193, and 125 have been visited but less frequently, suggesting they are less likely but still possible options."
4,196,"[17, 4, 184, 1, 195, 30, 46, 89, 193, 125]","The user has a strong pattern of visiting place_id 17 frequently, especially on Tuesdays and Saturdays, indicating a preference for this location. Place_id 4 is also visited multiple times, particularly during early mornings and late evenings. Recent context shows continued visits to place_id 4 and 184, suggesting these are likely candidates for the next location. The user also has a history of visiting place_id 1 and 195, which are less frequent but still relevant. Overall, the predictions are based on the frequency and timing of past visits."
4,17,"[17, 4, 184, 1, 196, 30, 40, 125, 46, 195]","The user has a strong pattern of visiting place_id 17 frequently throughout the week, especially on Tuesdays and Sundays. Place_id 4 is also visited multiple times, particularly in the evenings. Recent context shows continued visits to place_id 184 and 17, indicating they are likely to return to these places. The user has also shown interest in place_id 1 and 196 recently, suggesting they may visit these next. Overall, the predictions are based on historical frequency and recent context activities."
4,4,"[17, 4, 1, 196, 184, 40, 195, 30, 89, 193]","The user has a strong pattern of visiting place_id 17 frequently, especially on Tuesdays and Sundays, indicating a high likelihood of returning there. Place_id 4 is also visited often, particularly in the evenings. Recent context shows continued visits to place_id 17 and 4, reinforcing their likelihood. Other places like 1 and 196 have been visited recently, suggesting they could be next as well. The user tends to visit places in the morning and afternoon, which aligns with the predicted times for these locations."
4,17,"[17, 4, 1, 196, 184, 40, 30, 125, 195, 89]","The user has a strong pattern of visiting place 17 frequently, especially on Tuesdays and Sundays, indicating a preference for this location. Place 4 is also visited multiple times, particularly in the evenings and on weekends. Recent context shows the user visited place 4 on Saturday evening, reinforcing its likelihood. Place 1 appears in the context as well, suggesting a recent interest. Other places like 196, 184, and 40 have been visited consistently, making them probable next locations."
4,4,"[17, 4, 1, 196, 184, 40, 195, 30, 125, 89]","The user has a strong pattern of visiting place_id 17 frequently, especially on Tuesdays and Sundays, indicating a preference for this location. Place_id 4 is also visited multiple times, particularly in the evenings. Recent context shows visits to place_id 1 and 196, suggesting they are also likely candidates. Place_id 184 and 40 are visited regularly during the week, while 195 and 30 have been visited less frequently but still appear in the user's history. The user has a consistent routine that favors certain places, especially on specific days."
4,17,"[17, 4, 184, 195, 30, 46, 125, 196, 1, 89]","The user has a strong pattern of visiting place_id 17 frequently, especially on Tuesdays and Mondays, indicating a preference for this location. Place_id 4 is also visited multiple times, particularly in the evenings. Recent context shows visits to place_id 196 and 17, suggesting these are likely candidates for the next visit. Place_id 184 and 195 are also notable due to their frequent appearances in the user's history. The user tends to visit places in the morning and afternoon, which aligns with the predicted times for the next visit."
4,4,"[17, 4, 184, 195, 30, 46, 1, 89, 193, 125]","The user has a strong pattern of visiting place_id 17 frequently, especially on Tuesdays and Mondays, indicating a preference for this location. Place_id 4 is also visited often, particularly in the evenings. Recent context shows continued visits to place_id 17 and 4, reinforcing their likelihood. Other places like 184 and 195 are also visited regularly, suggesting they could be next. The user tends to visit places in the morning and afternoon, which aligns with the predicted places."
4,17,"[17, 4, 184, 195, 30, 46, 1, 89, 193, 125]","The user has a strong pattern of visiting place_id 17 frequently, especially on Tuesdays and Mondays, indicating a preference for this location. Place_id 4 is also visited multiple times, particularly in the context of recent stays, suggesting it is a likely next destination. The context shows recent visits to place_id 17 and 4, reinforcing their likelihood. Other places like 184 and 195 are also frequently visited, especially on Mondays, making them probable options as well."
4,4,"[17, 4, 184, 40, 195, 1, 193, 46, 125, 30]","The user has a strong pattern of visiting place_id 17 frequently, especially on Tuesdays and Mondays, indicating a preference for this location. Place_id 4 is also visited multiple times, particularly in the mornings and evenings. Recent context shows continued visits to place_id 17 and 4, reinforcing their likelihood. Other places like 184 and 40 are also visited regularly, especially on weekdays, making them probable next locations. The user tends to stay longer at certain places, suggesting a preference for those locations."
4,17,"[17, 4, 184, 195, 30, 46, 1, 89, 193, 125]","The user has a strong pattern of visiting place_id 17 frequently, especially on Tuesdays and Mondays, indicating a preference for this location. Place_id 4 is also visited multiple times, particularly during early mornings and late evenings. Recent context shows the user visited place_id 4 and 17 again, reinforcing their likelihood. Other places like 184 and 195 are also visited regularly, suggesting they are potential next stops. The user tends to return to familiar places, especially on the same day of the week."
4,181,"[17, 4, 184, 195, 30, 46, 1, 89, 193, 125]","The user has a strong pattern of visiting place_id 17 frequently, especially on Tuesdays and Mondays, indicating a high likelihood of returning there. Place_id 4 is also visited multiple times, particularly in the context stays, suggesting it is a common location. Other places like 184 and 195 are visited regularly, especially during morning hours, which aligns with the recent context activities. The user tends to stay longer at certain places, indicating preference, which supports the predictions."
4,17,"[17, 4, 184, 195, 30, 46, 1, 89, 193, 125]","The user has a strong pattern of visiting place_id 17 frequently on Tuesdays, especially in the morning and afternoon. Recent context shows visits to place_id 4 and 17, indicating a preference for these locations. Place_id 184 and 195 are also visited regularly, particularly on weekdays. The user tends to return to familiar places, especially those visited recently, which supports the prediction of these locations."
4,17,"[17, 4, 184, 195, 30, 46, 1, 89, 193, 181]","The user has a strong pattern of visiting place_id 17 frequently throughout the week, especially on Tuesdays, which is consistent with the recent context stays. Place_id 4 is also visited multiple times, particularly in the early morning and late evening. The user has shown interest in place_id 184 and 195 on multiple occasions, indicating they are likely candidates for the next visit. The recent context shows continued activity at place_id 17 and 4, reinforcing their likelihood. Other places like 30, 46, 1, 89, 193, and 181 are included based on occasional visits and recent context relevance."
4,4,"[17, 4, 184, 30, 46, 195, 1, 89, 193, 181]","The user has a strong pattern of visiting place 17 frequently throughout the week, especially on Tuesdays, which is consistent with the recent context stays. Place 4 is also visited multiple times, particularly in the early morning and late evening. The user has shown a preference for places 184 and 30 during the day, and the recent context indicates continued activity at these locations. Other places like 46, 195, 1, 89, 193, and 181 are included based on their recent visits and overall frequency in the user's history."
4,17,"[17, 4, 181, 1, 193, 40, 125, 46, 184, 195]","The user has a strong pattern of visiting place_id 17 frequently throughout the week, especially on Tuesdays, as seen in both history and context. Place_id 4 is also visited multiple times, particularly in the context of longer stays. The recent context shows continued visits to place_id 17, indicating a high likelihood of returning there. Place_id 181 appears in the context, suggesting a potential new interest. Other places like 1, 193, 40, 125, 46, 184, and 195 have been visited but less frequently, making them less likely but still possible options."
4,197,"[17, 4, 181, 193, 40, 1, 125, 46, 184, 195]","The user has a strong pattern of visiting place_id 17 frequently throughout the week, especially on Tuesdays, which is supported by recent context stays at the same place. Place_id 4 is also visited multiple times, particularly in the evenings. The recent context shows a visit to place_id 181, which may indicate a new interest. Other places like 193, 40, 1, 125, 46, 184, and 195 have been visited but less frequently, suggesting they could be potential next locations based on the user's varied activity."
4,17,"[17, 4, 184, 195, 30, 46, 125, 89, 1, 193]","The user has a strong pattern of visiting place_id 17 frequently throughout the week, especially on Tuesdays and Wednesdays, as seen in both history and context. Place_id 4 is also visited multiple times, particularly in the context stays. Place_id 184 and 195 are notable due to their recent visits in the context, indicating they are likely candidates for the next location. The user has shown a preference for these places during similar times, suggesting a routine that favors these locations."
4,40,"[17, 4, 184, 195, 30, 46, 125, 1, 89, 193]","The user has a strong pattern of visiting place_id 17 frequently throughout the week, especially on Tuesdays and Wednesdays, indicating a high likelihood of returning there. Place_id 4 is also visited multiple times, particularly in the context of recent stays, suggesting it remains a significant location. Other places like 184 and 195 have been visited consistently, especially on Fridays and Saturdays, which may indicate they are also likely candidates for the next visit. The context data shows recent stays at place_id 17 and 4, reinforcing their likelihood. Overall, the predictions are based on the frequency and timing of past visits."
4,17,"[17, 4, 184, 40, 195, 30, 125, 46, 1, 193]","The user has a strong pattern of visiting place 17 frequently, especially on Tuesdays and Wednesdays, and has also recently visited place 4 multiple times. The context shows recent stays at places 17 and 4, indicating a likelihood of returning to these locations. Other places like 184 and 40 are also frequently visited, suggesting they are potential next stops."
4,17,"[17, 4, 40, 184, 195, 30, 46, 1, 197, 193]","The user has a strong pattern of visiting place_id 17 frequently throughout the week, especially on Tuesdays and Wednesdays. Recent context shows continued visits to place_id 17, indicating a high likelihood of returning there. Place_id 4 is also visited often, particularly in the afternoons and evenings. Place_id 40 and 184 are notable for their presence in the user's history, especially on weekdays. The user has shown interest in place_id 195 and 30, which are also present in their recent context. Overall, the predictions are based on the frequency and timing of past visits."
4,4,"[17, 4, 40, 184, 195, 30, 125, 46, 1, 193]","The user has a strong pattern of visiting place_id 17 frequently, especially on Tuesdays and Wednesdays, with multiple long stays. Recent context shows continued visits to place_id 17 and other places like 40 and 184, indicating a preference for these locations. Place_id 4 is also visited often, particularly in the evenings. The user seems to favor places with longer durations, suggesting they may return to familiar locations."
4,17,"[17, 4, 40, 184, 195, 1, 30, 46, 89, 193]","The user has a strong pattern of visiting place ID 17 frequently throughout the week, especially on Tuesdays and Wednesdays, indicating a high likelihood of returning there. Place ID 4 is also visited multiple times, particularly in the evenings. Recent context shows continued visits to place IDs 17 and 40, reinforcing their likelihood. Other places like 184 and 195 have been visited regularly, suggesting they are also probable next locations."
4,17,"[17, 4, 40, 184, 195, 1, 30, 46, 89, 193]","The user has a strong pattern of visiting place 17 frequently, especially on Tuesdays and Wednesdays, and has also visited place 4 multiple times. Recent context shows continued visits to places 17 and 4, indicating a preference for these locations. Place 40 and 184 are also notable due to their frequent visits in the past. The user tends to stay longer at places 17 and 4, suggesting they are likely to return. Other places like 195 and 1 have been visited recently, making them potential candidates as well."
4,40,"[17, 4, 184, 40, 195, 1, 30, 46, 89, 193]","The user has a strong pattern of visiting place_id 17 frequently, especially on Tuesdays and Wednesdays, as seen in both history and context. Place_id 4 is also visited multiple times, particularly in the afternoons. Place_id 184 appears regularly on various days, indicating it is a likely candidate. The recent context shows continued visits to place_id 17, reinforcing its likelihood. Other places like 40 and 195 have also been visited multiple times, making them probable next locations."
4,4,"[17, 4, 40, 184, 195, 1, 30, 46, 89, 193]","The user has a strong pattern of visiting place_id 17 frequently, especially on Tuesdays and Thursdays, and has also recently visited it in the context. Place_id 4 is another frequent location, particularly in the afternoons and evenings. Place_id 40 has been visited recently and has a significant duration, indicating importance. Place_id 184 is visited regularly on multiple days, suggesting it is a common destination. Place_id 195 has been visited recently and has a long duration, indicating it may be a preferred location. Other places like 1, 30, 46, 89, and 193 have been visited but less frequently, making them less likely but still possible options."
4,17,"[17, 4, 40, 184, 195, 30, 125, 46, 1, 193]","The user has a strong pattern of visiting place_id 17 frequently, especially on Tuesdays and Thursdays, indicating a preference for this location. Place_id 4 is also visited multiple times, particularly in the evenings, suggesting it may be a common stop. Recent context shows continued visits to place_id 4 and 17, reinforcing their likelihood. Place_id 40 appears in both history and context, indicating potential for future visits. Other places like 184 and 195 have also been visited frequently, making them likely candidates."
4,184,"[17, 4, 40, 184, 195, 30, 125, 46, 1, 193]","The user has a strong pattern of visiting place_id 17 frequently, especially on Tuesdays and Thursdays, and has also visited place_id 4 multiple times. Recent context shows continued visits to place_id 17 and 40, indicating a preference for these locations. The user also has a history of visiting place_id 184 and 195, particularly on Fridays and Saturdays, suggesting these may be likely next stops. The time of day and day of the week in the context further support these predictions."
4,17,"[17, 4, 40, 184, 195, 1, 193, 125, 30, 46]","The user has a strong pattern of visiting place 17 frequently, especially on Tuesdays and Thursdays, and has recently visited it again in the context. Place 4 is also a common location, visited multiple times throughout the week. Places 40 and 184 are significant as they were visited recently and have a history of being frequented. The user shows a tendency to return to familiar places, particularly on the same days of the week, which supports the prediction of these locations."
4,4,"[17, 4, 184, 40, 195, 30, 46, 1, 193, 125]","The user has a strong pattern of visiting place_id 17 frequently, especially on Tuesdays and Fridays, indicating a preference for this location. Place_id 4 is also visited multiple times, particularly in the evenings. Recent context shows continued visits to place_id 40 and 17, suggesting these are likely next destinations. Place_id 184 is visited regularly on Fridays, while 195 has been visited recently, indicating potential interest. The user has a varied schedule but tends to return to familiar places, especially during specific times of the day."
4,1,"[17, 4, 184, 195, 30, 46, 1, 89, 193, 125]","The user has a strong pattern of visiting place_id 17 frequently, especially on Tuesdays and Fridays, indicating a preference for this location. Place_id 4 is also visited multiple times, particularly in the evenings. Recent context shows continued visits to place_id 4 and 17, suggesting these are likely next destinations. Place_id 184 is visited during the day on Fridays, making it a probable choice as well. Other places like 195, 30, 46, 1, 89, 193, and 125 have been visited but less frequently, thus they are included in the predictions based on their historical relevance."
4,198,"[17, 4, 184, 1, 195, 30, 46, 89, 193, 40]","The user has a strong pattern of visiting place_id 17 frequently, especially on Tuesdays and Fridays, indicating a high likelihood of returning there. Place_id 4 is also visited multiple times, particularly in the evenings. Recent context shows continued visits to place_id 17 and 184, suggesting these are preferred locations. The user also visited place_id 1 recently, which may indicate a shift in routine. Overall, the predictions are based on historical frequency and recent context."
4,4,"[17, 4, 184, 1, 195, 30, 46, 198, 125, 40]","The user has a strong pattern of visiting place_id 17 frequently, especially on Tuesdays and Fridays, indicating a preference for this location. Place_id 4 is also visited multiple times, particularly in the evenings. Recent context shows continued visits to place_id 184 and 17, reinforcing their likelihood. The user has also shown interest in place_id 1 and 195 during early hours on weekends, suggesting they may visit these places again. Overall, the predictions are based on the frequency and timing of past visits."
4,40,"[17, 4, 1, 184, 195, 30, 46, 198, 89, 193]","The user has a strong pattern of visiting place_id 17 frequently, especially on Tuesdays and Fridays, indicating a high likelihood of returning there. Place_id 4 is also visited often, particularly in the evenings. Recent context shows continued visits to place_id 17 and 4, reinforcing their likelihood. Other places like 1, 184, and 195 have been visited multiple times, suggesting they are also probable next locations. The user tends to visit places early in the morning and late in the evening, which aligns with the context data."
4,122,"[4, 17, 1, 40, 184, 195, 30, 46, 198, 125]","The user has a strong pattern of visiting places 4 and 17 frequently, especially on Tuesdays and Saturdays. Recent context shows a visit to place 4 on Friday, indicating a continued interest. Place 1 is also visited frequently, particularly in the early morning. Places 40 and 184 are visited often during the day, suggesting they are likely candidates for the next visit. The user has shown a pattern of visiting place 195 on weekends, and place 30 is a common late-night destination. Place 46 has been visited recently, and place 198 was visited in the early morning, indicating potential interest."
4,17,"[17, 4, 184, 40, 1, 195, 198, 122, 30, 46]","The user has a strong pattern of visiting place 17 frequently, especially on Tuesdays and Saturdays, indicating a preference for this location. Place 4 is also visited multiple times, particularly during early morning hours. Recent context shows visits to places 1, 40, and 198, suggesting these may be relevant for the next visit. Place 184 is consistently visited throughout the week, making it a likely candidate as well. The user has shown varied activity patterns, but the most frequent places are prioritized."
4,40,"[17, 4, 40, 184, 195, 122, 30, 46, 198, 1]","The user has a strong pattern of visiting place_id 17 frequently, especially on Tuesdays and Saturdays, indicating a preference for this location. Place_id 4 is also visited multiple times, particularly during early mornings and late evenings. Recent context shows visits to place_id 40 and 17, suggesting they remain relevant. Place_id 184 is visited often on weekdays, while place_id 195 has been visited on weekends. Place_id 122 was visited recently, indicating potential interest. Place_id 30 and 46 have been visited in the past, and place_id 198 was visited recently, making it a candidate as well. Overall, the predictions are based on historical frequency and recent context activity."
4,4,"[17, 4, 40, 184, 195, 122, 30, 46, 1, 193]","The user has a strong pattern of visiting place_id 17 frequently, especially on Tuesdays and Saturdays, indicating a preference for this location. Place_id 4 is also visited multiple times, particularly during early morning and late evening. Recent context shows visits to place_id 4 and 40, suggesting these are also likely candidates. Place_id 184 and 195 are visited regularly on weekdays, while place_id 122 was visited recently, indicating potential interest. The user has a diverse pattern but consistently returns to certain places, making these predictions likely."
4,184,"[17, 40, 4, 184, 195, 122, 30, 46, 1, 193]","The user has a strong pattern of visiting place 17 frequently, especially on Tuesdays and Saturdays, indicating a preference for this location. Recent context shows visits to places 40 and 4, suggesting they are also likely candidates. Place 184 appears often in the history, particularly on weekdays, while place 195 has been visited multiple times on weekends. Place 122 was visited recently, making it a potential next stop. The user also has a history of visiting places 30 and 46, which could be relevant based on their activity pattern."
4,168,"[17, 4, 184, 40, 195, 122, 30, 46, 1, 193]","The user has a strong pattern of visiting place_id 17 frequently, especially on Tuesdays and Saturdays, indicating a preference for this location. The recent context shows a visit to place_id 17 on Saturday, reinforcing its likelihood. Place_id 4 is also visited often, particularly in the evenings, making it a probable next stop. Place_id 184 is visited multiple times during the week, especially on weekdays, suggesting it could be a work or regular stop. Other places like 40 and 195 have also been visited recently, indicating they might be considered next. The context includes a recent visit to place_id 122, which could suggest a new interest. Overall, the predictions are based on the frequency and timing of past visits, as well as recent activities."
4,17,"[17, 4, 184, 40, 195, 1, 30, 46, 89, 193]","The user has a strong pattern of visiting place 17 frequently, especially on Tuesdays and Saturdays, indicating a preference for this location. Place 4 is also visited multiple times, particularly during late hours. Recent context shows continued visits to places 17 and 4, reinforcing their likelihood. Place 184 appears regularly in the history and context, suggesting it is a common destination. Other places like 40 and 195 have also been visited recently, making them probable next locations."
4,4,"[17, 4, 184, 40, 195, 30, 46, 1, 89, 193]","The user has a strong pattern of visiting place_id 17 frequently, especially on Tuesdays and Sundays, indicating a preference for this location. Place_id 4 is also visited multiple times, particularly during late hours. Recent context shows visits to place_id 40 and 184, suggesting they are also likely candidates. The user has a varied schedule but tends to return to familiar places, which is reflected in the predictions."
4,17,"[17, 4, 184, 195, 30, 46, 89, 1, 168, 193]","The user has a strong pattern of visiting place_id 17 frequently, especially on Tuesdays and Sundays, indicating a preference for this location. Place_id 4 is also visited multiple times, particularly during late hours. Recent context shows the user visited place_id 4 on Saturday evening and has been to place_id 17 on Sunday afternoon, suggesting these places are likely to be revisited soon. Place_id 184 appears frequently in the history and context, indicating it may be a common destination. Other places like 195 and 30 have also been visited recently, making them potential candidates for the next visit."
4,4,"[17, 4, 184, 195, 30, 46, 168, 1, 89, 193]","The user has a strong pattern of visiting place_id 17 frequently, especially on Tuesdays and Sundays, indicating a preference for this location. Place_id 4 is also visited multiple times, particularly during late hours. Recent context shows visits to place_id 184 and 195, suggesting they are also likely candidates. The user has a consistent routine that favors certain places, especially on specific days, which influences the predictions."
4,17,"[17, 4, 184, 195, 30, 168, 1, 89, 46, 40]","The user has a strong pattern of visiting place_id 17 frequently, especially on Tuesdays and Sundays, indicating a preference for this location. Place_id 4 is also visited multiple times, particularly during late hours. Recent context shows visits to place_id 17 and 4, reinforcing their likelihood. Place_id 184 and 195 are also notable due to their frequent visits on various days, suggesting they are part of the user's routine. The other place_ids are included based on their recent context visits and overall activity patterns."
4,17,"[17, 4, 184, 195, 30, 46, 1, 89, 125, 193]","The user has a strong pattern of visiting place_id 17 frequently, especially on Tuesdays and Sundays, indicating a preference for this location. Place_id 4 is also visited multiple times, particularly in the evenings. Recent context shows continued visits to place_id 17 and 4, reinforcing their likelihood. Other places like 184 and 195 are visited regularly, suggesting they are also probable next locations. The user tends to visit places early in the morning and late in the evening, which aligns with the predicted places."
4,4,"[17, 4, 184, 195, 30, 46, 125, 1, 89, 193]","The user has a strong pattern of visiting place_id 17 frequently, especially on Tuesdays and Mondays, indicating a preference for this location. Place_id 4 is also visited multiple times, particularly during early morning and late evening. Recent context shows the user visited place_id 4 on Sunday evening, suggesting a continued interest. Place_id 184 and 195 are also notable due to their frequent visits on various days, particularly on weekdays. The user has shown a tendency to visit place_id 30 and 46 during late hours, while place_id 125 is visited in the morning. The remaining IDs are less frequent but still relevant based on the user's overall activity pattern."
4,17,"[17, 4, 184, 195, 30, 46, 1, 89, 125, 193]","The user has a strong pattern of visiting place_id 17 frequently, especially on Tuesdays and Mondays, indicating a preference for this location. Place_id 4 is also visited multiple times, particularly during early morning hours. Recent context shows continued visits to place_id 17, reinforcing its likelihood. Place_id 184 and 195 are also notable due to their frequent appearances in the user's history, especially on weekdays. The other place_ids are included based on their occasional visits and proximity to the user's recent activities."
4,17,"[17, 4, 184, 195, 30, 89, 1, 193, 125, 46]","The user has a strong pattern of visiting place_id 17 frequently, especially on Tuesdays and Mondays, indicating a preference for this location. Place_id 4 is also visited multiple times, particularly in the early morning and late evening. Recent context shows continued visits to place_id 17 and 4, reinforcing their likelihood. Other places like 184 and 195 are also visited regularly, especially on weekdays, making them probable next locations. The user tends to visit places in the morning and early afternoon, which aligns with the context data."
4,4,"[17, 4, 184, 40, 195, 1, 193, 30, 46, 125]","The user has a strong pattern of visiting place_id 17 frequently, especially on Tuesdays and Mondays, indicating a preference for this location. The context shows recent visits to place_id 17, reinforcing its likelihood. Place_id 4 is also visited often, particularly in the mornings and evenings, making it a probable next stop. Other places like 184 and 40 have been visited multiple times, especially on Mondays, suggesting they are also likely candidates. The user has shown varied activity patterns, but the consistency in visiting certain places during specific times supports these predictions."
4,17,"[17, 4, 184, 40, 195, 1, 193, 125, 30, 46]","The user has a strong pattern of visiting place_id 17 frequently, especially on Tuesdays and Mondays, indicating a preference for this location. Place_id 4 is also visited multiple times, particularly during the early morning and late evening. Recent context shows continued visits to place_id 17 and 4, reinforcing their likelihood. Other places like 184 and 40 are also visited regularly, especially on weekdays, making them probable next locations. The user seems to favor certain places during specific times, which is reflected in the predictions."
4,4,"[17, 4, 184, 40, 195, 30, 1, 125, 46, 193]","The user has a strong pattern of visiting place_id 17 frequently, especially on Tuesdays and Mondays, indicating a preference for this location. Place_id 4 is also visited multiple times, particularly during early mornings and late evenings. Recent context shows continued visits to place_id 4 and 17, reinforcing their likelihood. Place_id 184 appears regularly in the history, especially on weekdays, making it a probable next stop. Other places like 40 and 195 have also been visited frequently, suggesting they could be next as well."
4,17,"[17, 4, 184, 195, 30, 46, 125, 1, 89, 193]","The user has a strong pattern of visiting place_id 17 frequently, especially on Tuesdays and Mondays, indicating a preference for this location. The context shows recent visits to place_id 17, reinforcing its likelihood. Place_id 4 is also visited often, particularly in the afternoons and evenings, making it a probable next location. Other places like 184 and 195 are visited regularly, especially on weekdays, suggesting they could be next as well. The user's activity pattern indicates a tendency to return to familiar places, especially those visited recently."
4,4,"[17, 4, 184, 195, 30, 46, 1, 89, 193, 125]","The user has a strong pattern of visiting place_id 17 frequently, especially on Tuesdays and Mondays, indicating a high likelihood of returning there. Place_id 4 is also visited multiple times, particularly in the context stays, suggesting it is a common location. Other places like 184 and 195 are visited regularly, especially during the mornings and afternoons, which aligns with the recent context activities. The user tends to have longer stays at these locations, reinforcing their significance in the user's routine."
4,17,"[17, 4, 184, 40, 195, 30, 46, 1, 89, 193]","The user has a strong pattern of visiting place_id 17 frequently on Tuesdays, especially in the morning and afternoon. Recent context shows continued visits to place_id 4 and 17, indicating a preference for these locations. Place_id 184 and 40 are also visited regularly, suggesting they are likely candidates. The user has shown a tendency to return to familiar places, especially on Tuesdays, which aligns with the context data."
4,17,"[17, 4, 184, 195, 30, 46, 1, 89, 193, 125]","The user has a strong pattern of visiting place_id 17 frequently throughout the week, especially on Tuesdays and Wednesdays, indicating a high likelihood of returning there. Place_id 4 is also visited multiple times, particularly in the context of recent stays, suggesting it remains a relevant option. Place_id 184 and 195 are notable due to their consistent presence in the user's history, especially on weekdays. The context data shows recent visits to place_id 17 and 4, reinforcing their likelihood. Other places like 30, 46, 1, 89, 193, and 125 are included based on occasional visits and their proximity to the user's established patterns."
4,17,"[17, 4, 184, 195, 30, 46, 1, 89, 193, 125]","The user has a strong pattern of visiting place 17 frequently, especially on Tuesdays and Wednesdays, with multiple long stays. Place 4 is also visited often, particularly during the early morning and late afternoon. Recent context shows continued visits to places 4 and 17, indicating a preference for these locations. Other places like 184 and 195 are also popular in the user's history, suggesting they may be likely next stops. The user tends to return to familiar places, especially on the same day of the week."
4,17,"[17, 4, 184, 195, 30, 46, 1, 89, 193, 125]","The user has a strong pattern of visiting place_id 17 frequently, especially on Tuesdays and Wednesdays, as seen in both history and context. Place_id 4 is also visited multiple times, particularly in the context of longer stays. Place_id 184 and 195 are notable for their consistent visits on various days, indicating they are likely candidates for the next location. The recent context shows continued activity at place_id 17, reinforcing its likelihood. Other places like 30, 46, 1, 89, and 193 have been visited but less frequently, making them less probable but still relevant."
4,22,"[17, 4, 184, 195, 30, 46, 1, 89, 193, 125]","The user has a strong pattern of visiting place_id 17 frequently, especially on Tuesdays and Wednesdays, with multiple long stays. Place_id 4 is also visited often, particularly during early morning and late evening. Recent context shows continued activity at place_id 4, indicating a likelihood of returning there. Place_id 184 and 195 are also notable due to their frequent visits on various days, suggesting they are part of the user's routine. The other place_ids have been visited less frequently but still show potential based on the user's recent activities."
4,4,"[17, 4, 184, 195, 30, 46, 22, 1, 89, 193]","The user has a strong pattern of visiting place_id 17 frequently, especially on Tuesdays and Wednesdays, with multiple visits throughout the day. The context shows recent stays at place_id 17, reinforcing its likelihood as the next destination. Place_id 4 is also visited often, particularly in the evenings, making it a probable choice. Other places like 184 and 195 are visited regularly, especially on weekdays, indicating they could be next as well. The recent context activities suggest a preference for place_id 22, which has been visited recently, and place_id 1 has been visited in the past, making it a potential option too."
4,150,"[17, 4, 184, 40, 195, 22, 1, 30, 46, 193]","The user has a strong pattern of visiting place_id 17 frequently throughout the week, especially on Tuesdays and Wednesdays, as seen in both history and context. Place_id 4 is also visited multiple times, particularly in the evenings. The context shows recent visits to place_id 17, reinforcing its likelihood. Place_id 184 appears consistently in the user's history, especially on weekdays, making it a probable next location. Other places like 40 and 195 have also been visited frequently, indicating they could be potential next stops."
4,17,"[17, 4, 184, 195, 30, 22, 150, 40, 1, 193]","The user has a strong pattern of visiting place_id 17 frequently, especially on Tuesdays and Wednesdays, indicating a high likelihood of returning there. Place_id 4 is also visited multiple times, particularly in the evenings. Recent context shows continued visits to place_id 17, reinforcing its probability. Other places like 184 and 195 are also noted in the history, suggesting they are potential next locations. The context includes a visit to place_id 150, which may indicate a new interest. Overall, the predictions are based on historical frequency and recent activity."
4,17,"[17, 4, 184, 195, 150, 22, 30, 89, 1, 193]","The user has a strong pattern of visiting place_id 17 frequently, especially on Tuesdays and Wednesdays, indicating a high likelihood of returning there. Place_id 4 is also visited multiple times, particularly in the evenings. Recent context shows continued activity at place_id 17 and new visits to place_id 22 and 150, suggesting these places are also likely candidates. The user has a consistent routine with certain places, especially on specific days, which influences the predictions."
4,151,"[17, 4, 184, 195, 22, 30, 150, 46, 89, 1]","The user has a strong pattern of visiting place_id 17 frequently, especially on Tuesdays and Thursdays, indicating a preference for this location. Place_id 4 is also visited multiple times, particularly in the evenings. Recent context shows a visit to place_id 22, suggesting it may be a new interest. Other places like 184 and 195 are also recurrent in the user's history, making them likely candidates. The user tends to visit places early in the morning and late at night, which aligns with the predicted places."
4,17,"[17, 4, 184, 150, 195, 30, 46, 89, 1, 193]","The user has a strong pattern of visiting place_id 17 frequently, especially on Tuesdays and Thursdays, indicating a preference for this location. Place_id 4 is also visited multiple times, particularly during late hours. Recent context shows the user visited place_id 4 again on Wednesday evening, suggesting a likelihood of returning there. Place_id 184 is visited regularly on multiple days, making it a probable next stop. The context also indicates recent visits to place_id 150 and 195, which could influence the next location choice. Overall, the predictions are based on historical patterns and recent activities."
4,4,"[17, 4, 184, 150, 151, 195, 30, 40, 89, 1]","The user has a strong pattern of visiting place_id 17 frequently, especially on Tuesdays and Thursdays, indicating a preference for this location. Place_id 4 is also visited multiple times, particularly in the evenings. Recent context shows visits to place_id 17 and 150, suggesting these are likely candidates for the next location. Place_id 184 appears consistently in the user's history, making it a probable choice as well. The user has shown varied activity across different places, but the frequency of visits to these specific IDs suggests they are the most likely next locations."
4,30,"[17, 4, 184, 40, 195, 151, 30, 46, 1, 193]","The user has a strong pattern of visiting place_id 17 frequently, especially on Tuesdays and Thursdays, indicating a preference for this location. The context shows recent visits to place_id 17, reinforcing its likelihood. Place_id 4 is also visited often, particularly in the evenings, making it a probable next location. Other places like 184 and 40 have been visited multiple times, especially on Thursdays, suggesting they could be next as well. The context includes a visit to place_id 151, which may indicate a new interest. Overall, the predictions are based on historical patterns and recent activities."
4,17,"[17, 4, 184, 30, 195, 151, 89, 1, 193, 40]","The user has a strong pattern of visiting place_id 17 frequently, especially on Tuesdays and Thursdays, indicating a high likelihood of returning there. Place_id 4 is also visited multiple times, particularly in the evenings. The context shows recent visits to place_id 17 and 4, reinforcing their likelihood. Place_id 184 appears consistently across multiple days, suggesting it is a common destination. Place_id 30 and 195 have recent context visits, indicating potential interest. Other places like 151, 89, 1, 193, and 40 have less frequent but notable visits, making them plausible options."
4,40,"[17, 4, 184, 30, 151, 195, 40, 1, 89, 193]","The user has a strong pattern of visiting place_id 17 frequently, especially on Tuesdays and Fridays, indicating a preference for this location. Place_id 4 is also visited multiple times, particularly in the evenings. Recent context shows continued visits to place_id 17 and 4, reinforcing their likelihood. Place_id 184 appears regularly on Fridays, suggesting it may be a common destination. Place_id 30 and 151 are also noted in recent context, indicating potential interest. The user has shown varied activity across different places, but the consistent visits to 17 and 4 make them the top predictions."
4,4,"[17, 4, 40, 184, 30, 195, 1, 125, 46, 193]","The user has a strong pattern of visiting place_id 17 frequently, especially on Tuesdays and Fridays, indicating it is a preferred location. Place_id 4 is also visited often, particularly in the evenings. Recent context shows continued visits to place_id 17 and 4, reinforcing their likelihood. Place_id 40 is visited during the day on Fridays, making it a probable next stop. Other places like 184 and 30 have been visited recently, suggesting they could also be considered. The user tends to visit multiple places in a day, so the next location could be any of these based on the time of day and recent activity."
4,17,"[4, 17, 40, 30, 184, 195, 1, 125, 46, 193]","The user has a strong pattern of visiting places 4 and 17 frequently, especially on Tuesdays and Fridays. Recent context shows a visit to place 4 on Thursday evening, indicating a likelihood of returning there. Place 17 is also a common choice during the day. Other places like 40 and 30 have been visited recently, suggesting they could be next. The user tends to visit places in the morning and afternoon, which aligns with the context stays."
4,17,"[17, 4, 30, 40, 184, 195, 1, 193, 125, 46]","The user has a strong pattern of visiting place_id 17 frequently, especially on Tuesdays and Fridays, indicating a preference for this location. Place_id 4 is also visited multiple times, particularly in the evenings. Recent context shows the user visited place_id 30 and 40 on Friday, suggesting they may continue to frequent these locations. The user has also shown interest in place_id 184 and 195, which are visited regularly. The prediction includes a mix of these frequently visited places and those recently visited, reflecting the user's established patterns and recent activities."
4,4,"[17, 4, 40, 184, 195, 1, 193, 30, 46, 89]","The user has a strong pattern of visiting place_id 17 frequently, especially on Tuesdays and Fridays, indicating a preference for this location. The context shows recent visits to place_id 17 and 40, suggesting they are likely to continue visiting these places. Place_id 4 is also a common location in both history and context, making it a probable next stop. Other places like 184 and 195 have been visited multiple times, especially on weekends, which may influence the user's next location."
4,17,"[17, 4, 40, 184, 195, 30, 46, 1, 89, 193]","The user has a strong pattern of visiting place_id 17 frequently, especially on Tuesdays and Saturdays, indicating a preference for this location. Place_id 4 is also visited multiple times, particularly in the evenings. Recent context shows continued visits to place_id 40 and 4, suggesting these are likely candidates for the next visit. The user has also shown interest in place_id 184 and 195, which are visited regularly. The timing of the context visits aligns with the user's historical patterns, reinforcing the likelihood of these places."
4,184,"[17, 4, 184, 195, 30, 46, 1, 89, 193, 125]","The user has a strong pattern of visiting place 17 frequently, especially on Tuesdays and weekends, indicating a preference for this location. Place 4 is also visited multiple times, particularly during late hours and weekends. The context shows recent visits to places 4 and 17, reinforcing their likelihood. Place 184 appears consistently throughout the week, suggesting it is a common destination. Place 195 has been visited recently, indicating it may be a current interest. Other places like 30, 46, 1, 89, 193, and 125 have been visited less frequently but still show potential based on the user's varied schedule."
4,184,"[17, 4, 184, 195, 30, 46, 89, 1, 193, 125]","The user has a strong pattern of visiting place_id 17 frequently across multiple days and times, especially on Tuesdays and weekends. The context shows recent visits to place_id 17, reinforcing its likelihood. Place_id 4 is also visited often, particularly in the evenings, making it a strong candidate. Place_id 184 appears frequently in the history and context, indicating a potential return. Other places like 195 and 30 have been visited recently, suggesting they could be next as well."
4,17,"[17, 4, 184, 195, 30, 46, 1, 89, 193, 125]","The user has a strong pattern of visiting place_id 17 frequently, especially on Tuesdays and Sundays, indicating a preference for this location. Place_id 4 is also visited multiple times, particularly in the evenings. Recent context shows continued visits to both place_id 17 and 4, reinforcing their likelihood. Place_id 184 appears frequently in the history and context, suggesting it is a common destination. Place_id 195 has been visited recently, indicating it may be a potential next stop. Other places like 30, 46, 1, 89, 193, and 125 have been visited but less frequently, making them less likely but still possible options."
4,4,"[17, 4, 184, 195, 30, 46, 1, 89, 193, 125]","The user has a strong pattern of visiting place 17 frequently, especially on Tuesdays and Sundays, indicating a preference for this location. Place 4 is also visited multiple times, particularly during early morning and late evening hours. Recent context shows the user visited place 4 on Saturday evening, suggesting a continued interest. Place 184 appears frequently in the history and context, especially on Sundays, making it a likely candidate. Other places like 195 and 30 have been visited recently, indicating potential for future visits. The ranking reflects the frequency and recency of visits to these places."
4,17,"[17, 184, 4, 195, 30, 46, 1, 89, 193, 125]","The user has a strong pattern of visiting place_id 17 frequently, especially on Tuesdays and Sundays, indicating a preference for this location. Recent context shows continued visits to place_id 17 and 184, suggesting they are likely to return to these places. Place_id 4 is also a common location in both history and context, making it a probable next stop. Other places like 195, 30, and 46 have been visited recently, which increases their likelihood as well."
4,4,"[17, 184, 4, 195, 30, 46, 1, 89, 193, 125]","The user has a strong pattern of visiting place_id 17 frequently, especially on Tuesdays and Sundays, indicating a preference for this location. Place_id 184 is also visited multiple times, particularly on Sundays and Mondays, suggesting it is a significant location for the user. Place_id 4 appears regularly in the user's history, especially during late hours, making it a likely candidate. The context shows recent visits to place_id 184 and 17, reinforcing their likelihood. Other places like 195, 30, and 46 have been visited but less frequently, while 1, 89, and 193 are less common but still possible based on the user's varied schedule."
4,17,"[17, 4, 184, 195, 30, 46, 1, 89, 193, 125]","The user has a strong pattern of visiting place_id 17 frequently, especially on Tuesdays and Mondays, indicating a preference for this location. Place_id 4 is also visited multiple times, particularly during the early hours and late evenings. Recent context shows continued visits to place_id 17 and 4, reinforcing their likelihood. Place_id 184 and 195 are also notable due to their frequent visits on various days, suggesting they are significant locations for the user. The other place_ids are included based on their historical relevance and recent context activity."
4,4,"[17, 4, 184, 195, 30, 46, 1, 89, 193, 125]","The user has a strong pattern of visiting place_id 17 frequently, especially on Tuesdays and Mondays, indicating a high likelihood of returning there. Place_id 4 is also visited often, particularly in the afternoons and evenings. The context shows recent visits to place_id 17 and 4, reinforcing their likelihood. Place_id 184 and 195 are also notable due to their frequent visits on various days, suggesting they are part of the user's routine. Other places like 30, 46, 1, 89, and 193 have been visited but less frequently, making them less likely but still possible options."
4,17,"[17, 4, 184, 195, 30, 46, 1, 89, 193, 125]","The user has a strong pattern of visiting place_id 17 frequently, especially on Tuesdays and Mondays, indicating a preference for this location. Place_id 4 is also visited often, particularly during the early morning and late afternoon. Recent context shows continued visits to place_id 4 and 17, reinforcing their likelihood. Other places like 184 and 195 are also noted in the history, suggesting they are potential next stops. The user tends to stay longer at certain places, which may influence their next choice based on recent activities."
4,17,"[17, 4, 184, 195, 30, 46, 1, 89, 193, 125]","The user has a strong pattern of visiting place_id 17 frequently, especially on Tuesdays and Mondays, indicating a preference for this location. Place_id 4 is also visited multiple times, particularly during the early morning and late evening. Recent context shows continued visits to place_id 17 and 4, reinforcing their likelihood. Other places like 184 and 195 are also noted in the history, suggesting they are potential next stops. The user tends to visit places in the morning and afternoon, which aligns with the predicted places."
4,4,"[17, 4, 184, 195, 30, 46, 1, 89, 193, 125]","The user has a strong pattern of visiting place_id 17 frequently, especially on Tuesdays and Mondays, with multiple long stays. Place_id 4 is also visited often, particularly during early mornings and late evenings. Recent context shows continued visits to these places, reinforcing their likelihood. Place_id 184 and 195 are also notable due to their frequent visits on various days, suggesting they are part of the user's routine. The other places have less frequent but notable visits, indicating potential future stays."
4,17,"[17, 4, 184, 195, 30, 46, 1, 89, 193, 125]","The user has a strong pattern of visiting place_id 17 frequently, especially on Tuesdays and Mondays, with multiple visits throughout the day. Place_id 4 is also visited often, particularly in the evenings. Recent context shows continued visits to place_id 17 and 4, indicating these are likely next destinations. Other places like 184 and 195 are also frequently visited, suggesting they could be potential next locations as well."
4,4,"[17, 4, 184, 195, 30, 46, 89, 1, 193, 125]","The user has a strong pattern of visiting place 17 frequently, especially on Tuesdays and Wednesdays, as seen in both history and context. Place 4 is also visited multiple times, particularly in the evenings. The context shows recent visits to places 17 and 4, indicating a likelihood of returning to these locations. Other places like 184 and 195 are also notable due to their repeated visits in the history, especially on weekdays. The user tends to stay longer at certain places, suggesting a preference for them."
4,17,"[17, 4, 184, 40, 195, 1, 30, 46, 89, 193]","The user has a strong pattern of visiting place_id 17 frequently, especially on Tuesdays and Wednesdays, as seen in both history and context. Place_id 4 is also visited multiple times, particularly in the evening. The context shows recent stays at place_id 17 and 4, indicating a preference for these locations. Other places like 184 and 40 are also visited regularly, suggesting they could be potential next locations. The user tends to stay longer at certain places, which reinforces the likelihood of returning to familiar spots."
4,17,"[17, 4, 184, 195, 30, 46, 1, 89, 193, 125]","The user has a strong pattern of visiting place_id 17 frequently throughout the week, especially on Tuesdays and Wednesdays, indicating a high likelihood of returning there. Place_id 4 is also visited multiple times, particularly in the evenings. The context shows recent stays at place_id 17 and 4, reinforcing their likelihood. Other places like 184 and 195 are visited regularly, suggesting they are also probable next locations."
4,17,"[4, 17, 184, 40, 195, 30, 125, 46, 1, 193]","The user has a strong pattern of visiting places 4 and 17 frequently, especially on Tuesdays and Wednesdays. Recent context shows continued visits to place 4 and 17, indicating a preference for these locations. Place 184 is also a common destination, particularly on weekdays. The user has shown a tendency to stay longer at places 40 and 195, suggesting they may return to these locations. The context data reinforces the likelihood of returning to these places soon."
4,5,"[17, 4, 184, 195, 30, 46, 1, 89, 193, 125]","The user has a strong pattern of visiting place_id 17 frequently, especially on Tuesdays and Thursdays, with multiple long stays. Place_id 4 is also visited often, particularly in the evenings. Recent context shows continued visits to place_id 17 and 4, indicating these are likely candidates for the next location. Other places like 184 and 195 have also been visited multiple times, suggesting they could be next as well."
4,115,"[17, 4, 184, 195, 30, 46, 1, 89, 5, 193]","The user has a strong pattern of visiting place_id 17 frequently, especially on Tuesdays and Thursdays, indicating a preference for this location. Place_id 4 is also visited multiple times, particularly in the evenings. Recent context shows continued visits to place_id 4, suggesting it remains a likely choice. Place_id 184 and 195 are also recurrent in the user's history, especially on weekdays. The user has shown a tendency to visit place_id 30 and 46 during late hours, while place_id 1 and 89 have been visited in the mornings. Place_id 5 appears in the context, indicating potential interest. Lastly, place_id 193 has been visited in the evening, making it a plausible option as well."
4,17,"[17, 4, 184, 195, 30, 125, 46, 1, 5, 89]","The user has a strong pattern of visiting place ID 17 frequently, especially on Tuesdays and Thursdays, as seen in both history and context. Place ID 4 is also visited multiple times, particularly in the evenings. Place IDs 184 and 195 are notable for their longer stays, indicating preference. Recent context shows continued visits to place ID 17, reinforcing its likelihood. Other places like 30, 125, 46, 1, 5, and 89 have been visited but less frequently, making them less probable but still relevant."
4,1,"[17, 4, 184, 195, 30, 125, 46, 5, 1, 193]","The user has a strong pattern of visiting place_id 17 frequently, especially on Tuesdays and Thursdays, as seen in both history and context. Place_id 4 is also visited multiple times, particularly in the evenings. The recent context shows continued visits to place_id 17, reinforcing its likelihood. Other places like 184 and 195 are also noted in the history, indicating potential future visits. The user seems to favor certain places during specific times, particularly in the morning and afternoon."
4,17,"[17, 4, 184, 195, 1, 30, 125, 5, 46, 40]","The user has a strong pattern of visiting place_id 17 frequently, especially on Tuesdays and Fridays, indicating a high likelihood of returning there. Place_id 4 is also visited multiple times, particularly in the evenings. Recent context shows continued visits to place_id 17 and new visits to place_id 5, suggesting these are likely candidates for the next location. Other places like 184 and 195 have also been visited recently, making them probable options."
4,184,"[17, 4, 184, 1, 5, 30, 46, 195, 125, 89]","The user has a strong pattern of visiting place_id 17 frequently, especially on Tuesdays and Fridays, indicating a preference for this location. Place_id 4 is also visited multiple times, particularly in the evenings. Recent context shows visits to place_id 17 and 1, suggesting these are likely candidates for the next visit. Place_id 184 is visited often on Fridays, aligning with the user's recent activities. Place_id 5 was visited recently, making it a potential next stop as well."
4,17,"[17, 4, 184, 1, 195, 30, 46, 125, 193, 40]","The user has a strong pattern of visiting place_id 17 frequently, especially on Tuesdays and Fridays, indicating a high likelihood of returning there. Place_id 4 is also visited multiple times, particularly in the evenings. Recent context shows visits to place_id 17 and 184, reinforcing their popularity. Place_id 1 and 195 have also been visited recently, suggesting they could be potential next stops. The user tends to visit places in the morning and afternoon, which aligns with the predicted places."
4,4,"[17, 184, 4, 1, 30, 46, 195, 89, 125, 40]","The user has a strong pattern of visiting place_id 17 frequently, especially on Tuesdays and Fridays, indicating a high likelihood of returning there. Place_id 184 is also visited regularly, particularly on weekends. The context shows recent visits to place_id 17 and 184, reinforcing their likelihood. Place_id 4 appears multiple times in the history and context, suggesting it is a common stop. Other places like 1, 30, 46, 195, 89, 125, and 40 have less frequent but notable visits, making them potential candidates for the next location."
4,184,"[17, 184, 4, 1, 30, 46, 195, 89, 193, 125]","The user has a strong pattern of visiting place 17 frequently, especially on Tuesdays and Saturdays, and has also recently visited it in the context. Place 184 is another frequent location, particularly on Fridays and Saturdays, and has been visited recently as well. Place 4 is visited often during various times, indicating it is a common stop. The other places have been selected based on their recent visits and overall frequency in the user's history."
4,184,"[17, 4, 184, 195, 30, 46, 1, 89, 193, 125]","The user has a strong pattern of visiting place_id 17 frequently, especially on Tuesdays and Saturdays, indicating a preference for this location. Place_id 4 is also visited multiple times, particularly in the evenings. Recent context shows continued visits to place_id 17 and 184, suggesting these are likely candidates for the next visit. The user has also shown interest in place_id 195 and 30, which were visited recently, making them probable options as well."
4,17,"[17, 4, 184, 195, 30, 46, 1, 89, 193, 125]","The user has a strong pattern of visiting place_id 17 frequently, especially on Tuesdays and Saturdays, indicating a preference for this location. Place_id 4 is also visited multiple times, particularly in the evenings. Recent context shows continued visits to place_id 184, suggesting it remains relevant. The user has also been to place_id 195 recently, indicating it may be a potential next stop. Other places like 30, 46, 1, 89, 193, and 125 have been visited but less frequently, making them less likely but still possible options."
4,4,"[17, 4, 184, 195, 30, 46, 89, 1, 193, 125]","The user has a strong pattern of visiting place_id 17 frequently, especially on Tuesdays and Sundays, indicating a preference for this location. Place_id 4 is also visited multiple times, particularly in the evenings. Recent context shows continued visits to place_id 17 and 4, reinforcing their likelihood. Place_id 184 appears frequently in the user's history, especially on weekends, suggesting it may be a favored location. Other places like 195 and 30 have been visited recently, indicating potential interest. Overall, the predictions are based on the frequency and timing of past visits."
4,17,"[17, 4, 184, 195, 30, 46, 1, 89, 193, 125]","The user has a strong pattern of visiting place_id 17 frequently, especially on Tuesdays and Sundays, indicating a preference for this location. Place_id 4 is also visited often, particularly during late hours and weekends. Recent context shows continued visits to place_id 4 and 184, suggesting these are likely candidates for the next location. The user has a diverse pattern but tends to return to familiar places, especially on weekends."
4,17,"[17, 4, 184, 195, 30, 46, 1, 89, 193, 40]","The user has a strong pattern of visiting place_id 17 frequently, especially on Tuesdays and Sundays, indicating a preference for this location. Place_id 4 is also visited multiple times, particularly in the evenings. Recent context shows continued visits to place_id 184 and 17, suggesting these are likely candidates for the next visit. The user has also shown interest in place_id 195 and 30, which were visited recently. Overall, the predictions are based on the frequency and timing of past visits."
4,17,"[17, 4, 184, 195, 30, 46, 1, 89, 193, 125]","The user has a strong pattern of visiting place_id 17 frequently, especially on Tuesdays and Mondays, indicating a preference for this location. Place_id 4 is also visited multiple times, particularly in the evenings. Recent context shows continued visits to place_id 17 and 4, reinforcing their likelihood. Place_id 184 appears consistently in the user's history, especially on weekdays, making it a probable next location. Place_id 195 has been visited recently, suggesting it could be a potential choice as well. Other places like 30, 46, 1, 89, 193, and 125 have been visited but less frequently, making them less likely but still possible options."
4,4,"[17, 4, 184, 195, 30, 46, 1, 89, 193, 125]","The user has a strong pattern of visiting place_id 17 frequently, especially on Tuesdays and Mondays, indicating a preference for this location. The context shows recent visits to place_id 17, reinforcing its likelihood. Place_id 4 is also visited often, particularly in the evenings, making it a probable next location. Other places like 184 and 195 are visited regularly, especially on weekdays, suggesting they could be next as well. The user's activity pattern indicates a tendency to return to familiar places, especially those visited recently."
4,17,"[17, 4, 184, 195, 30, 46, 1, 89, 193, 125]","The user has a strong pattern of visiting place_id 17 frequently, especially on Tuesdays and Mondays, indicating a preference for this location. Place_id 4 is also visited multiple times, particularly during early mornings and late evenings. Recent context shows the user visited place_id 4 on Sunday and Monday, suggesting a continued interest. Place_id 184 and 195 are also notable due to their frequent visits on various days, particularly on weekdays. The user has shown less frequent but notable visits to place_id 30 and 46, which could be potential next locations. Overall, the predictions are based on historical patterns and recent context activities."
4,4,"[17, 4, 184, 195, 30, 46, 1, 89, 193, 125]","The user has a strong pattern of visiting place_id 17 frequently, especially on Tuesdays and Mondays, indicating a high likelihood of returning there. Place_id 4 is also visited multiple times, particularly in the mornings and evenings. The context shows recent visits to place_id 17, reinforcing its probability. Other places like 184 and 195 are also noted in the history, suggesting they are potential next locations. The user tends to visit places in the morning and late afternoon, which aligns with the context data."
