user_id,ground_truth,prediction,reason
37,965,"[9, 567, 876, 1, 946, 2, 3, 4, 5, 6]","The user has a strong pattern of visiting place ID 9, especially during late night and early morning hours, as well as frequent visits to place ID 567 during the day. The recent context shows continued visits to these places, particularly on Thursday and Friday, indicating a likelihood of returning to these locations. Place ID 876 also shows a significant presence in the user's history, especially on Fridays, making it a probable next location. Other places have less frequent visits and thus lower probabilities."
37,876,"[9, 567, 876, 1, 946, 965, 2, 3, 4, 5]","The user has a strong pattern of visiting place ID 9 frequently, especially during early mornings and late nights across multiple days. Place ID 567 is also visited often, particularly on Thursdays and during the afternoons. Place ID 876 shows significant visits on Fridays, indicating a possible routine. Place ID 1 is visited on weekends, suggesting leisure activities. The recent context shows continued visits to IDs 9, 567, and 876, reinforcing their likelihood as next destinations. The other IDs are less frequent but included for variety based on potential exploration."
37,9,"[9, 567, 876, 1, 946, 965, 949, 567, 876, 1]","The user has a strong pattern of visiting place_id 9, especially during early mornings and late nights, as seen in both history and context. Place_id 567 is frequently visited during afternoons on Thursdays and weekends, while place_id 876 is visited on Fridays and weekends. Place_id 1 is a common morning destination on weekends. The recent context shows continued visits to these places, reinforcing their likelihood as the next destination."
37,567,"[9, 876, 567, 1, 946, 965, 949, 876, 567, 1]","The user has a strong pattern of visiting place_id 9, especially during early mornings and late nights across multiple days. Place_id 876 is frequently visited on Fridays and Saturdays, indicating a preference for these times. Place_id 567 is also a common location during the afternoons on various days. The recent context shows continued visits to these places, reinforcing their likelihood as the next destination."
37,9,"[9, 876, 567, 1, 946, 965, 949, 876, 567, 1]","The user has a strong pattern of visiting place ID 9 frequently across various days and times, especially during early mornings and late nights. Place ID 876 is also visited often, particularly on Fridays and weekends. Place ID 567 shows consistent visits in the context and history, especially on weekends. The recent context indicates continued activity at place IDs 876 and 567, suggesting a likelihood of returning to these locations. Place ID 1 is visited regularly on weekends, making it a probable next stop as well."
37,9,"[9, 567, 876, 1, 946, 965, 949, 876, 567, 1]","The user has a strong pattern of visiting place ID 9 frequently, especially during early mornings and late nights across multiple days. Place ID 567 is also visited regularly, particularly on weekends and weekdays. The context shows recent visits to places 9 and 567, indicating a preference for these locations. Place ID 876 is visited on Fridays, aligning with the user's recent activities. Place ID 1 is visited on weekends, suggesting a potential for future visits. The other IDs are included based on their recent context visits and historical patterns."
37,567,"[9, 567, 876, 1, 946, 2, 3, 4, 5, 6]","The user has a strong pattern of visiting place 9 frequently across various days and times, especially during early mornings and late nights. Place 567 is also visited often, particularly on weekends and weekdays, indicating a preference for this location. Place 876 has been visited multiple times on Fridays, suggesting it may be a favored spot for the user. The context shows recent visits to places 876, 9, and 567, reinforcing their likelihood as next destinations. Place 1 is visited regularly on weekends, while places 946, 2, 3, 4, 5, and 6 have less frequent but notable visits, making them potential candidates as well."
37,9,"[9, 567, 1, 876, 946, 2, 3, 4, 5, 6]","The user has a strong pattern of visiting place 9 frequently, especially during early mornings and late nights across multiple days. Place 567 is also visited often, particularly on Sundays and Mondays, indicating a preference for these locations. Place 1 is visited on weekends, while place 876 is frequented on Fridays. The recent context shows continued visits to places 9 and 567, reinforcing their likelihood as the next destination."
37,567,"[9, 567, 1, 876, 946, 2, 3, 4, 5, 6]","The user has a strong pattern of visiting place ID 9 frequently across various days and times, especially during early mornings and late nights. Place ID 567 is also visited often, particularly on Thursdays and Sundays. The recent context shows continued visits to these places, reinforcing their likelihood as the next destination. Place ID 1 is visited on weekends, while 876 appears frequently on Fridays. The other IDs are less frequent but may still be relevant based on the user's broader activity pattern."
37,9,"[9, 567, 1, 876, 946, 2, 3, 4, 5, 6]","The user has a strong pattern of visiting place ID 9, especially during early mornings and late nights, as seen in both history and context. Place ID 567 is also frequently visited during afternoons on multiple days, indicating a strong likelihood of return. Place ID 1 is visited on weekends, while 876 appears during weekdays, suggesting a mix of work and leisure activities. The other IDs are less frequent but may still be relevant based on the user's varied schedule."
37,567,"[9, 567, 1, 876, 946, 2, 3, 4, 5, 6]","The user has a strong pattern of visiting place 9 frequently, especially during early mornings and late nights across multiple days. Place 567 is also visited often, particularly in the afternoons on weekdays. The context shows recent visits to both places 9 and 567, reinforcing their likelihood. Place 1 is visited on weekends, and places 876 and 946 have also been visited multiple times, indicating they could be potential next locations. The user tends to return to familiar places, especially those visited recently."
37,9,"[9, 567, 1, 876, 946, 2, 3, 4, 5, 6]","The user has a strong pattern of visiting place_id 9 frequently across various days and times, especially during early mornings and late nights. Place_id 567 is also visited regularly, particularly on Tuesdays and Wednesdays. The recent context shows continued visits to these places, reinforcing their likelihood as the next destination. Place_id 1 is visited on weekends, while 876 appears frequently on Fridays, indicating potential visits. Other place_ids are less frequent in the user's history, making them less likely."
37,9,"[9, 567, 1, 876, 946, 2, 3, 4, 5, 6]","The user has a strong pattern of visiting place ID 9, especially during early mornings and late nights, as seen in both history and context. Place ID 567 is also frequently visited during afternoons and has recent context stays. Place ID 1 is visited on weekends, while 876 shows up in the user's history on Fridays. The other IDs are less frequent but may still be relevant based on the user's overall activity pattern."
37,9,"[9, 567, 1, 876, 946, 2, 3, 4, 5, 6]","The user has a strong pattern of visiting place_id 9, especially during early mornings and late nights across multiple days. Place_id 567 is also frequently visited, particularly on Tuesdays and Thursdays, indicating a preference for these locations. The context data shows recent visits to both place_id 9 and 567, reinforcing their likelihood as the next destination. Place_id 1 is visited regularly on weekends, while 876 appears often on Fridays, suggesting potential visits. Other place_ids have less frequent historical data, making them less likely."
37,9,"[9, 567, 1, 876, 946, 2, 3, 4, 5, 6]","The user has a strong pattern of visiting place_id 9 frequently, especially during early mornings and late nights across multiple days. Place_id 567 is also visited often, particularly during the afternoons on weekdays. The recent context shows continued visits to place_id 9 and 567, indicating these are likely to be the next locations. Place_id 1 is visited on weekends, suggesting it could be a potential next stop. Other IDs like 876 and 946 have also been visited but less frequently, making them less likely."
37,567,"[9, 567, 1, 876, 946, 2, 3, 4, 5, 6]","The user has a strong pattern of visiting place_id 9, especially during early mornings and late nights, as seen in both history and context. Place_id 567 is also frequently visited, particularly during the afternoons on Thursdays. Place_id 1 is visited on weekends, indicating a preference for leisure activities. Place_id 876 appears during weekdays, suggesting work-related visits. The context shows recent visits to place_id 567 and 9, reinforcing their likelihood as next destinations."
37,9,"[9, 567, 1, 876, 946, 2, 3, 4, 5, 6]","The user has a strong pattern of visiting place_id 9, especially during early mornings and late nights across multiple days. Recent context shows continued visits to place_id 9 and 567, indicating these are likely candidates for the next location. Place_id 1 is also frequently visited on weekends, while 876 appears often on Fridays. The user has not shown significant interest in other places recently, making these the most probable next locations."
37,567,"[9, 567, 1, 876, 946, 2, 3, 4, 5, 6]","The user has a strong pattern of visiting place ID 9 frequently, especially during early mornings and late nights across multiple days. Place ID 567 is also visited often, particularly during the afternoons on Thursdays. The context shows recent visits to both places, reinforcing their likelihood. Place ID 1 is visited on weekends, while 876 appears frequently on Fridays. Other IDs are less frequent and thus less likely."
37,9,"[9, 567, 1, 876, 946, 2, 3, 4, 5, 6]","The user has a strong pattern of visiting place ID 9 frequently, especially during early mornings and late nights across multiple days. Place ID 567 is also visited often, particularly during the afternoons on Thursdays and Fridays. The recent context shows continued visits to these places, reinforcing their likelihood as the next destination. Place ID 1 is visited on weekends, suggesting a potential visit soon, while IDs 876 and 946 have also been visited multiple times, indicating they could be considered as well."
37,567,"[9, 567, 1, 876, 946, 2, 3, 4, 5, 6]","The user has a strong pattern of visiting place 9 frequently, especially during early mornings and late nights across multiple days. Place 567 is also visited often, particularly on Thursdays and Fridays, indicating a possible routine. Place 1 is visited on weekends, suggesting it may be a leisure spot. The context shows recent visits to places 9 and 567, reinforcing their likelihood. Other places like 876 and 946 have also been visited but less frequently, making them less probable."
37,1,"[9, 567, 1, 876, 946, 2, 3, 4, 5, 6]","The user has a strong pattern of visiting place 9 frequently, especially during early mornings and late nights across multiple days. Place 567 is also visited often, particularly on Thursdays and Fridays, indicating a preference for this location. Place 1 is visited on weekends, suggesting it may be a leisure spot. The context shows recent visits to places 567 and 9, reinforcing their likelihood. Other places have less frequent visits, making them less probable."
37,956,"[9, 567, 1, 876, 946, 2, 3, 4, 5, 6]","The user has a strong pattern of visiting place_id 9 frequently, especially during early mornings and late nights across multiple days. Place_id 567 is also visited often, particularly on Thursdays and Fridays. The recent context shows continued visits to these places, reinforcing their likelihood. Place_id 1 is visited on weekends, and place_id 876 has been visited multiple times on Fridays, indicating a potential for return. Other place_ids have less frequent visits and thus are less likely."
37,956,"[9, 567, 1, 876, 946, 956, 2, 3, 4, 5]","The user has a strong pattern of visiting place_id 9 frequently across various days and times, especially during early mornings and late nights. Place_id 567 is also visited often, particularly on Thursdays and weekends. The recent context shows continued visits to place_id 567 and 9, indicating these are likely to be the next locations. Place_id 1 is visited regularly on weekends, while 876 appears frequently on Fridays. The user has also shown interest in place_id 946 and 956 recently, suggesting they may be potential next stops."
37,957,"[9, 567, 1, 876, 946, 956, 2, 3, 4, 5]","The user has a strong pattern of visiting place ID 9 frequently, especially during late night and early morning hours across multiple days. Place ID 567 is also visited often, particularly on Thursdays and Sundays. The context shows recent visits to places 9 and 567, reinforcing their likelihood. Place ID 1 is visited on weekends, and IDs 876 and 946 have been visited multiple times, indicating they are also probable. The context includes a recent visit to place ID 956, suggesting it may be a new interest."
37,1,"[9, 567, 1, 876, 956, 946, 957, 2, 3, 4]","The user has a strong pattern of visiting place ID 9, especially during late night and early morning hours, and has also frequently visited place ID 567 during the day. Recent context shows visits to places 567 and 1, indicating a preference for these locations. The user also visited place IDs 956 and 957 recently, suggesting they may be likely candidates for the next visit. Overall, the predictions are based on the frequency and timing of past visits, as well as recent activities."
37,567,"[9, 567, 1, 876, 956, 957, 946, 949, 876, 1]","The user has a strong pattern of visiting place_id 9 frequently, especially during early mornings and late nights across multiple days. Place_id 567 is also visited regularly, particularly on Thursdays and Sundays. Recent context shows visits to place_id 1 and 956, indicating a potential shift or expansion in the user's routine. The user has a consistent pattern of returning to familiar places, suggesting that these IDs are the most likely next locations."
37,876,"[9, 567, 1, 876, 956, 957, 946, 949, 876, 1]","The user has a strong pattern of visiting place_id 9 frequently across various days and times, especially during early mornings and late nights. Place_id 567 is also visited regularly, particularly on Thursdays and Sundays. The recent context shows visits to place_id 956 and 957, indicating a potential shift or expansion in the user's activity. Given the historical data and recent context, these places are the most likely next destinations."
37,9,"[9, 567, 1, 876, 956, 957, 946, 949, 876, 1]","The user has a strong pattern of visiting place_id 9 frequently, especially during early mornings and late nights across multiple days. Place_id 567 is also visited often, particularly on Thursdays and during the afternoons. Recent context shows visits to place_id 956 and 957 on Monday, indicating a potential shift or expansion in the user's routine. Place_id 1 and 876 are also notable due to their repeated appearances in the history, especially on weekends. The predictions reflect a combination of historical patterns and recent activities."
37,567,"[9, 567, 1, 876, 946, 957, 2, 3, 4, 5]","The user has a strong pattern of visiting place_id 9 frequently across various days and times, particularly during early mornings and late nights. Place_id 567 is also visited often, especially on Thursdays and during the afternoons. Recent context shows a visit to place_id 957 on Monday, indicating a potential shift or new interest. Place_id 1 is visited regularly on weekends, while 876 is frequented on Fridays. The other IDs are less frequent but may still be relevant based on the user's broader activity pattern."
37,9,"[9, 567, 1, 876, 946, 2, 3, 4, 5, 6]","The user has a strong pattern of visiting place_id 9, especially during early mornings and late nights, as seen in both history and context. Place_id 567 is also frequently visited, particularly during the afternoons on Thursdays. Place_id 1 is noted for morning visits on weekends, while 876 shows up in the afternoons on weekdays. The recent context indicates continued activity at these places, reinforcing their likelihood as the next destination."
37,876,"[9, 567, 876, 1, 946, 2, 3, 4, 5, 6]","The user has a strong pattern of visiting place ID 9 frequently, especially during early mornings and late nights across multiple days. Place ID 567 is also visited regularly, particularly on Thursdays and Wednesdays, indicating a preference for this location. Place ID 876 shows significant visits on Fridays, suggesting it may be a favored spot for weekend activities. The context data reinforces these patterns, with recent visits to places 567 and 876, indicating they are likely candidates for the next location."
37,933,"[9, 567, 876, 1, 946, 2, 3, 4, 5, 6]","The user has a strong pattern of visiting place 9 frequently, especially during early mornings and late nights across multiple days. Place 567 is also visited regularly, particularly on Thursdays and during the afternoons. Place 876 is visited on Fridays, indicating a possible routine. The recent context shows continued visits to places 876 and 9, reinforcing their likelihood. Place 1 is visited on weekends, suggesting it may be a leisure destination. Other places are less frequently visited, making them less likely."
37,9,"[9, 567, 876, 1, 946, 933, 10, 11, 12, 13]","The user has a strong pattern of visiting place 9 frequently, especially during early mornings and late nights across multiple days. Place 567 is also visited often, particularly on Thursdays and Fridays, indicating a possible routine. Place 876 shows significant visits on Fridays, suggesting it may be a preferred location for the user. The recent context stays reinforce these patterns, especially with the latest visit to place 9 and 567, making them the most likely next locations."
37,9,"[9, 567, 876, 1, 933, 946, 949, 876, 567, 1]","The user has a strong pattern of visiting place_id 9 frequently across various days and times, especially during early mornings and late nights. Place_id 567 is also visited often, particularly on Thursdays and during the afternoon. Place_id 876 shows significant visits on Fridays, indicating a possible routine. The recent context stays reinforce these patterns, especially the visit to place_id 567 at 2:38 PM on Thursday, suggesting a likelihood of returning there. Other places like 1 and 933 have been visited recently, indicating they could also be potential next locations."
37,567,"[9, 567, 876, 1, 933, 946, 949, 876, 567, 1]","The user has a strong pattern of visiting place ID 9 frequently, especially during late night and early morning hours across multiple days. Place ID 567 is also visited often, particularly on Thursdays and during the afternoon. Place ID 876 shows a significant presence on Fridays, indicating a possible routine. The context data reinforces these patterns, with recent visits to places 9 and 876, suggesting a likelihood of returning to these locations. Additionally, place ID 1 is visited regularly on weekends, and place ID 933 appears in the context, indicating potential interest."
37,1,"[9, 567, 876, 1, 933, 946, 949, 876, 567, 1]","The user has a strong pattern of visiting place_id 9 frequently across various days and times, especially during early mornings and late nights. Place_id 567 is also visited regularly, particularly on Thursdays and Mondays. The recent context shows a visit to place_id 876, which has been a common location for the user, indicating a likelihood of returning. Place_id 1 is visited on weekends, and the user has shown interest in place_id 933 recently, suggesting it could be a potential next stop."
37,567,"[9, 567, 1, 876, 933, 946, 2, 3, 4, 5]","The user has a strong pattern of visiting place_id 9 frequently across various days and times, especially during early mornings and late nights. Place_id 567 is also visited often, particularly on Thursdays and Mondays. The recent context shows a visit to place_id 933 on Saturday, which suggests a potential interest in that location. Place_id 1 is visited regularly on weekends, indicating it may be a preferred spot. The other IDs are less frequent but could be considered based on the user's varied history."
37,569,"[9, 567, 1, 876, 946, 2, 3, 4, 5, 6]","The user has a strong pattern of visiting place ID 9, especially during early mornings and late nights, as seen in both history and context. Place ID 567 is also frequently visited during afternoons and has recent context stays, indicating a likelihood of returning. Place ID 1 is visited on weekends and has recent context activity, making it a probable choice. Place ID 876 shows a pattern of visits on Fridays, suggesting it could be a weekend destination. Other IDs are less frequent but may still be relevant based on the user's overall activity."
37,567,"[9, 567, 1, 876, 946, 569, 8, 2, 3, 4]","The user has a strong pattern of visiting place 9 frequently, especially during early mornings and late nights across multiple days. Place 567 is also visited often, particularly on Tuesdays and Thursdays, indicating a preference for this location. Place 1 is visited on weekends, suggesting it may be a leisure spot. The context shows recent visits to places 9 and 567, reinforcing their likelihood. Place 876 appears on Fridays, indicating a potential routine. The other places are less frequent but may still be relevant based on the user's varied activities."
37,9,"[9, 567, 1, 876, 946, 569, 8, 2, 3, 4]","The user has a strong pattern of visiting place ID 9 frequently across various days and times, especially during early mornings and late nights. Place ID 567 is also visited often, particularly on Tuesdays and Thursdays. Recent context shows the user visited place ID 567 on Monday and Tuesday, indicating a likelihood of returning there. Place ID 1 is visited on weekends, suggesting a potential visit soon. Place ID 876 has been visited multiple times on Fridays, which may align with the user's routine. Other IDs like 946 and 569 have recent context visits, making them plausible options as well."
37,567,"[9, 567, 1, 876, 946, 2, 3, 4, 5, 6]","The user has a strong pattern of visiting place 9 frequently, especially during early mornings and late nights across multiple days. Place 567 is also visited often, particularly in the afternoons and evenings. Recent context shows the user visited place 1 early on Tuesday and again on Thursday, indicating a potential return. Place 876 has been visited on Fridays, suggesting a possible pattern for weekend visits. The other places are less frequently visited but may still be relevant based on the user's overall activity."
37,9,"[9, 567, 1, 876, 946, 569, 876, 567, 1, 9]","The user has a strong pattern of visiting place ID 9 frequently, especially during early mornings and late nights across multiple days. Place ID 567 is also visited often, particularly on Tuesdays and Thursdays, indicating a preference for these locations. The recent context shows the user has been to place ID 567 and 569, suggesting they may continue to frequent these places. Place ID 1 is visited regularly on weekends, while 876 appears frequently on Fridays. The user’s activity suggests a tendency to return to familiar places, especially those visited recently."
37,9,"[9, 567, 1, 876, 946, 569, 2, 3, 4, 5]","The user has a strong pattern of visiting place_id 9, especially during early mornings and late nights across multiple days. Place_id 567 is frequently visited in the afternoons and has recent context stays, indicating a likelihood of returning. Place_id 1 is visited on weekends, while 876 shows a pattern of visits on Fridays. The context also suggests a recent visit to place_id 569, which may influence the next location choice."
37,589,"[9, 567, 1, 876, 946, 2, 3, 4, 5, 6]","The user has a strong pattern of visiting place_id 9 frequently, especially during early mornings and late nights across multiple days. Place_id 567 is also visited often, particularly on Thursdays and during the afternoon. The recent context shows continued visits to these places, reinforcing their likelihood as the next destination. Place_id 1 is visited on weekends, while 876 appears frequently on Fridays, indicating potential visits. Other place_ids are less frequent in the user's history."
37,9,"[9, 567, 1, 876, 946, 589, 2, 3, 4, 5]","The user has a strong pattern of visiting place 9 frequently, especially during early mornings and late nights across multiple days. Place 567 is also visited often, particularly in the afternoons on Thursdays and Tuesdays. The context shows recent visits to places 9 and 567, reinforcing their likelihood. Place 1 is visited on weekends, while 876 is frequented on Fridays. The user has also shown interest in place 946 and recently visited place 589, indicating potential future visits. Other places have less frequent visits, making them less likely."
37,9,"[9, 567, 1, 876, 589, 946, 7, 3, 2, 4]","The user has a strong pattern of visiting place_id 9, especially during early mornings and late nights across multiple days. Place_id 567 is also frequently visited, particularly on Thursdays and weekends. Recent context shows the user visited place_id 567 again, indicating a preference for this location. Place_id 1 is visited on weekends, suggesting a recreational spot. Place_id 876 appears frequently on Fridays, indicating a possible work or social venue. Place_id 589 is a recent visit, suggesting it may be a new interest. Other IDs like 946, 7, 3, 2, and 4 are less frequent but could be potential options based on the user's varied activities."
37,9,"[9, 567, 1, 876, 589, 946, 949, 567, 567, 567]","The user has a strong pattern of visiting place ID 9 frequently, especially during early mornings and late nights across multiple days. Recent context stays also show visits to place ID 9, indicating a continued preference. Place ID 567 is another frequent location, visited multiple times in the history and context, suggesting it is a likely next stop. Place ID 1 is visited regularly on weekends, while place ID 876 appears often on Fridays. Place ID 589 is a recent context stay, making it a potential candidate as well."
37,567,"[9, 567, 1, 876, 589, 946, 949, 567, 876, 1]","The user has a strong pattern of visiting place ID 9 frequently, especially during early mornings and late nights across multiple days. Recent context shows continued visits to place ID 9 on Friday morning, indicating a likelihood of returning there. Place ID 567 is also frequently visited, particularly on Thursdays and Sundays, suggesting it is a common destination. Place ID 1 is visited on weekends, while place ID 876 appears on Fridays, indicating potential for visits. Place ID 589 was recently visited, suggesting it may also be a candidate for the next location."
37,567,"[9, 567, 876, 1, 589, 946, 949, 567, 876, 1]","The user has a strong pattern of visiting place_id 9 frequently, especially during early mornings and late nights across multiple days. Place_id 567 is also visited often, particularly on Thursdays and Mondays. The recent context shows visits to place_id 9 and 567, reinforcing their likelihood. Place_id 876 appears on Fridays, indicating a potential visit on that day. Place_id 1 is visited regularly on weekends, suggesting it could be a candidate for weekend activities. The other place_ids are less frequent but still relevant based on the user's recent activities."
37,9,"[9, 567, 1, 876, 946, 2, 3, 4, 5, 6]","The user has a strong pattern of visiting place_id 9 frequently across various days and times, especially on Fridays and during early mornings. Place_id 567 is also visited often, particularly on weekdays. The recent context shows continued visits to place_id 9, reinforcing its likelihood as the next destination. Place_id 1 is a common location on weekends, while 876 appears frequently on Fridays. Other place_ids are less likely based on historical and contextual data."
37,727,"[9, 567, 1, 876, 946, 2, 3, 4, 5, 6]","The user has a strong pattern of visiting place ID 9 frequently, especially during early mornings and late nights across multiple days. Place ID 567 is also visited regularly, particularly on weekdays. The recent context shows continued visits to both places, reinforcing their likelihood as the next destination. Place ID 1 is visited on weekends, while 876 appears frequently on Fridays, indicating potential for visits. Other IDs are less frequent and thus less likely."
37,876,"[9, 567, 1, 876, 946, 727, 8, 2, 3, 4]","The user has a strong pattern of visiting place 9 frequently, especially during early mornings and late nights across multiple days. Place 567 is also visited often, particularly during the afternoons on weekdays. The context shows recent visits to places 9 and 567, reinforcing their likelihood. Place 1 is visited on weekends, while 876 is frequented on Fridays. The user has less frequent visits to places 946 and 727, but they are still relevant due to recent context stays. Other places (8, 2, 3, 4) are less likely but included for variety based on historical data."
37,9,"[567, 9, 876, 1, 727, 946, 10, 11, 12, 13]","The user has a strong pattern of visiting place 567 frequently, especially on Thursdays and during the day. Recent context shows continued visits to 567 on Monday and Tuesday, indicating a preference for this location. Place 9 is also a common choice, visited multiple times across various days, particularly late at night. Place 876 has been visited on Fridays, suggesting a potential for weekend visits. Place 1 is visited regularly on weekends, while 727 appears in recent context, indicating it may be a new or emerging preference. The other places are less frequent in history and context, making them less likely."
37,567,"[9, 567, 876, 1, 727, 946, 949, 0, 2, 3]","The user has a strong pattern of visiting place 9 frequently, especially during early mornings and late nights across multiple days. Place 567 is also visited often, particularly on Thursdays and during the afternoon. The recent context shows a stay at place 567, indicating a likelihood of returning there. Place 876 has been visited multiple times on Fridays, suggesting it could be a potential next stop. Place 1 is visited regularly on weekends, and place 727 was visited recently, making it a candidate as well. The user has a consistent routine that favors these locations."
37,876,"[9, 567, 876, 1, 727, 946, 949, 0, 2, 3]","The user has a strong pattern of visiting place ID 9, especially during early mornings and late nights across multiple days. Place ID 567 is frequently visited in the afternoons, particularly on Thursdays, which aligns with the recent context stays. Place ID 876 is also notable for afternoon visits on Fridays. Place ID 1 is visited on weekends, and the recent context shows a visit to place ID 727, indicating potential interest. The user has shown varied activity across different places, but the top predictions are based on frequency and timing of past visits."
37,727,"[9, 567, 876, 1, 727, 946, 949, 0, 2, 3]","The user has a strong pattern of visiting place_id 9 frequently across various days and times, especially during early mornings and late nights. Place_id 567 is also visited often, particularly on Thursdays and during the afternoons. Place_id 876 has been visited recently in the context, indicating a likelihood of return. Place_id 1 is visited on weekends, suggesting a potential visit soon. The recent context shows activity at place_id 727, which may indicate a new interest. Overall, the predictions are based on historical frequency and recent context activity."
37,1,"[9, 567, 876, 1, 727, 946, 8, 2, 3, 4]","The user has a strong pattern of visiting place 9 frequently, especially during early mornings and late nights across multiple days. Place 567 is also visited often, particularly on Thursdays and during the afternoons. The recent context shows the user visiting place 876 and 1, indicating a likelihood of returning to these places. Place 727 was visited recently on Saturday morning, suggesting it may be a preferred location. The other places have less frequent visits but are included based on potential patterns observed."
37,567,"[9, 567, 876, 1, 727, 946, 949, 0, 2, 3]","The user has a strong pattern of visiting place_id 9 frequently, especially during early mornings and late nights across multiple days. Place_id 567 is also visited often, particularly on Thursdays and during the afternoons. Place_id 876 shows a significant presence on Fridays, while place_id 1 is a common morning destination on weekends. The recent context indicates continued activity at place_id 9 and 567, suggesting these are likely next stops. Place_id 727 appears in the context as a recent visit, indicating potential interest. The other IDs are less frequent but still possible based on historical patterns."
37,461,"[9, 567, 876, 1, 727, 946, 2, 3, 4, 5]","The user has a strong pattern of visiting place_id 9 frequently across various days and times, especially during early mornings and late nights. Place_id 567 is also visited often, particularly on Thursdays and weekends. Place_id 876 shows significant visits on Fridays, indicating a possible routine. Recent context stays suggest continued interest in place_id 567 and 876, while place_id 1 is a consistent choice on weekends. Place_id 727 appears in recent context, indicating potential interest. Other IDs are less frequent and thus less likely."
37,1,"[9, 567, 876, 1, 727, 946, 461, 8, 2, 3]","The user has a strong pattern of visiting place_id 9 frequently across various days and times, especially during early mornings and late nights. Place_id 567 is also visited often, particularly on Thursdays and weekends. The recent context shows a visit to place_id 876, which has been a common location for the user, indicating a likelihood of returning. Additionally, place_id 1 is visited regularly on weekends, and the recent context includes a visit to place_id 727, suggesting it may be a new interest. The other place_ids are less frequent but still possible based on the user's varied history."
37,9,"[9, 567, 1, 876, 727, 946, 461, 8, 2, 3]","The user has a strong pattern of visiting place_id 9 frequently, especially during late night and early morning hours across multiple days. Place_id 567 is also visited often, particularly on Thursdays and weekends. Recent context shows visits to place_id 727 and 1, indicating a preference for these locations as well. The user tends to return to familiar places, especially on weekends, which supports the likelihood of these predictions."
37,567,"[9, 567, 1, 876, 946, 461, 949, 876, 567, 1]","The user has a strong pattern of visiting place ID 9 frequently, especially during early mornings and late nights across multiple days. Place ID 567 is also visited often, particularly on Thursdays and weekends. Recent context shows visits to places 1 and 567, indicating a likelihood of returning to these locations. The user has a consistent routine that suggests they may revisit familiar places, especially those they have been to recently."
37,567,"[567, 9, 1, 876, 946, 461, 949, 8, 2, 3]","The user has a strong pattern of visiting place 567 frequently, especially on Thursdays and during the weekends. Recent context shows a stay at place 567, reinforcing its likelihood. Place 9 is also a common choice, visited multiple times across various days. Place 1 is visited on weekends, while 876 appears frequently on Fridays. The user has shown interest in place 946 and 461 recently, indicating potential future visits. Other places like 949, 8, 2, and 3 have less frequent but notable visits, making them possible candidates."
37,9,"[9, 567, 1, 876, 946, 461, 949, 876, 567, 1]","The user has a strong pattern of visiting place ID 9 frequently across various days and times, particularly on Thursdays and Mondays. Place ID 567 is also visited often, especially on Thursdays and Tuesdays. Recent context shows a visit to place ID 461, which may indicate a new interest. Place ID 1 is visited regularly on weekends, while 876 appears frequently on Fridays. The user tends to return to familiar places, especially those visited recently."
37,9,"[9, 567, 1, 876, 946, 2, 3, 4, 5, 6]","The user has a strong pattern of visiting place_id 9 frequently across various days and times, especially during early mornings and late nights. Place_id 567 is also visited regularly, particularly on Thursdays and Tuesdays. The recent context shows continued visits to these places, reinforcing their likelihood as the next destination. Place_id 1 is visited on weekends, suggesting it may be a potential choice for leisure activities. Other place_ids are less frequent in the user's history, making them less likely."
37,567,"[9, 567, 1, 876, 946, 2, 3, 4, 5, 6]","The user has a strong pattern of visiting place_id 9 frequently across various days and times, especially during early mornings and late nights. Place_id 567 is also visited often, particularly on Thursdays and Tuesdays. The recent context shows continued visits to these places, reinforcing their likelihood as the next destination. Place_id 1 is visited on weekends, while 876 appears frequently on Fridays, indicating potential visits during those times. Other place_ids have less frequent visits, making them less likely."
37,9,"[9, 567, 1, 876, 946, 2, 3, 4, 5, 6]","The user has a strong pattern of visiting place 9 frequently, especially during early mornings and late nights across multiple days. Place 567 is also visited often, particularly on Thursdays and Tuesdays, indicating a preference for this location. Place 1 is visited on weekends, while place 876 is frequented on Fridays. The context shows recent visits to places 567 and 9, reinforcing their likelihood as the next destination. Other places are less frequently visited and thus have lower probabilities."
37,1,"[9, 567, 1, 876, 946, 2, 3, 4, 5, 6]","The user has a strong pattern of visiting place_id 9, especially during late night and early morning hours across multiple days. Place_id 567 is also frequently visited during the day, particularly on Thursdays and Mondays. The recent context shows continued visits to these places, reinforcing their likelihood as the next destination. Place_id 1 is visited on weekends, while 876 appears frequently on Fridays. Other places have less frequent visits, making them less likely."
37,567,"[9, 567, 1, 876, 946, 2, 3, 4, 5, 6]","The user has a strong pattern of visiting place ID 9, especially during late night and early morning hours, as well as on Fridays and Mondays. Place ID 567 is frequently visited in the afternoons on multiple days, indicating a likely preference for this location. Place ID 1 is visited on weekends, suggesting it may be a recreational spot. Place ID 876 is also visited frequently on Fridays, indicating a possible work or social location. The context shows recent visits to place IDs 9 and 567, reinforcing their likelihood as the next destination."
37,9,"[9, 567, 1, 876, 946, 2, 3, 4, 5, 6]","The user has a strong pattern of visiting place 9 frequently, especially during early mornings and late nights across multiple days. Place 567 is also visited often, particularly on Tuesdays and Thursdays. Place 1 is visited on weekends, indicating a possible routine. The context shows recent visits to places 9 and 567, reinforcing their likelihood. The other places are less frequent but may still be relevant based on the user's varied schedule."
37,741,"[9, 567, 1, 876, 946, 2, 3, 4, 5, 6]","The user has a strong pattern of visiting place 9 frequently, especially during early mornings and late nights across multiple days. Place 567 is also visited often, particularly on Tuesdays and Thursdays, indicating a preference for these locations. Place 1 is visited on weekends, suggesting it may be a leisure spot. Place 876 appears on Fridays, indicating a possible work or social venue. The recent context shows continued visits to places 567 and 9, reinforcing their likelihood as the next destination."
37,59,"[9, 567, 1, 876, 741, 946, 2, 3, 4, 5]","The user has a strong pattern of visiting place ID 9, especially during early mornings and late nights across multiple days. Place ID 567 is also frequently visited, particularly on Tuesdays and Thursdays. Recent context shows continued activity at these places, reinforcing their likelihood as the next destination. Place ID 1 is visited on weekends, while 876 appears frequently on Fridays. The user has also shown interest in place ID 741 recently, suggesting it could be a potential next stop."
37,1,"[9, 567, 1, 876, 741, 59, 946, 2, 3, 4]","The user has a strong pattern of visiting place ID 9 frequently, especially during early mornings and late nights across multiple days. Place ID 567 is also visited regularly, particularly on Thursdays and Tuesdays. Recent context shows a visit to place ID 1 on Tuesday, which aligns with the user's pattern of visiting this place on weekends. The user has also shown interest in place IDs 876 and 741, with recent stays indicating potential for future visits. The other IDs are less frequent but still possible based on the user's varied history."
37,567,"[9, 567, 1, 876, 946, 741, 59, 8, 2, 3]","The user has a strong pattern of visiting place ID 9, especially during late night and early morning hours across multiple days. Place ID 567 is frequently visited in the afternoons and has recent context stays, indicating a high likelihood of return. Place ID 1 is visited on weekends, suggesting a recreational pattern. Place ID 876 appears often on Fridays, indicating a possible routine. The recent context shows visits to place IDs 741 and 59, which may also be relevant for the next visit."
37,339,"[9, 567, 1, 876, 741, 59, 946, 949, 8, 7]","The user has a strong pattern of visiting place_id 9 frequently across various days and times, especially during early mornings and late nights. Place_id 567 is also visited often, particularly on Thursdays and Sundays, indicating a possible routine. Place_id 1 is visited on weekends, while 876 is frequented on Fridays. The recent context shows a visit to place_id 9 and 567, reinforcing their likelihood. Place_id 741 appears in the context, suggesting it may be a new interest. Other places like 59 and 946 have less frequent visits but are still relevant based on the user's history."
37,1,"[9, 567, 1, 876, 741, 59, 339, 946, 949, 1]","The user has a strong pattern of visiting place_id 9 frequently across various days and times, especially during early mornings and late nights. Place_id 567 is also visited regularly, particularly on Thursdays and Sundays. The recent context shows a visit to place_id 741, which may indicate a new interest, while place_id 1 is a common location for the user on weekends. The user has also shown interest in place_id 876, which aligns with their historical visits. The other place_ids are less frequent but still relevant based on recent context."
37,567,"[9, 567, 1, 876, 339, 59, 946, 1, 567, 876]","The user has a strong pattern of visiting place ID 9 frequently, especially during early mornings and late nights across multiple days. Place ID 567 is also visited regularly, particularly on Thursdays and Sundays. Recent context shows visits to place IDs 1 and 567, indicating a likelihood of returning to these places. Place ID 876 has been visited on Fridays, suggesting it may be a preferred location for the user. The context also includes visits to place ID 339, which may indicate a new interest. Overall, the predictions are based on the frequency and timing of past visits."
37,9,"[9, 567, 1, 876, 339, 946, 10, 11, 12, 13]","The user has a strong pattern of visiting place_id 9 frequently, especially during late night and early morning hours across multiple days. Place_id 567 is also visited often, particularly on Thursdays and Tuesdays, indicating a preference for these days. Place_id 1 is visited on weekends, aligning with the recent context stay at this location. The context shows recent visits to place_id 1 and 567, reinforcing their likelihood. Other place_ids like 876 and 339 are less frequent but still relevant based on the user's varied activity patterns."
37,876,"[9, 567, 1, 876, 946, 339, 10, 11, 12, 13]","The user has a strong pattern of visiting place_id 9 frequently across various days and times, especially during early mornings and late nights. Place_id 567 is also visited regularly, particularly on Thursdays and Tuesdays. The recent context shows a visit to place_id 567, indicating continued interest. Place_id 1 is visited on weekends, suggesting it may be a leisure destination. Place_id 876 is visited on Fridays, indicating a possible routine. The other IDs are less frequent but may still be relevant based on the user's varied activities."
37,9,"[9, 567, 876, 1, 339, 946, 10, 11, 12, 13]","The user has a strong pattern of visiting place ID 9 frequently, especially during early mornings and late nights across multiple days. Place ID 567 is also visited regularly, particularly on Thursdays and Tuesdays. The recent context shows visits to place IDs 1 and 876, indicating they are also likely candidates. The user has a consistent routine that suggests they will return to familiar places, especially those visited recently."
37,1,"[9, 567, 1, 876, 946, 2, 3, 4, 5, 6]","The user has a strong pattern of visiting place_id 9, especially during early mornings and late nights across multiple days. Place_id 567 is frequently visited in the afternoons and has recent context stays, indicating a high likelihood of return. Place_id 1 is visited on weekends and has recent context activity, making it a probable next stop. Place_id 876 shows a pattern of visits on Fridays, aligning with the user's recent context. Other places like 946, 2, 3, 4, 5, and 6 have less frequent visits but could still be considered based on the user's varied activity."
37,567,"[9, 567, 876, 1, 946, 2, 3, 4, 5, 6]","The user has a strong pattern of visiting place ID 9 frequently, especially during late night and early morning hours across multiple days. Place ID 567 is also visited often, particularly on Thursdays and during the afternoon. Place ID 876 shows significant visits on Fridays, indicating a possible routine. Place ID 1 is visited on weekends, suggesting it may be a leisure destination. The recent context stays reinforce these patterns, particularly the visits to places 567 and 9, making them the most likely next locations."
37,876,"[9, 567, 876, 1, 946, 2, 3, 4, 5, 6]","The user has a strong pattern of visiting place_id 9 frequently across various days and times, especially during early mornings and late nights. Recent context shows continued visits to place_id 9 and 567, indicating these are likely to be the next locations. Place_id 876 is also frequently visited on Fridays, aligning with the user's recent activities. Place_id 1 is visited on weekends, suggesting it may be a potential next stop as well."
37,876,"[9, 567, 876, 1, 946, 2, 3, 4, 5, 6]","The user has a strong pattern of visiting place 9 frequently, especially during early mornings and late nights across multiple days. Place 567 is also visited often, particularly on Thursdays and Fridays, indicating a preference for this location. Place 876 has been visited recently in the context, suggesting it is a likely next stop. Place 1 is visited on weekends, and the user has shown a pattern of visiting multiple places on Saturdays. The other places (2, 3, 4, 5, 6) are less frequent but could be potential options based on the user's varied activity."
37,9,"[9, 567, 876, 1, 946, 2, 3, 4, 5, 6]","The user has a strong pattern of visiting place_id 9 frequently across various days and times, especially during early mornings and late nights. Place_id 567 is also visited regularly, particularly on Thursdays and weekends. Place_id 876 shows significant recent activity, especially on Fridays and Saturdays, indicating a potential shift in the user's routine. Place_id 1 is visited on weekends, suggesting it may be a leisure destination. The context data reinforces these patterns, particularly with the recent stays at place_id 567 and 876, which are likely to influence the next visit."
37,567,"[9, 567, 876, 1, 946, 2, 3, 4, 5, 6]","The user has a strong pattern of visiting place_id 9, especially during late night and early morning hours across multiple days. Place_id 567 is frequently visited in the afternoons, particularly on Thursdays and weekends. Place_id 876 is also notable for afternoon visits on Fridays and weekends. Recent context shows continued visits to place_id 1 and 567, indicating these are likely candidates for the next location. The user has a consistent routine that suggests they will return to familiar places."
37,567,"[9, 567, 876, 1, 946, 2, 3, 4, 5, 6]","The user has a strong pattern of visiting place ID 9 frequently across various days and times, especially during early mornings and late nights. Place ID 567 is also visited often, particularly on Thursdays and weekends. The recent context shows continued visits to places 567 and 876, indicating a preference for these locations. Place ID 1 is visited regularly on weekends, suggesting it may be a leisure destination. The other IDs are less frequent but could still be potential options based on the user's varied activity patterns."
37,9,"[9, 567, 876, 1, 946, 2, 3, 4, 5, 6]","The user has a strong pattern of visiting place_id 9 frequently across various days and times, especially during early mornings and late nights. Place_id 567 is also visited regularly, particularly on weekdays. The recent context shows the user has been to place_id 876 multiple times, indicating a preference for this location as well. The user has also visited place_id 1 on weekends, suggesting it may be a leisure destination. Other place_ids are less frequent in the history, making them less likely choices."
37,567,"[9, 567, 876, 1, 946, 2, 3, 4, 5, 6]","The user has a strong pattern of visiting place_id 9, especially during early mornings and late nights across multiple days. Place_id 567 is frequently visited in the afternoons and has recent context stays, indicating a likelihood of returning. Place_id 876 is also visited often, particularly on Fridays. Place_id 1 is a recurring location on weekends. The context shows recent stays at 876 and 567, reinforcing their likelihood. Other IDs are less frequent in history and context."
37,9,"[9, 567, 1, 876, 946, 2, 3, 4, 5, 6]","The user has a strong pattern of visiting place_id 9, especially during early mornings and late nights across multiple days. Place_id 567 is frequently visited during the day, particularly on Mondays and Thursdays, as seen in both history and context. Place_id 1 is visited on weekends, while place_id 876 shows a pattern of visits on Fridays. The context data reinforces the likelihood of returning to these places, especially 9 and 567, which are consistently present in both history and recent context."
37,788,"[567, 9, 1, 876, 946, 2, 3, 4, 5, 6]","The user has a strong pattern of visiting place 567 frequently, especially on Thursdays and during the day. Recent context stays also indicate a visit to place 567 on Monday and Tuesday, reinforcing its likelihood. Place 9 is another frequent location, visited multiple times across various days, particularly late at night. Place 1 is visited on weekends, while place 876 has been visited on Fridays, suggesting it may be a popular choice for the user. The other places are less frequent but could still be potential options."
37,1,"[9, 567, 1, 876, 788, 946, 2, 3, 4, 5]","The user has a strong pattern of visiting place ID 9, especially during late night and early morning hours, as well as place ID 567 during the day. Recent context shows continued visits to these places, particularly on Tuesday and Thursday, indicating a preference for these locations. Place ID 1 is also frequently visited on weekends, suggesting it may be a popular choice for leisure activities. The other IDs are less frequent but may still be relevant based on the user's varied history."
37,876,"[9, 567, 1, 876, 788, 946, 949, 3, 2, 4]","The user has a strong pattern of visiting place 9 frequently, especially during late night and early morning hours across multiple days. Place 567 is also visited often, particularly on Thursdays and during the day. Place 1 is a common morning destination on weekends. The recent context shows continued visits to places 9 and 567, indicating they are likely to be the next locations. Place 876 has been visited multiple times on Fridays, suggesting a potential visit again. The user also visited place 788 recently, which could indicate a new pattern forming."
37,9,"[9, 567, 1, 876, 788, 946, 10, 11, 12, 13]","The user has a strong pattern of visiting place ID 9 frequently, especially during late night and early morning hours across multiple days. Place ID 567 is also visited often, particularly on Thursdays and weekends. Recent context shows the user has been to place ID 567 again, reinforcing its likelihood. Place ID 1 is visited regularly on weekends, while place ID 876 is frequented on Fridays. The user has shown some activity at place ID 788 recently, suggesting it could be a potential next stop. Other IDs are less likely based on historical and contextual data."
37,567,"[9, 567, 1, 876, 788, 946, 949, 0, 2, 3]","The user has a strong pattern of visiting place_id 9 frequently across various days and times, especially during early mornings and late nights. Place_id 567 is also visited often, particularly on Thursdays and weekends. Place_id 1 is a recurring location on Saturdays and Sundays. The recent context shows continued visits to these places, reinforcing their likelihood as the next destination. Other places like 876 and 788 are also considered due to their recent activity in the context."
37,9,"[9, 567, 1, 876, 788, 946, 949, 0, 2, 3]","The user has a strong pattern of visiting place_id 9, especially during early mornings and late nights across multiple days. Place_id 567 is also frequently visited, particularly on Thursdays and Sundays. The recent context shows visits to place_id 1 and 876, indicating a likelihood of returning to these places. Place_id 788 was visited recently, suggesting it may be a new interest. Overall, the predictions are based on the frequency and timing of past visits."
37,567,"[9, 567, 1, 876, 946, 2, 3, 4, 5, 6]","The user has a strong pattern of visiting place ID 9 frequently, especially during early mornings and late nights across multiple days. Place ID 567 is also visited regularly, particularly on Thursdays and Sundays. Recent context shows visits to place IDs 1 and 876, indicating a likelihood of returning to these places. The user has a consistent routine that suggests they may revisit familiar locations, especially those frequented recently."
37,9,"[9, 567, 876, 1, 946, 2, 3, 4, 5, 6]","The user has a strong pattern of visiting place_id 9, especially during early mornings and late nights across multiple days. Place_id 567 is frequently visited in the afternoons and has recent context stays, indicating a likelihood of returning. Place_id 876 is also notable due to its recent visits on Saturday and Friday afternoons. Place_id 1 is visited on weekends, suggesting a potential return. The other IDs are less frequent but may still be relevant based on the user's varied activity."
37,567,"[9, 567, 1, 876, 946, 2, 3, 4, 5, 6]","The user has a strong pattern of visiting place_id 9 frequently, especially during early mornings and late nights across multiple days. Place_id 567 is also visited often, particularly on Sundays and Mondays. The recent context shows continued visits to these places, reinforcing their likelihood as the next destination. Place_id 1 is visited regularly on weekends, while 876 appears frequently on Fridays. The user has not shown significant activity towards other places, making these the most probable next locations."
37,569,"[9, 567, 1, 876, 946, 2, 3, 4, 5, 6]","The user has a strong pattern of visiting place_id 9 frequently across various days and times, especially during early mornings and late nights. Place_id 567 is also visited regularly, particularly on weekdays. The recent context shows continued visits to these places, reinforcing their likelihood as the next destination. Place_id 1 is visited on weekends, while 876 appears frequently on Fridays, indicating potential for weekend visits. Other place_ids are less frequent in the user's history, making them less likely."
37,9,"[9, 567, 1, 876, 946, 569, 2, 3, 4, 5]","The user has a strong pattern of visiting place ID 9, especially during early mornings and late nights, as seen in both history and context. Place ID 567 is also frequently visited during the day, particularly on Mondays and Wednesdays. Place ID 1 is visited on weekends, while 876 appears often on Fridays. The recent context shows continued activity at places 9 and 567, indicating a likelihood of returning to these locations. Other IDs are less frequent but may still be relevant based on the user's broader activity patterns."
37,1,"[9, 567, 1, 876, 946, 569, 2, 3, 4, 5]","The user has a strong pattern of visiting place ID 9 frequently, especially during early mornings and late nights across multiple days. Place ID 567 is also visited often, particularly on Thursdays and during the afternoons. The recent context shows the user visited place ID 567 on Monday and has a recent stay at place ID 9, indicating a likelihood of returning to these places. Place ID 1 is visited on weekends, suggesting it may be a preferred location for leisure. Other IDs like 876 and 946 have been visited but less frequently, making them less likely but still possible options."
37,567,"[9, 567, 1, 876, 946, 569, 8, 2, 3, 4]","The user has a strong pattern of visiting place ID 9 frequently, especially during early mornings and late nights across multiple days. Place ID 567 is also visited often, particularly on Thursdays and Tuesdays. Recent context shows continued activity at these places, reinforcing their likelihood. Place ID 1 is visited on weekends, while 876 appears frequently on Fridays. The user has also shown interest in place IDs 946 and 569 recently, indicating potential for future visits."
37,1,"[9, 567, 1, 876, 946, 569, 8, 2, 3, 4]","The user has a strong pattern of visiting place 9 frequently, especially during early mornings and late nights across multiple days. Place 567 is also visited often, particularly on Thursdays and during the afternoon. Recent context shows the user visited place 567 again, reinforcing its likelihood. Place 1 is visited on weekends, and the user has a history of visiting it early in the day. Place 876 is visited on Fridays, indicating a potential pattern. The other places have less frequent visits but are included based on their recent context relevance."
37,9,"[9, 567, 1, 876, 946, 569, 2, 3, 4, 5]","The user has a strong pattern of visiting place ID 9 frequently, especially during early mornings and late nights, as seen in both history and context. Place ID 567 is also a common destination, particularly during the day on Thursdays. Place ID 1 is visited regularly on weekends and mornings. The recent context shows visits to places 569 and 1, indicating a likelihood of returning to these locations. The other IDs are less frequent but still possible based on the user's varied history."
37,876,"[9, 567, 1, 876, 946, 2, 3, 4, 5, 6]","The user has a strong pattern of visiting place 9 frequently, especially during early mornings and late nights across multiple days. Place 567 is also visited often, particularly during the day on Thursdays. Place 1 is visited on weekends, indicating a possible routine. The context shows recent visits to places 9 and 1, reinforcing their likelihood. Place 876 is visited on Fridays, suggesting a potential pattern. Other places like 946, 2, 3, 4, 5, and 6 are less frequent but could be considered based on the user's varied activities."
37,1,"[9, 567, 1, 876, 946, 2, 3, 4, 5, 6]","The user has a strong pattern of visiting place ID 9, especially during late night and early morning hours, as well as frequent visits to place ID 567 during the day. Recent context shows visits to place IDs 1 and 567, indicating a preference for these locations. Place ID 876 is also notable due to multiple visits on Fridays. The user has a consistent routine that suggests they will likely return to these familiar places."
37,876,"[9, 567, 1, 876, 946, 2, 3, 4, 5, 6]","The user has a strong pattern of visiting place 9 frequently, especially during early mornings and late nights across multiple days. Place 567 is also visited often, particularly during the day on Thursdays and weekends. Recent context shows visits to places 567 and 1, indicating a likelihood of returning to these locations. Place 876 is visited on Fridays, suggesting a potential visit on the upcoming Friday. The user has also shown interest in place 1 on weekends, making it a probable choice. Other places have less frequent visits, making them less likely."
37,9,"[9, 567, 1, 876, 946, 2, 3, 4, 5, 6]","The user has a strong pattern of visiting place ID 9 frequently, especially during late night and early morning hours across multiple days. Place ID 567 is also visited regularly, particularly on Thursdays and Sundays. The recent context shows visits to place IDs 1 and 876, indicating a likelihood of returning to these places. The user has a consistent routine that suggests they may revisit familiar locations, especially those they have been to recently."
37,567,"[9, 567, 876, 1, 946, 2, 3, 4, 5, 6]","The user has a strong pattern of visiting place_id 9 frequently across various days and times, especially during early mornings and late nights. Place_id 567 is also visited regularly, particularly on Thursdays and weekends. Place_id 876 shows significant activity on Fridays and weekends, indicating a potential preference. Place_id 1 is visited on weekends, suggesting it may be a leisure destination. The context data reinforces these patterns, with recent visits to place_id 9 and 876, indicating they are likely candidates for the next visit."
37,9,"[9, 567, 876, 1, 946, 2, 3, 4, 5, 6]","The user has a strong pattern of visiting place 9 frequently across various days and times, particularly during early mornings and late nights. Place 567 is also visited often, especially on Thursdays and weekends. The recent context shows the user visiting place 876 on Saturday and Sunday, indicating a potential preference for this location. Place 1 is visited regularly on weekends, suggesting it may be a favored spot. The other places are less frequently visited but may still be considered based on the user's overall activity pattern."
37,9,"[9, 567, 1, 876, 946, 2, 3, 4, 5, 6]","The user has a strong pattern of visiting place 9 frequently, especially during early mornings and late nights across multiple days. Place 567 is also visited often, particularly on Thursdays and Sundays. Recent context shows the user visited place 1 on Sunday morning, indicating a potential return. Place 876 has been visited multiple times on Fridays, suggesting it could be a likely choice as well. The other places are less frequently visited but may still be considered based on the user's overall activity pattern."
37,567,"[9, 567, 876, 1, 946, 2, 3, 4, 5, 6]","The user has a strong pattern of visiting place ID 9 frequently, especially during late night and early morning hours across multiple days. Place ID 567 is also visited regularly, particularly on Thursdays and Sundays. Place ID 876 has been visited multiple times on Fridays, indicating a possible routine. The recent context shows continued visits to place IDs 9 and 567, reinforcing their likelihood as the next destination. The user also has a history of visiting place ID 1 on weekends, suggesting it could be a potential next stop."
37,567,"[9, 567, 1, 876, 946, 2, 3, 4, 5, 6]","The user has a strong pattern of visiting place ID 9 frequently across various days and times, especially during early mornings and late nights. Place ID 567 is also visited often, particularly on weekdays. The recent context shows continued visits to these places, reinforcing their likelihood as the next destination. Place ID 1 is visited on weekends, while 876 appears frequently on Fridays, indicating potential for visits. Other IDs are less frequent but may still be considered based on the user's varied history."
37,9,"[9, 567, 1, 876, 946, 2, 3, 4, 5, 6]","The user has a strong pattern of visiting place ID 9, especially during early mornings and late nights across multiple days. Place ID 567 is also frequently visited, particularly on Thursdays and Wednesdays, indicating a strong preference. Place ID 1 is visited on weekends, while 876 appears on Fridays. The recent context shows continued visits to 567 and 9, reinforcing their likelihood as the next destination."
37,9,"[9, 567, 1, 876, 946, 2, 3, 4, 5, 6]","The user has a strong pattern of visiting place ID 9, especially during early mornings and late nights, as seen in both history and context. Place ID 567 is also frequently visited, particularly on Thursdays and during the afternoon. Place ID 1 is visited on weekends, while 876 is visited on Fridays. The recent context shows continued activity at places 9 and 567, reinforcing their likelihood as the next destination."
37,567,"[9, 567, 1, 876, 946, 2, 3, 4, 5, 6]","The user has a strong pattern of visiting place_id 9 frequently, especially during late night and early morning hours across multiple days. Place_id 567 is also visited often, particularly during the day on weekdays. The context shows recent visits to both places, reinforcing their likelihood. Place_id 1 is visited on weekends, while 876 appears frequently on Fridays. The user has not shown a pattern for places 2, 3, 4, 5, and 6, but they are included as potential options based on general activity patterns."
37,9,"[567, 9, 1, 876, 946, 2, 3, 4, 5, 6]","The user has a strong pattern of visiting place 567, especially on Thursdays and Tuesdays, as seen in both history and context. Place 9 is frequently visited late at night and early morning across multiple days, indicating a habitual pattern. Place 1 is visited on weekends, while place 876 shows significant visits on Fridays. The context data reinforces the likelihood of returning to places 567 and 9 soon, given recent stays."
37,567,"[9, 567, 1, 876, 946, 2, 3, 4, 5, 6]","The user has a strong pattern of visiting place ID 9 frequently, especially during late night and early morning hours across multiple days. Place ID 567 is also visited often, particularly during the day on Thursdays and Tuesdays. The context shows recent visits to both places, reinforcing their likelihood. Place ID 1 is visited on weekends, while 876 appears frequently on Fridays. The other IDs are less frequent but may still be relevant based on the user's varied schedule."
37,9,"[9, 567, 1, 876, 946, 2, 3, 4, 5, 6]","The user has a strong pattern of visiting place ID 9, especially during early mornings and late nights across multiple days. Place ID 567 is also frequently visited during the day, particularly on Tuesdays and Wednesdays. The recent context shows continued visits to these places, reinforcing their likelihood as the next destination. Place ID 1 is visited on weekends, while 876 appears frequently on Fridays. Other IDs are less frequent and thus less likely."
37,1,"[9, 567, 1, 876, 946, 2, 3, 4, 5, 6]","The user has a strong pattern of visiting place 9 frequently, especially during early mornings and late nights across multiple days. Place 567 is also visited often, particularly during the day on Tuesdays and Thursdays. Place 1 is visited on weekends, indicating a possible leisure activity. Place 876 is visited on Fridays, suggesting a routine. The context shows recent visits to places 9 and 567, reinforcing their likelihood. Other places are less frequent in history, making them less probable."
37,9,"[9, 567, 1, 876, 946, 2, 3, 4, 5, 6]","The user has a strong pattern of visiting place ID 9, especially during early mornings and late nights across multiple days. Place ID 567 is also frequently visited, particularly on Tuesdays and Thursdays, indicating a possible routine. Place ID 1 is visited on weekends, suggesting it may be a leisure spot. Place ID 876 appears on Fridays, indicating a potential work or social venue. The context shows recent visits to places 567 and 9, reinforcing their likelihood as the next destination."
37,567,"[9, 567, 1, 876, 946, 2, 3, 4, 5, 6]","The user has a strong pattern of visiting place 9 frequently, especially during early mornings and late nights across multiple days. Place 567 is also visited often, particularly on Thursdays and Wednesdays, indicating a preference for this location. Place 1 is visited on weekends, suggesting it may be a leisure spot. Place 876 appears on Fridays, indicating a possible work or social venue. The context shows recent visits to places 9 and 567, reinforcing their likelihood as the next destination."
37,1,"[9, 567, 1, 876, 946, 2, 3, 4, 5, 6]","The user has a strong pattern of visiting place 9 frequently, especially during early mornings and late nights across multiple days. Place 567 is also visited often, particularly during the day on Thursdays. Recent context shows the user visited place 567 again, reinforcing its likelihood. Place 1 is visited on weekends, and place 876 has been visited multiple times on Fridays. The user has less frequent visits to places 946, 2, 3, 4, 5, and 6, but they are included as potential options based on the overall activity pattern."
37,567,"[9, 567, 1, 876, 946, 2, 3, 4, 5, 6]","The user has a strong pattern of visiting place_id 9 frequently across various days and times, especially during early mornings and late nights. Place_id 567 is also visited often, particularly during the day on Thursdays. Place_id 1 is visited on weekends, indicating a potential preference for social or recreational activities. The context shows recent visits to place_id 9 and 567, reinforcing their likelihood. Place_id 876 is visited on Fridays, suggesting a possible routine. Other IDs are less frequent but may still be relevant based on the user's broader activity patterns."
37,1,"[9, 567, 1, 876, 946, 2, 3, 4, 5, 6]","The user has a strong pattern of visiting place ID 9 frequently, especially during early mornings and late nights across multiple days. Place ID 567 is also visited often, particularly during the day on Thursdays and Fridays. Recent context shows visits to place IDs 1 and 567, indicating a likelihood of returning to these places. The user has a consistent routine that suggests they may revisit familiar locations, especially those they have been to recently."
37,876,"[9, 567, 1, 876, 946, 2, 3, 4, 5, 6]","The user has a strong pattern of visiting place 9 frequently, especially during early mornings and late nights across multiple days. Place 567 is also visited often, particularly during the day on Thursdays and Fridays. Place 1 is visited on weekends, indicating a preference for it during leisure time. The context shows recent visits to places 9 and 567, reinforcing their likelihood. Place 876 is visited on Fridays, suggesting it may be a common choice for the user. Other places like 946, 2, 3, 4, 5, and 6 are less frequent but could be potential options based on the user's varied activity patterns."
37,9,"[9, 567, 1, 876, 946, 2, 3, 4, 5, 6]","The user has a strong pattern of visiting place 9 frequently, especially during late night and early morning hours across multiple days. Place 567 is also visited often, particularly on Thursdays and Fridays, indicating a preference for this location. Place 1 is visited on weekends, suggesting it may be a leisure spot. The context shows recent visits to places 567 and 1, reinforcing their likelihood. Place 876 is visited on Fridays, and the user has a history of visiting it multiple times, making it a probable choice as well. Other places like 946, 2, 3, 4, 5, and 6 have less frequent visits but could still be considered based on the user's varied activity patterns."
37,567,"[9, 567, 1, 876, 946, 2, 3, 4, 5, 6]","The user has a strong pattern of visiting place_id 9, especially during early mornings and late nights across multiple days. Place_id 567 is frequently visited in the afternoons and has recent context stays, indicating a likelihood of returning. Place_id 1 is visited on weekends and has recent context stays, suggesting it may be a preferred location. Place_id 876 is also visited frequently on Fridays, aligning with the user's recent activities. Other places have less frequent visits and are less likely to be the next destination."
37,1,"[9, 567, 1, 876, 946, 2, 3, 4, 5, 6]","The user has a strong pattern of visiting place 9 frequently, especially during late night and early morning hours across multiple days. Place 567 is also visited often, particularly on Thursdays and Sundays. The recent context shows continued visits to places 567 and 1, indicating a likelihood of returning to these locations. Place 876 has been visited multiple times on Fridays, suggesting it may be a preferred location for the user. The other places are less frequently visited but may still be considered based on the user's overall activity pattern."
37,571,"[9, 567, 1, 876, 946, 2, 3, 4, 5, 6]","The user has a strong pattern of visiting place_id 9 frequently across various days and times, especially during early mornings and late nights. Place_id 567 is also visited often, particularly on Thursdays and during the day. Recent context shows visits to place_id 1 and 876, indicating a likelihood of returning to these places. The user has a consistent routine that suggests they will likely revisit familiar locations."
37,567,"[9, 567, 876, 1, 946, 571, 8, 2, 3, 4]","The user has a strong pattern of visiting place_id 9 frequently, especially during late night and early morning hours across multiple days. Place_id 567 is also visited often, particularly on Thursdays and Sundays, indicating a preference for these times. Place_id 876 is visited on Fridays, suggesting a possible routine. The recent context shows visits to place_id 876 and 567, reinforcing their likelihood. Place_id 1 is visited on weekends, while place_id 946 appears on Sundays, indicating potential weekend activities. Place_id 571 is noted in the context, suggesting it may be a new or emerging location of interest."
37,876,"[9, 567, 1, 876, 571, 946, 949, 8, 2, 3]","The user has a strong pattern of visiting place_id 9 frequently across various days and times, especially during early mornings and late nights. Place_id 567 is also visited often, particularly on Thursdays and Mondays. The recent context shows continued visits to these places, reinforcing their likelihood. Place_id 1 is visited on weekends, and place_id 876 has been visited multiple times on Fridays. Place_id 571 appears in the context, indicating a potential new interest. Other places like 946 and 949 have historical visits but are less frequent."
37,9,"[9, 567, 1, 876, 946, 571, 8, 2, 3, 4]","The user has a strong pattern of visiting place 9 frequently across various days and times, particularly during early mornings and late nights. Place 567 is also visited often, especially on Thursdays and Tuesdays, indicating a preference for this location. Place 1 is visited on weekends, suggesting it may be a leisure spot. Place 876 appears frequently on Fridays, indicating a possible work or social venue. Recent context shows visits to places 567 and 1, reinforcing their likelihood. Other places like 946 and 571 have been visited recently, suggesting they could also be potential next locations."
37,567,"[9, 567, 1, 876, 946, 571, 949, 876, 567, 1]","The user has a strong pattern of visiting place 9 frequently, especially during early mornings and late nights across multiple days. Place 567 is also visited often, particularly on Tuesdays and Thursdays. Recent context shows a visit to place 1 early on Tuesday, suggesting a potential return. Place 876 has been visited multiple times on Fridays, indicating a possible pattern. The user has a consistent routine that favors these locations, especially during specific times of the week."
37,569,"[9, 567, 876, 1, 571, 946, 949, 876, 567, 1]","The user has a strong pattern of visiting place ID 9 frequently across various days and times, especially during early mornings and late nights. Place ID 567 is also visited often, particularly on Thursdays and Tuesdays, indicating a preference for these locations. Place ID 876 shows significant visits on Fridays, suggesting it may be a favored spot for the user. The recent context stays further reinforce the likelihood of returning to these places, especially 9 and 567, which are consistently present in both history and context."
37,466,"[9, 567, 876, 1, 946, 569, 8, 2, 3, 4]","The user has a strong pattern of visiting place 9 frequently, especially during early mornings and late nights across multiple days. Place 567 is also visited often, particularly on Thursdays and Tuesdays, indicating a preference for this location. Place 876 is visited on Fridays, suggesting it may be a weekend or end-of-week destination. The context shows recent visits to places 567 and 876, reinforcing their likelihood. Place 1 is visited on weekends, while place 946 appears occasionally, indicating potential for future visits. The other places have less frequent visits but are included based on overall activity patterns."
37,876,"[9, 567, 876, 1, 946, 569, 466, 949, 876, 567]","The user has a strong pattern of visiting place_id 9 frequently across various days and times, especially during early mornings and late nights. Place_id 567 is also visited regularly, particularly on Thursdays and weekends. The recent context shows visits to place_id 876 and 567, indicating a likelihood of returning to these places. The user has a consistent pattern of visiting place_id 1 on weekends, and place_id 946 has been visited recently as well. The other place_ids are included based on their recent context visits and historical frequency."
37,876,"[9, 567, 876, 1, 946, 569, 466, 567, 876, 1]","The user has a strong pattern of visiting place_id 9, especially during early mornings and late nights across multiple days. Place_id 567 is frequently visited during the day, particularly on Thursdays and weekends. Place_id 876 is also notable for visits on Fridays and weekends. The recent context shows continued activity at these places, reinforcing their likelihood as the next destination."
37,9,"[9, 567, 876, 1, 946, 569, 466, 10, 11, 12]","The user has a strong pattern of visiting place_id 9, especially during early mornings and late nights across multiple days. Place_id 567 is also frequently visited, particularly on Thursdays and weekends. The recent context shows continued visits to place_id 567 and 876, indicating a preference for these locations. The user has also visited place_id 1 and 946 regularly, suggesting they are likely candidates for the next visit. The context includes visits to place_id 876, which aligns with the user's recent activities, further supporting its inclusion in the predictions."
37,567,"[9, 567, 876, 1, 946, 569, 466, 2, 3, 4]","The user has a strong pattern of visiting place_id 9 frequently across various days and times, especially during early mornings and late nights. Place_id 567 is also visited often, particularly on Thursdays and weekends. The recent context shows visits to place_id 876, indicating a potential shift or interest in that location. The user has also visited place_id 1 regularly on weekends, suggesting it may be a preferred spot. The other place_ids are less frequent but could be considered based on the context of recent activities."
37,9,"[9, 567, 876, 1, 946, 466, 2, 3, 4, 5]","The user has a strong pattern of visiting place_id 9, especially during early mornings and late nights across multiple days. Place_id 567 is frequently visited in the afternoons and has a recent context stay, indicating continued interest. Place_id 876 is also visited often, particularly on Fridays and weekends. Place_id 1 is visited regularly on weekends. The recent context stays suggest a preference for places similar to those in the history, hence the inclusion of other IDs like 946, 466, and others as potential next locations."
37,567,"[9, 567, 876, 1, 946, 2, 3, 4, 5, 6]","The user has a strong pattern of visiting place 9 frequently, especially during early mornings and late nights across multiple days. Place 567 is also visited often, particularly on Thursdays and weekends. The recent context shows continued visits to place 876, indicating a preference for this location. Place 1 is visited on weekends, suggesting it may be a leisure spot. The other places are less frequently visited but may still be relevant based on the user's overall activity pattern."
37,741,"[9, 567, 876, 1, 946, 2, 3, 4, 5, 6]","The user has a strong pattern of visiting place ID 9 frequently across various days and times, especially during early mornings and late nights. Place ID 567 is also visited regularly, particularly on Thursdays and during the afternoons. Place ID 876 has been visited multiple times on Fridays, indicating a possible routine. The recent context shows continued visits to place IDs 9 and 567, reinforcing their likelihood. Place ID 1 is visited on weekends, suggesting it may be a leisure destination. Other IDs are less frequent but could be potential options based on the user's varied history."
37,9,"[9, 567, 1, 876, 946, 741, 2, 3, 4, 5]","The user has a strong pattern of visiting place ID 9 frequently across various days and times, particularly during early mornings and late nights. Place ID 567 is also visited often, especially on Thursdays and Mondays. The recent context shows continued visits to these places, reinforcing their likelihood. Place ID 1 is visited on weekends, while 876 appears frequently on Fridays. The user has also shown interest in place ID 946 and the recent context includes a visit to place ID 741, suggesting potential future visits to these locations."
37,567,"[9, 567, 1, 876, 946, 741, 2, 3, 4, 5]","The user has a strong pattern of visiting place ID 9, especially during early mornings and late nights, as seen in the history. Place ID 567 is also frequently visited, particularly on Thursdays and Mondays. The recent context shows continued visits to these places, reinforcing their likelihood. Place ID 1 is visited on weekends, while 876 appears frequently on Fridays. The user has also shown interest in place IDs 946 and 741, which are visited during late hours. The remaining IDs are less frequent but still possible based on the overall activity pattern."
37,9,"[9, 567, 1, 876, 741, 946, 2, 3, 4, 5]","The user has a strong pattern of visiting place_id 9 frequently across various days and times, especially during early mornings and late nights. Place_id 567 is also visited regularly, particularly on Thursdays and during afternoons. The recent context shows continued activity at place_id 9 and 567, indicating a likelihood of returning to these places. Place_id 1 is visited on weekends, suggesting it may be a leisure destination. Place_id 876 has been visited multiple times on Fridays, indicating a potential pattern for end-of-week activities. The other place_ids are less frequent but may still be relevant based on the user's overall activity."
37,9,"[9, 567, 1, 876, 946, 2, 3, 4, 5, 6]","The user has a strong pattern of visiting place_id 9 frequently across various days and times, especially during early mornings and late nights. Place_id 567 is also visited regularly, particularly on Thursdays and Mondays. The recent context shows the user visiting place_id 9 and 567 again, reinforcing their likelihood. Place_id 1 is visited on weekends, suggesting it may be a leisure destination. Place_id 876 appears frequently on Fridays, indicating it may be a popular choice for the user during that time. Other place_ids are less frequent in the history, making them less likely."
37,876,"[9, 567, 1, 876, 946, 2, 3, 4, 5, 6]","The user has a strong pattern of visiting place 9 frequently, especially during early mornings and late nights across multiple days. Place 567 is also visited often, particularly on Thursdays and Mondays. The recent context shows continued visits to places 9 and 567, reinforcing their likelihood. Place 1 is visited on weekends, while 876 is frequented on Fridays. The user has not shown significant interest in other places, making them less likely candidates."
37,1,"[9, 567, 876, 1, 946, 2, 3, 4, 5, 6]","The user has a strong pattern of visiting place_id 9, especially during early mornings and late nights across multiple days. Place_id 567 is frequently visited in the context of the user's recent activities, particularly on Mondays and Thursdays. Place_id 876 is also notable due to its repeated visits on Fridays. Place_id 1 is visited on weekends, indicating a potential preference for leisure activities. The other place_ids are less frequent but may still be relevant based on the user's overall activity pattern."
37,1,"[9, 567, 1, 876, 946, 2, 3, 4, 5, 6]","The user has a strong pattern of visiting place 9 frequently, especially during early mornings and late nights across multiple days. Place 567 is also visited often, particularly on Thursdays and Mondays. Place 1 is visited on weekends, while place 876 is visited on Fridays. The recent context shows the user has been to places 567 and 9, reinforcing their likelihood of being the next destination. The other places are less frequent but still possible based on the user's varied history."
37,876,"[9, 567, 1, 876, 946, 2, 3, 4, 5, 6]","The user has a strong pattern of visiting place 9 frequently, especially during early mornings and late nights across multiple days. Place 567 is also visited often, particularly on Thursdays and weekends. Places 1 and 876 are visited on Saturdays, indicating a preference for these locations during that time. The recent context shows continued visits to places 9 and 876, reinforcing their likelihood. Other places are less frequently visited and thus have lower probabilities."
37,247,"[9, 876, 1, 567, 946, 2, 3, 4, 5, 6]","The user has a strong pattern of visiting place 9 frequently, especially during early mornings and late nights across multiple days. Place 876 is also visited often, particularly on Fridays, which aligns with the recent context stays. Places 1 and 567 are visited regularly on weekends, indicating a likelihood of returning to these locations. The context shows recent visits to places 1 and 876, reinforcing their probability. Other places are less frequently visited and thus have lower likelihoods."
37,9,"[9, 567, 1, 876, 247, 946, 8, 2, 3, 4]","The user has a strong pattern of visiting place_id 9 frequently, especially during early mornings and late nights across multiple days. Place_id 567 is also visited often, particularly on Thursdays and weekends. Recent context shows the user visited place_id 876 on Friday morning, indicating a likelihood of returning there. Place_id 1 is visited regularly on weekends, and place_id 247 was visited recently, suggesting it may be a new interest. Other IDs are less frequent but still possible based on the user's varied history."
37,567,"[9, 1, 567, 876, 247, 946, 2, 3, 4, 5]","The user has a strong pattern of visiting place ID 9, especially during early mornings and late nights across multiple days. Place ID 1 is frequently visited on Saturdays, as seen in both history and context. Place ID 567 is also a common location during the day, particularly on Thursdays. Place ID 876 appears often on Fridays, indicating a potential visit. The context shows recent visits to place IDs 1 and 876, reinforcing their likelihood. Place ID 247 is a recent visit in the context, suggesting it may be a new interest. Other IDs like 946, 2, 3, 4, and 5 are less frequent but could be considered based on the user's varied history."
37,567,"[9, 567, 1, 876, 247, 946, 876, 567, 1, 9]","The user has a strong pattern of visiting place_id 9 frequently, especially during early mornings and late nights across multiple days. Place_id 567 is also visited often, particularly on Thursdays and Mondays. Recent context shows the user visited place_id 1 on Saturday morning, indicating a potential return. Place_id 876 has been visited multiple times on Fridays, suggesting it may be a preferred location. Place_id 247 was visited recently, indicating it could be a new interest. Overall, the predictions are based on the frequency and timing of past visits."
37,9,"[9, 567, 876, 1, 946, 247, 2, 3, 4, 5]","The user has a strong pattern of visiting place_id 9 frequently across various days and times, especially during early mornings and late nights. Place_id 567 is also visited regularly, particularly on weekdays. The recent context shows a visit to place_id 876 on Saturday, indicating a potential preference for this location as well. The user has also shown interest in place_id 1 during weekends. The other place_ids are less frequent in the history but may still be relevant based on the context."
37,567,"[9, 567, 1, 876, 247, 946, 640, 2, 3, 4]","The user has a strong pattern of visiting place_id 9, especially during early mornings and late nights across multiple days. Place_id 567 is also frequently visited, particularly on weekdays and weekends. Recent context shows continued visits to place_id 9 and 567, indicating these are likely to be the next locations. Place_id 1 is visited on weekends, while 876 is visited on Fridays, suggesting they could be potential next stops. Place_id 247 was recently visited, making it a candidate as well."
37,741,"[9, 567, 1, 876, 946, 2, 3, 4, 5, 6]","The user has a strong pattern of visiting place 9 frequently, especially during early mornings and late nights across multiple days. Place 567 is also visited often, particularly during afternoons on weekdays. The context shows recent visits to places 9 and 567, reinforcing their likelihood. Place 1 is visited on weekends, while 876 appears frequently on Fridays. The user has not shown a pattern for places 2, 3, 4, 5, and 6, but they are included as potential options based on the overall activity pattern."
37,9,"[567, 9, 1, 876, 946, 741, 2, 3, 4, 5]","The user has a strong pattern of visiting place ID 9 and 567 frequently across various days and times, especially on Thursdays and Mondays. Recent context stays also indicate a preference for place ID 567, suggesting a continued likelihood of returning there. Place ID 1 is visited regularly on weekends, while 876 appears frequently on Fridays. The user has also shown interest in place ID 946 and the recent context includes a stay at place ID 741, indicating potential for future visits."
37,9,"[9, 567, 1, 876, 946, 741, 2, 3, 4, 5]","The user has a strong pattern of visiting place_id 9 frequently, especially during early mornings and late nights across multiple days. Place_id 567 is also visited often, particularly on Tuesdays and Thursdays. The recent context shows the user has been to place_id 567 and 9, reinforcing their likelihood. Place_id 1 is visited on weekends, while 876 appears frequently on Fridays. The user has also visited place_id 946 and 741 recently, indicating potential interest in these locations."
37,567,"[9, 567, 1, 876, 946, 741, 2, 3, 4, 5]","The user has a strong pattern of visiting place ID 9, especially during early mornings and late nights across multiple days. Place ID 567 is also frequently visited during the day, particularly on Thursdays. The context shows recent visits to place IDs 9 and 567, reinforcing their likelihood. Place ID 1 is visited on weekends, while 876 appears frequently on Fridays. The user has also shown interest in place IDs 946 and 741 recently, indicating potential future visits."
37,569,"[9, 567, 1, 876, 741, 946, 2, 3, 4, 5]","The user has a strong pattern of visiting place 9 frequently, especially during early mornings and late nights across multiple days. Place 567 is also visited often, particularly on Thursdays and Fridays, indicating a possible routine. The recent context shows the user visited place 567 again, reinforcing its likelihood. Place 1 is visited on weekends, while place 876 is frequented on Fridays. The context also includes a visit to place 741, which may suggest a new interest. Other places have less frequent visits, making them less likely."
37,567,"[9, 567, 1, 876, 741, 946, 569, 8, 2, 3]","The user has a strong pattern of visiting place ID 9 frequently, especially during early mornings and late nights across multiple days. Place ID 567 is also visited often, particularly on Thursdays and Fridays. Recent context shows a visit to place ID 741, which may indicate a new interest. The user has a consistent pattern of visiting places 1 and 876 on weekends, suggesting they may return to these locations. The other IDs are less frequent but could be potential options based on the user's varied history."
37,9,"[9, 567, 1, 876, 946, 569, 2, 3, 4, 5]","The user has a strong pattern of visiting place ID 9 frequently, especially during early mornings and late nights across multiple days. Place ID 567 is also visited often, particularly on Thursdays and Sundays. The context shows recent stays at places 9 and 567, reinforcing their likelihood. Place ID 1 is visited on weekends, while 876 appears frequently on Fridays. The user has also shown interest in place ID 946 and a new context place ID 569, suggesting they may explore these next."
37,303,"[9, 567, 1, 876, 946, 569, 2, 3, 4, 5]","The user has a strong pattern of visiting place_id 9 frequently across various days and times, especially during early mornings and late nights. Place_id 567 is also visited often, particularly on Thursdays and Sundays. The recent context shows continued activity at these places, reinforcing their likelihood as the next destination. Place_id 1 is a common location on weekends, while 876 appears frequently on Fridays. The user has also shown interest in place_id 946 and 569 recently, indicating potential future visits."
37,9,"[9, 567, 1, 876, 303, 946, 569, 8, 7, 6]","The user has a strong pattern of visiting place ID 9 frequently, especially during late night and early morning hours across multiple days. Place ID 567 is also visited often, particularly on Thursdays and Sundays. The recent context shows the user visiting place ID 567 again, indicating a preference for this location. Place ID 1 is visited on weekends, suggesting it may be a leisure spot. Place ID 876 is visited frequently on Fridays, and place ID 303 has been visited recently on a Monday, indicating potential for future visits. Other IDs like 946 and 569 have been visited less frequently but are still relevant based on the user's activity pattern."
37,569,"[9, 567, 1, 876, 303, 946, 569, 8, 7, 6]","The user has a strong pattern of visiting place_id 9 frequently across various days and times, particularly during early mornings and late nights. Place_id 567 is also a common destination, especially on Thursdays and Sundays. The recent context shows continued visits to place_id 567 and a new visit to place_id 569, indicating a potential shift or addition to their routine. Place_id 1 and 876 are also notable due to their presence in the user's history, particularly on weekends. The other IDs are less frequent but may still be relevant based on the user's broader activity patterns."
37,9,"[9, 567, 1, 876, 303, 946, 569, 8, 2, 4]","The user has a strong pattern of visiting place ID 9 frequently, especially during late night and early morning hours across multiple days. Place ID 567 is also visited often, particularly on Thursdays and Sundays. The recent context shows the user visited place ID 567 on Sunday, indicating a continued interest. Place ID 1 is visited regularly on weekends, while place ID 876 is frequented on Fridays. The user has also shown interest in place ID 303 recently, suggesting it could be a potential next location. Other IDs like 946, 569, and others are less frequent but still possible based on the user's varied history."
37,567,"[9, 567, 1, 876, 303, 569, 946, 949, 876, 303]","The user has a strong pattern of visiting place ID 9 frequently across various days and times, especially during early mornings and late nights. Place ID 567 is also visited often, particularly on Thursdays and Tuesdays. The recent context shows continued visits to place ID 9 and a new visit to place ID 569, indicating a potential shift or addition to their routine. Place ID 1 is visited regularly on weekends, while place ID 876 is noted for longer stays, suggesting it may be a favored location. The other IDs are included based on their recent context relevance and historical visits."
37,9,"[9, 567, 1, 876, 303, 569, 946, 303, 567, 1]","The user has a strong pattern of visiting place ID 9 frequently, especially during early mornings and late nights across multiple days. Place ID 567 is also visited often, particularly on Thursdays and Tuesdays. Recent context shows visits to place IDs 9 and 567, indicating a likelihood of returning to these places. Place ID 1 is visited regularly on weekends, while 876 appears frequently on Fridays. The context also includes visits to place IDs 303 and 569, suggesting they may be potential next locations as well."
37,9,"[9, 567, 1, 876, 946, 569, 8, 2, 3, 4]","The user has a strong pattern of visiting place ID 9, especially during early mornings and late nights across multiple days. Place ID 567 is frequently visited in the afternoons and has recent context stays, indicating a likely return. Place ID 1 is visited on weekends, and place ID 876 has been visited multiple times on Fridays. The recent context shows continued activity at these places, reinforcing their likelihood as the next destination."
37,567,"[9, 567, 1, 876, 946, 569, 8, 2, 3, 4]","The user has a strong pattern of visiting place_id 9 frequently across various days and times, especially during early mornings and late nights. Place_id 567 is also visited regularly, particularly on Thursdays and weekends. The recent context shows a visit to place_id 569, which may indicate a new interest or trend. Place_id 1 is visited on weekends, while 876 is frequented on Fridays. The user has shown a consistent pattern of returning to familiar places, especially during specific times of the week."
37,1,"[9, 567, 1, 876, 946, 2, 3, 4, 5, 6]","The user has a strong pattern of visiting place_id 9 frequently across various days and times, especially during early mornings and late nights. Place_id 567 is also visited often, particularly on weekends and weekdays, indicating a strong preference. Place_id 1 is visited regularly on Saturdays, while place_id 876 shows up on Fridays. The recent context stays reinforce these patterns, especially the continued visits to place_id 9 and 567, suggesting they are the most likely next locations."
37,1,"[9, 567, 1, 876, 946, 2, 3, 4, 5, 6]","The user has a strong pattern of visiting place 9 frequently, especially during late night and early morning hours, as well as place 567 during various times of the day. Recent context shows continued visits to these places, particularly on weekends. Place 1 is also visited regularly on weekends, while place 876 has been visited multiple times on Fridays. The user has not shown a pattern for places 2, 3, 4, 5, and 6, but they are included as potential options based on general activity patterns."
37,1,"[9, 567, 1, 876, 946, 2, 3, 4, 5, 6]","The user has a strong pattern of visiting place 9 frequently, especially during early mornings and late nights across multiple days. Place 567 is also visited often, particularly on Thursdays and during the day. Place 1 is visited on weekends and mornings, while place 876 is visited on Fridays. The recent context shows continued activity at places 9 and 567, indicating a likelihood of returning to these locations. The other places are less frequent but may still be relevant based on the user's broader activity pattern."
37,1,"[9, 567, 1, 876, 946, 2, 3, 4, 5, 6]","The user has a strong pattern of visiting place ID 9 frequently, especially during early mornings and late nights across multiple days. Place ID 567 is also visited often, particularly on Thursdays and during the day. Recent context shows visits to place ID 1, indicating a potential shift or addition to their routine. The other IDs are less frequent but may still be relevant based on the user's varied schedule."
37,1,"[9, 567, 1, 876, 946, 2, 3, 4, 5, 6]","The user has a strong pattern of visiting place 9 frequently, especially during late night and early morning hours across multiple days. Place 567 is also visited often, particularly on Thursdays and during the day. Recent context shows visits to place 1 in the morning on Monday and Wednesday, indicating a potential shift towards this location. Place 876 has been visited multiple times on Fridays, suggesting it could be a weekend destination. The other places are less frequently visited but may still be relevant based on the user's overall activity pattern."
37,1,"[1, 9, 567, 876, 946, 2, 3, 4, 5, 6]","The user has a strong pattern of visiting place_id 1 frequently, especially on weekends and during the mornings. The recent context shows multiple visits to place_id 1, indicating a preference for this location. Place_id 9 is also a common choice, particularly during late nights and early mornings, while place_id 567 is visited often in the afternoons. Place_id 876 has been visited on Fridays, suggesting it may be a popular choice for the user. The other place_ids are less frequent but could still be potential options based on the user's varied activity."
37,1,"[1, 567, 9, 876, 946, 2, 3, 4, 5, 6]","The user has a strong pattern of visiting place ID 1 frequently, especially on weekends and early mornings. The recent context shows multiple visits to place ID 1, indicating a preference for this location. Place ID 567 is also frequently visited, particularly on Thursdays, and has a significant presence in both history and context. Place ID 9 is a consistent choice across various days, especially late at night. Place ID 876 appears on Fridays, suggesting it may be a popular choice for the user. Other IDs like 946, 2, 3, 4, 5, and 6 are less frequent but could be potential options based on the user's varied history."
37,9,"[9, 567, 1, 876, 41, 946, 10, 11, 12, 13]","The user has a strong pattern of visiting place_id 9 frequently across various days and times, especially during early mornings and late nights. Place_id 567 is also a common destination, particularly on Thursdays and Wednesdays. The recent context shows continued visits to place_id 9 and 567, indicating these are likely to be the next locations. Place_id 1 is visited regularly on weekends, while 876 appears frequently on Fridays. Place_id 41 was visited recently, suggesting it may also be a potential next stop."
37,567,"[9, 567, 1, 876, 41, 946, 10, 11, 12, 13]","The user has a strong pattern of visiting place ID 9 frequently across various days and times, particularly during early mornings and late nights. Place ID 567 is also visited often, especially on Thursdays and Wednesdays, indicating a preference for these locations. The recent context shows continued visits to place ID 9 and 567, reinforcing their likelihood. Place ID 1 is visited on weekends, suggesting it may be a leisure destination. Place ID 876 appears frequently on Fridays, indicating it may be a popular choice for the user on that day. The other IDs are less frequent but may still be relevant based on the user's broader activity patterns."
37,876,"[9, 567, 1, 876, 41, 946, 2, 3, 4, 5]","The user has a strong pattern of visiting place ID 9, especially during early mornings and late nights across multiple days. Place ID 567 is also frequently visited in the afternoons and has recent context stays, indicating a likelihood of returning. Place ID 1 is visited on weekends, while 876 shows a pattern of visits on Fridays. The context indicates recent stays at place IDs 9 and 567, reinforcing their likelihood. Other IDs are less frequent but included for variety."
37,876,"[9, 567, 876, 1, 41, 946, 10, 11, 12, 13]","The user has a strong pattern of visiting place_id 9 frequently across various days and times, especially during early mornings and late nights. Place_id 567 is also visited regularly, particularly on Thursdays and Wednesdays. The context shows recent visits to place_id 9 and 567, reinforcing their likelihood. Place_id 876 is visited on Fridays, and the user has a history of visiting it multiple times, making it a probable next location. Place_id 1 is visited on weekends, and the user has shown a pattern of visiting it on Saturdays. Place_id 41 is a recent context visit, which may indicate a new interest. Other IDs are less likely based on historical data."
37,9,"[9, 567, 876, 1, 946, 2, 3, 4, 5, 6]","The user has a strong pattern of visiting place 9 frequently, especially during early mornings and late nights across multiple days. Place 567 is also visited often, particularly on Thursdays and weekends. Place 876 has been visited recently and has a significant duration, indicating it may be a preferred location. Place 1 is visited on weekends, suggesting it could be a leisure spot. The context shows recent visits to places 567 and 876, reinforcing their likelihood. Other places have less frequent visits, making them less probable."
37,567,"[9, 567, 876, 1, 946, 2, 3, 4, 5, 6]","The user has a strong pattern of visiting place 9 frequently, especially during late night and early morning hours, as seen in both history and context. Place 567 is also visited often, particularly during the day on weekdays. Place 876 has been visited recently and has a significant duration, indicating a potential preference. Place 1 is visited on weekends, suggesting a recreational pattern. The other places are less frequent but may still be relevant based on the user's varied activities."
37,876,"[9, 567, 876, 1, 946, 2, 3, 4, 5, 6]","The user has a strong pattern of visiting place_id 9 frequently across various days and times, especially during early mornings and late nights. Place_id 567 is also visited regularly, particularly on Thursdays and weekends. Place_id 876 shows a notable presence in the user's recent context, indicating a potential shift in preference. Place_id 1 is visited on weekends, suggesting it may be a leisure destination. The other place_ids are less frequent but could be considered based on the user's varied activities."
37,453,"[9, 567, 876, 1, 946, 2, 3, 4, 5, 6]","The user has a strong pattern of visiting place_id 9 frequently across various days and times, especially during early mornings and late nights. Place_id 567 is also visited regularly, particularly on Thursdays and weekends. The recent context shows a visit to place_id 876 on Sunday, which aligns with the user's history of visiting this place on Fridays. Place_id 1 is visited on weekends, indicating a potential for future visits. The other place_ids are less frequent but may still be relevant based on the user's overall activity pattern."
37,876,"[9, 567, 876, 1, 453, 946, 2, 3, 4, 5]","The user has a strong pattern of visiting place ID 9 frequently across various days and times, particularly during early mornings and late nights. Place ID 567 is also visited regularly, especially on Thursdays and Sundays. The recent context shows a visit to place ID 876, which has been a common location in the user's history, indicating a likelihood of returning there. Place ID 1 is visited on weekends, and the context includes a recent stay at place ID 453, suggesting it may also be a potential next location. The other IDs are less frequent but are included as they may still be relevant based on the user's broader activity pattern."
37,9,"[9, 567, 876, 1, 946, 2, 3, 4, 5, 6]","The user has a strong pattern of visiting place ID 9, especially during late night and early morning hours, as well as place ID 567 during afternoons on multiple days. Recent context shows a visit to place ID 876 on Tuesday, suggesting a likelihood of returning there. The user also frequently visits place ID 1 on weekends, indicating it may be a preferred location. The other IDs are less frequent but could be potential options based on the user's varied history."
37,567,"[9, 876, 567, 1, 946, 2, 3, 4, 5, 6]","The user has a strong pattern of visiting place_id 9 frequently across various days and times, especially during early mornings and late nights. Place_id 876 is also visited regularly, particularly on Fridays and during the recent context stays. Place_id 567 shows a consistent presence in both history and context, indicating it is a likely next destination. Place_id 1 is visited on weekends, suggesting it may be a leisure destination. The other IDs are less frequent but could still be potential options based on the user's varied activity."
37,9,"[9, 567, 876, 1, 946, 2, 3, 4, 5, 6]","The user has a strong pattern of visiting place 9 frequently, especially during late night and early morning hours across multiple days. Place 567 is also visited often, particularly on Thursdays and during the afternoon. Place 876 has been visited recently in the context, indicating a likelihood of return. Place 1 is visited on weekends, suggesting a potential visit soon. The other places are less frequent but may still be relevant based on the user's varied activity patterns."
37,9,"[9, 567, 876, 1, 946, 2, 3, 4, 5, 6]","The user has a strong pattern of visiting place 9 frequently, especially during early mornings and late nights across multiple days. Place 567 is also visited regularly, particularly on Thursdays and during the afternoons. Place 876 has been visited on Fridays, indicating a potential preference for this location as well. The context shows recent visits to places 9 and 567, reinforcing their likelihood. Place 1 is visited on weekends, suggesting it could be a leisure destination. Other places are less frequently visited, making them less likely choices."
37,569,"[9, 567, 1, 876, 946, 2, 3, 4, 5, 6]","The user has a strong pattern of visiting place_id 9 frequently, especially during early mornings and late nights across multiple days. Place_id 567 is also visited often, particularly during the afternoons on Thursdays and Tuesdays. The recent context shows continued visits to these places, reinforcing their likelihood as the next destination. Place_id 1 is visited on weekends, while 876 appears frequently on Fridays, indicating potential visits. Other place_ids have less frequent historical data, making them less likely."
37,1,"[9, 567, 1, 876, 946, 569, 2, 3, 4, 5]","The user has a strong pattern of visiting place_id 9, especially during early mornings and late nights across multiple days. Place_id 567 is also frequently visited during the day, particularly on Thursdays. The recent context shows continued visits to these places, reinforcing their likelihood as the next destination. Place_id 1 is visited on weekends, while 876 appears frequently on Fridays. The user has also shown interest in place_id 946 and 569 recently, indicating potential future visits."
37,876,"[9, 567, 1, 876, 946, 569, 2, 3, 4, 5]","The user has a strong pattern of visiting place 9 frequently, especially during early mornings and late nights across multiple days. Place 567 is also visited often, particularly on Thursdays and during the afternoon. The recent context shows the user visited place 567 again, reinforcing its likelihood. Place 1 is visited on weekends, and place 876 has been visited multiple times on Fridays. The user has shown less frequent visits to places 946 and 569, but they are still relevant due to recent context. Other places (2, 3, 4, 5) are less likely based on historical data."
37,9,"[9, 567, 1, 876, 946, 949, 682, 1309, 35, 130]","The user has a strong pattern of visiting place 9 frequently across various days and times, particularly on Thursdays and Mondays. Place 567 is also a common destination, especially during the afternoons on Thursdays. The context shows recent visits to places 9 and 567, reinforcing their likelihood. Place 1 is visited regularly on weekends, while 876 appears frequently on Fridays. The user has also shown interest in places 946 and 949, which were visited recently. The context includes a visit to place 682, indicating potential interest. Overall, the predictions are based on historical frequency and recent context activities."
37,876,"[9, 567, 1, 876, 946, 949, 682, 569, 876, 1]","The user has a strong pattern of visiting place_id 9 frequently, especially during early mornings and late nights across multiple days. Place_id 567 is also visited often, particularly on Thursdays and during the afternoon. Place_id 1 is visited on weekends, indicating a preference for this location during leisure time. The context shows recent visits to place_id 569 and 682, suggesting they may also be relevant for the next visit. The user has a consistent routine that favors certain places, especially on Thursdays and weekends."
37,9,"[9, 567, 876, 1, 946, 2, 3, 4, 5, 6]","The user has a strong pattern of visiting place 9 frequently, especially during early mornings and late nights across multiple days. Place 567 is also visited often, particularly on Tuesdays and Thursdays, indicating a preference for these locations. Place 876 has been visited recently in the context, suggesting it may be a current favorite. Place 1 is visited regularly on weekends, while places 946, 2, 3, 4, 5, and 6 have less frequent but notable visits, making them potential candidates for the next location."
37,9,"[9, 567, 876, 1, 946, 2, 3, 4, 5, 6]","The user has a strong pattern of visiting place 9 frequently, especially during early mornings and late nights across multiple days. Place 567 is also visited often, particularly during the afternoons on weekdays. The recent context shows a visit to place 876, which has been a common location for the user, indicating a likelihood of returning. Place 1 is visited on weekends, suggesting a potential visit soon. The other places are less frequent but may still be considered based on the user's varied activity."
37,119,"[9, 567, 1, 876, 946, 2, 3, 4, 5, 6]","The user has a strong pattern of visiting place 9 frequently, especially during early mornings and late nights across multiple days. Place 567 is also visited often, particularly during the afternoons on Tuesdays and Thursdays. The context shows recent stays at places 9 and 567, reinforcing their likelihood. Place 1 is visited on weekends, while 876 appears frequently on Fridays. Other places have less frequent visits, making them less likely."
37,567,"[9, 567, 1, 876, 946, 119, 2, 3, 4, 5]","The user has a strong pattern of visiting place_id 9 frequently across various days and times, especially during early mornings and late nights. Place_id 567 is also visited regularly, particularly on Tuesdays and Thursdays. The recent context shows continued visits to these places, reinforcing their likelihood. Place_id 1 is visited on weekends, while 876 appears frequently on Fridays. The user has also shown interest in place_id 946 and 119 recently, indicating potential future visits."
37,569,"[9, 567, 1, 876, 119, 946, 10, 11, 12, 13]","The user has a strong pattern of visiting place_id 9, especially during late night and early morning hours across multiple days. Place_id 567 is also frequently visited during the day, particularly on Tuesdays and Thursdays. The recent context shows a stay at place_id 567, reinforcing its likelihood. Place_id 1 is visited on weekends, while 876 appears on Fridays. The user has shown some activity at place_id 119 recently, which may indicate a new interest. Other IDs are less likely based on historical data."
