user_id,ground_truth,prediction,reason
40,1,"[1006, 1147, 1, 960, 976, 1003, 517, 1006, 1006, 1006]","The user has a strong pattern of visiting place 1006 frequently across various days and times, especially on weekdays. Place 1147 is also visited regularly, particularly late at night. Recent context shows continued visits to both places, indicating they are likely candidates for the next location. Other places like 1, 960, and 976 have occasional visits but are less frequent compared to 1006 and 1147."
40,1006,"[1006, 1147, 1, 960, 976, 1003, 517, 1006, 1006, 1006]","The user has a strong pattern of visiting place_id 1006 frequently across various days and times, especially on weekdays. Place_id 1147 is also visited regularly, particularly late at night. The recent context shows continued visits to these places, reinforcing their likelihood as the next destination. Place_id 1 appears frequently as well, indicating it may be a common stop. Other places like 960 and 976 have less frequent visits but are still relevant based on the user's history."
40,1147,"[1006, 1147, 1, 960, 976, 1003, 517, 1006, 1006, 1006]","The user has a strong pattern of visiting place 1006 frequently across various days and times, especially on weekdays. Place 1147 is also visited regularly, particularly late at night. The context shows recent visits to both places 1006 and 1147, reinforcing their likelihood as the next destination. Place 1 is visited often on weekends, while places 960 and 976 have occasional visits, making them less likely but still relevant. The user has a consistent routine that favors these locations."
40,1147,"[1006, 1147, 1, 960, 976, 1003, 517, 1006, 1006, 1006]","The user has a strong pattern of visiting place_id 1006, especially on weekdays and weekends, indicating it is a preferred location. Place_id 1147 is frequently visited late at night, suggesting it may be a common late-night destination. Place_id 1 appears multiple times, indicating it is a regular stop. The context shows recent visits to 1006 and 1147, reinforcing their likelihood. Other places like 960 and 976 have also been visited but less frequently."
40,1006,"[1006, 1, 1147, 960, 976, 1003, 517, 1006, 1006, 1006]","The user has a strong pattern of visiting place_id 1006 frequently across various days and times, especially on weekdays. Recent context shows continued visits to 1006, indicating it remains a preferred location. Place_id 1 is also visited regularly, particularly on weekends, making it a likely next stop. Place_id 1147 is visited late at night, suggesting it could be a destination after other activities. Other places like 960 and 976 have occasional visits, but their frequency is lower compared to the top three."
40,1147,"[1006, 1, 1147, 960, 976, 1003, 517, 1006, 1006, 1006]","The user has a strong pattern of visiting place_id 1006 frequently across various days and times, especially on Sundays and Mondays. Recent context shows a visit to 1006 on Sunday morning, reinforcing its likelihood. Place_id 1 is also visited often, particularly on Sundays, making it a strong candidate. Place_id 1147 is visited late at night on multiple occasions, indicating a potential preference for late-night visits. Other places like 960 and 976 have been visited but less frequently, while 1003 and 517 have limited historical visits, making them less likely."
40,1147,"[1006, 1147, 1, 960, 976, 1003, 517, 1006, 1006, 1006]","The user has a strong pattern of visiting place_id 1006 frequently across various days and times, especially on weekdays. The recent context also shows visits to 1006, reinforcing its likelihood as the next destination. Place_id 1147 is also visited regularly, particularly late at night, making it a probable choice. Place_id 1 appears multiple times, indicating it may be a common stop as well. Other places like 960 and 976 have less frequent visits but are still considered based on the user's overall activity pattern."
40,1006,"[1006, 1147, 1, 960, 976, 1003, 517, 1006, 1006, 1006]","The user has a strong pattern of visiting place 1006 frequently across various days and times, especially on weekdays. Place 1147 is also visited late at night, indicating a possible routine. The context shows recent visits to 1147 and 1006, reinforcing their likelihood as next destinations. Other places like 1, 960, 976, and 1003 have less frequent visits but are still relevant based on the user's history."
40,1,"[1006, 1147, 1, 960, 976, 1003, 517, 1006, 1006, 1006]","The user has a strong pattern of visiting place_id 1006, especially on weekdays and weekends, indicating it is a preferred location. Place_id 1147 is frequently visited late at night, suggesting it may be a social or leisure spot. Place_id 1 is visited multiple times, indicating it may be a common stop. The context shows recent visits to 1006 and 1147, reinforcing their likelihood as next destinations."
40,1144,"[1006, 1147, 1, 960, 976, 1003, 609, 820, 700, 143]","The user has a strong pattern of visiting place_id 1006, especially on weekdays and weekends, indicating it is a preferred location. Place_id 1147 is frequently visited late at night, suggesting it may be a social or leisure spot. Place_id 1 is visited multiple times, particularly on weekends, indicating it may be a common destination. The context shows recent visits to 1006 and 1147, reinforcing their likelihood. Other places like 960 and 976 have also been visited, but less frequently, making them less probable."
40,1006,"[1006, 1147, 1, 960, 1003, 976, 1144, 1005, 1002, 1001]","The user has a strong pattern of visiting place 1006 frequently across various days and times, particularly on weekdays and weekends. Place 1147 is also visited regularly, especially late at night. The recent context shows a visit to 1147, reinforcing its likelihood. Place 1 is visited multiple times, especially on Sundays, making it a probable next location. Other places like 960 and 1003 have been visited but less frequently, while 1144 appears in the context, suggesting potential interest."
40,1147,"[1006, 1147, 1, 960, 976, 1003, 1144, 938, 517, 1006]","The user has a strong pattern of visiting place 1006 frequently across various days and times, especially on weekends and Mondays. Place 1147 is also visited late at night, indicating a potential preference for late-night activities. Recent context shows visits to places 1006 and 1147, reinforcing their likelihood. Place 1 is visited multiple times, particularly on Sundays, suggesting it may be a regular stop. Other places like 960 and 976 have been visited but less frequently, making them less likely. The user’s activity pattern indicates a preference for familiar locations, especially during specific times."
40,1147,"[1006, 1, 1147, 960, 1003, 976, 1144, 1001, 1002, 1005]","The user has a strong pattern of visiting place_id 1006, especially on weekends and Mondays, as seen in both history and context. Place_id 1 is frequently visited late at night and on weekends, indicating a social or leisure activity. Place_id 1147 is also a common late-night destination. The user has shown some visits to place_id 960 and 1003, suggesting they might be secondary options. The context shows recent visits to 1006 and 1, reinforcing their likelihood. Other IDs like 1144, 1001, 1002, and 1005 are less frequent but could be potential places based on the user's varied activities."
40,1006,"[1006, 1147, 1, 960, 1003, 976, 1144, 1005, 1007, 1008]","The user has a strong pattern of visiting place 1006 frequently across various days and times, especially on Sundays and Mondays. Recent context shows a visit to place 1, which is also a common location in the user's history. Place 1147 is another frequent destination, particularly late at night. The user has also visited places 960 and 1003, indicating a diverse range of locations, but 1006 remains the most probable next location due to its high frequency of visits."
40,1147,"[1006, 1147, 1, 960, 1144, 1003, 976, 517, 1000, 1001]","The user has a strong pattern of visiting place 1006 frequently across various days and times, especially on Sundays and Mondays. Recent context shows a visit to 1006 on Sunday morning, reinforcing its likelihood. Place 1147 is also visited regularly, particularly late at night, making it a probable next location. Place 1 is visited multiple times on Sundays, indicating a potential return. Other places like 960 and 1144 have been visited recently, suggesting they could also be considered for the next visit."
40,1006,"[1006, 1147, 1, 960, 976, 1003, 517, 1006, 1006, 1006]","The user has a strong pattern of visiting place_id 1006, especially on weekdays and weekends, indicating it is a preferred location. Place_id 1147 is frequently visited late at night, suggesting it may be a common destination for evening activities. Place_id 1 appears multiple times, indicating it is also a significant location for the user. The context data reinforces the likelihood of returning to these places, particularly 1006 and 1147, as they were visited recently."
40,1147,"[1006, 1147, 1, 960, 976, 1003, 517, 1006, 1006, 1006]","The user has a strong pattern of visiting place 1006 frequently across various days and times, especially on weekdays. Place 1147 is also visited regularly, particularly late at night. Recent context shows the user has been to both places 1006 and 1147, reinforcing their likelihood of returning to these locations. Other places like 1, 960, 976, and 1003 have less frequent visits but are still considered due to occasional stays."
40,1006,"[1006, 1147, 1, 960, 976, 1003, 517, 1006, 1006, 1006]","The user has a strong pattern of visiting place 1006 frequently across various days and times, especially on weekdays. Place 1147 is also visited regularly, particularly late at night. The context shows recent visits to both places, reinforcing their likelihood as the next destination. Other places like 1, 960, 976, and 1003 have less frequent visits but are still relevant based on the user's history."
40,1144,"[1006, 1147, 1, 960, 976, 1003, 517, 1006, 1006, 1006]","The user has a strong pattern of visiting place_id 1006 frequently across various days and times, especially on weekdays. Recent context also shows visits to 1006, reinforcing its likelihood. Place_id 1147 is also visited regularly, particularly late at night, making it a probable next location. Place_id 1 appears multiple times, indicating it is a common stop as well. Other places like 960 and 976 have been visited but less frequently, making them less likely."
40,1147,"[1006, 1147, 1, 960, 1144, 1003, 976, 517, 1006, 1006]","The user has a strong pattern of visiting place 1006 frequently across various days and times, especially on weekdays. Place 1147 is also visited regularly, particularly late at night. The recent context shows continued visits to these places, reinforcing their likelihood as the next destination. Other places like 1 and 960 have occasional visits but are less frequent compared to 1006 and 1147."
40,1006,"[1006, 1147, 1, 960, 976, 1003, 1144, 517, 1006, 1006]","The user has a strong pattern of visiting place_id 1006, especially on weekdays and weekends, indicating it is a preferred location. Place_id 1147 is also frequently visited late at night, suggesting it may be a common destination after other activities. The recent context shows continued visits to these places, reinforcing their likelihood as the next destination. Other places like 1, 960, 976, and 1003 have been visited but less frequently, making them less likely but still possible options."
40,1147,"[1006, 1147, 1, 960, 976, 1003, 1144, 1005, 1002, 1001]","The user has a strong pattern of visiting place_id 1006, especially on weekdays and weekends, indicating it is a preferred location. Place_id 1147 is frequently visited late at night, suggesting it may be a social or leisure spot. Place_id 1 is visited multiple times, particularly on weekends, indicating it may be a common destination. The context shows recent visits to 1147 and 1006, reinforcing their likelihood. Other places like 960 and 976 have occasional visits, but less frequently than the top three."
40,1006,"[1006, 1147, 1, 960, 1144, 1003, 976, 517, 1000, 1001]","The user has a strong pattern of visiting place_id 1006, especially on weekdays and weekends, indicating it is a primary location. Place_id 1147 is frequently visited late at night, suggesting it may be a secondary location. Recent context shows the user visited 1006 again on Friday, reinforcing its likelihood. Other places like 1 and 960 have also been visited multiple times, but with less frequency. The context includes a visit to 1144, which may indicate a new interest, but it is less established than the top predictions."
40,1147,"[1006, 1147, 1, 960, 976, 1003, 1144, 1005, 1002, 1001]","The user has a strong pattern of visiting place_id 1006 frequently across various days and times, especially on weekdays. Recent context shows a visit to place_id 1147 late on Sunday and Monday, indicating a possible routine. Place_id 1 is also visited multiple times, particularly on weekends. The user has shown a preference for these locations, making them the most likely next destinations."
40,1006,"[1006, 1147, 1, 960, 976, 1003, 517, 1006, 1006, 1006]","The user has a strong pattern of visiting place_id 1006, especially on weekdays and during morning hours. Recent context shows continued visits to 1006 and 1147, indicating these are likely next destinations. Place_id 1 is also frequently visited, particularly late at night, suggesting it could be a potential next stop. The user has shown varied activity across different places, but the consistency in visiting 1006 makes it the most probable next location."
40,1147,"[1006, 1147, 1, 960, 976, 1003, 517, 1006, 1006, 1006]","The user has a strong pattern of visiting place_id 1006, especially on weekdays and during morning hours, as seen in both history and context. Place_id 1147 is frequently visited late at night, while place_id 1 is a recurring location on weekends. The user also shows some visits to place_id 960 and 976, but these are less frequent. The recent context reinforces the likelihood of returning to 1006 and 1147."
40,1006,"[1006, 1147, 1, 960, 976, 1003, 517, 1006, 1006, 1006]","The user has a strong pattern of visiting place_id 1006, especially on weekdays and weekends, indicating it is a preferred location. Place_id 1147 is frequently visited late at night, suggesting it may be a common destination for evening activities. Place_id 1 appears multiple times, indicating it is also a significant location for the user. The context data reinforces the likelihood of returning to these places, particularly 1006 and 1147, which were visited recently."
40,1147,"[1006, 1147, 1, 960, 976, 1003, 517, 1006, 1006, 1006]","The user has a strong pattern of visiting place_id 1006, especially on weekdays and during morning hours, as seen in both history and context. Place_id 1147 is frequently visited late at night, while place_id 1 is a recurring location on weekends. The user also visits place_id 960 and 976 occasionally, indicating a diverse but consistent pattern of activity."
40,1006,"[1006, 1147, 1, 960, 976, 1003, 517, 1006, 1006, 1006]","The user has a strong pattern of visiting place_id 1006, especially on weekdays and weekends, indicating it is a preferred location. Place_id 1147 is frequently visited late at night, suggesting it may be a social or leisure spot. Place_id 1 is visited multiple times, particularly on weekends, indicating it may be a common destination. The context shows recent visits to 1147 and 1006, reinforcing their likelihood as next destinations."
40,1147,"[1006, 1147, 1, 960, 976, 1003, 517, 1006, 1006, 1006]","The user has a strong pattern of visiting place_id 1006 frequently across various days and times, especially on weekdays. The context shows recent visits to 1006 and 1147, indicating these places are likely to be revisited soon. The user also has a history of visiting place_id 1 and 960, which suggests they may consider these as options as well."
40,1006,"[1006, 1147, 1, 960, 976, 1003, 517, 1006, 1006, 1006]","The user has a strong pattern of visiting place 1006 frequently across various days and times, especially on weekdays. Place 1147 is also visited regularly, particularly late at night. The context shows recent visits to both places, reinforcing their likelihood as the next destination. Other places like 1, 960, and 976 have occasional visits but are less frequent compared to 1006 and 1147."
40,1147,"[1006, 1147, 1, 960, 976, 1003, 517, 1006, 1006, 1006]","The user has a strong pattern of visiting place_id 1006 frequently across various days and times, especially on weekdays. Recent context also shows visits to 1006, reinforcing its likelihood. Place_id 1147 is also visited regularly, particularly late at night, making it a probable next location. Place_id 1 has been visited multiple times on weekends, indicating potential for future visits. Other places like 960 and 976 have occasional visits, but less frequently than the top candidates."
40,1006,"[1006, 1147, 1, 960, 976, 1003, 517, 1006, 1006, 1006]","The user has a strong pattern of visiting place_id 1006 frequently across various days and times, especially on weekdays. Place_id 1147 is also visited late at night, indicating a possible preference for late-night activities. The context shows recent visits to both 1006 and 1147, reinforcing their likelihood as next destinations. Other places like 1, 960, 976, and 1003 have been visited but less frequently, making them less probable."
40,1147,"[1006, 1147, 1, 960, 976, 1003, 517, 1006, 1006, 1006]","The user has a strong pattern of visiting place_id 1006 frequently across various days and times, especially on weekdays. Recent context stays also indicate continued visits to 1006, reinforcing its likelihood as the next destination. Place_id 1147 is also frequently visited, particularly late at night, making it a strong candidate. Place_id 1 appears multiple times, especially on weekends, suggesting it may be a secondary option. Other places like 960 and 976 have less frequent visits but are still relevant based on historical patterns."
40,1006,"[1006, 1147, 1, 960, 976, 1003, 517, 1006, 1006, 1006]","The user has a strong pattern of visiting place_id 1006, especially on weekdays and during morning hours. Recent context shows continued visits to 1006 and 1147, indicating these are likely next destinations. The user also frequently visits place_id 1 and 960, particularly on weekends, which may influence their next location."
40,1147,"[1006, 1147, 1, 960, 976, 1003, 517, 1006, 1006, 1006]","The user has a strong pattern of visiting place_id 1006, especially on weekdays and weekends, as seen in both history and context. Place_id 1147 is frequently visited late at night, while place_id 1 is a recurring location for shorter stays. The user also visits place_id 960 and 976 occasionally, indicating some variability in their routine. The recent context stays reinforce the likelihood of returning to these places."
40,1006,"[1006, 1147, 1, 960, 976, 1003, 517, 1006, 1006, 1006]","The user has a strong pattern of visiting place_id 1006, especially on weekdays and weekends, indicating it is a preferred location. Place_id 1147 is frequently visited late at night, suggesting it may be a common late-night destination. Place_id 1 appears multiple times, indicating it is a secondary location of interest. The context data shows recent visits to 1147 and 1006, reinforcing their likelihood as next destinations."
40,1147,"[1006, 1147, 1, 960, 976, 1003, 517, 1006, 1006, 1006]","The user has a strong pattern of visiting place_id 1006, especially on weekdays and weekends, with multiple visits on Tuesday and Wednesday. Recent context also shows visits to 1006, reinforcing its likelihood. Place_id 1147 is frequently visited late at night, while place_id 1 is visited during the day, indicating a potential for daytime activities. Other places like 960 and 976 have occasional visits, but their frequency is lower compared to the top places."
40,1006,"[1006, 1147, 1, 960, 976, 1003, 517, 1006, 1006, 1006]","The user has a strong pattern of visiting place_id 1006, especially on weekdays and during morning hours, as seen in both history and context. Place_id 1147 is frequently visited late at night, indicating a possible routine. Place_id 1 appears multiple times, suggesting it is a common location as well. Other places like 960 and 976 have been visited but less frequently, making them less likely. The recent context also reinforces the likelihood of returning to 1006 and 1147."
40,1147,"[1006, 1147, 1, 960, 976, 1003, 517, 1006, 1006, 1006]","The user has a strong pattern of visiting place_id 1006, especially on weekdays and weekends, indicating it is a preferred location. Place_id 1147 is frequently visited late at night, suggesting it may be a common late-night spot. Place_id 1 appears multiple times, indicating it is a secondary location of interest. Other places like 960 and 976 have also been visited, but less frequently, making them less likely. The recent context shows continued visits to 1006, reinforcing its likelihood as the next destination."
40,1147,"[1006, 1147, 1, 960, 976, 1003, 517, 1006, 1147, 1]","The user has a strong pattern of visiting places 1006 and 1147 frequently across various days and times, particularly on weekdays and weekends. The recent context shows continued visits to these places, reinforcing their likelihood as the next destination. Additionally, the user has shown some activity at places 1, 960, 976, and 1003, but these are less frequent compared to 1006 and 1147."
40,1006,"[1006, 1147, 1, 960, 976, 1003, 517, 1006, 1006, 1006]","The user has a strong pattern of visiting place_id 1006, especially on weekdays and weekends, with multiple visits recorded in both history and context. Place_id 1147 is also frequently visited late at night, particularly on weekdays. Place_id 1 appears multiple times, indicating it is a common destination. Other places like 960 and 976 have fewer visits but are still relevant based on the user's activity pattern."
40,1147,"[1006, 1147, 1, 960, 976, 1003, 517, 1006, 1006, 1006]","The user has a strong pattern of visiting place 1006 frequently across various days and times, especially on weekdays. Place 1147 is also visited late at night, indicating a possible routine. The context shows recent visits to both places 1006 and 1147, reinforcing their likelihood as the next destination. Other places like 1, 960, 976, and 1003 have been visited but less frequently, making them less likely compared to the top two."
40,1,"[1006, 1147, 1, 960, 976, 1003, 517, 1006, 1006, 1006]","The user has a strong pattern of visiting place_id 1006 frequently across various days and times, especially on weekdays. Recent context also shows a visit to 1006 on Sunday morning, reinforcing its likelihood. Place_id 1147 is also visited frequently, particularly late at night, making it a strong candidate. Place_id 1 appears multiple times, indicating it is a common location as well. Other places like 960 and 976 have been visited but less frequently, making them less likely than the top candidates."
40,1006,"[1006, 1147, 1, 960, 976, 1003, 517, 1006, 1006, 1006]","The user has a strong pattern of visiting place_id 1006, especially on weekdays and during morning hours. Recent context shows continued visits to place_id 1147 and 1, indicating they are also likely candidates. The user frequently visits these places late at night, suggesting a routine that may continue. Place_id 960 and 976 have also been visited, but less frequently, making them less likely. Overall, the predictions are based on the frequency and timing of past visits."
40,1147,"[1006, 1147, 1, 960, 976, 1003, 517, 1006, 1006, 1006]","The user has a strong pattern of visiting place_id 1006 frequently across various days and times, especially on weekdays. Place_id 1147 is also visited late at night, indicating a possible routine. Recent context shows the user visited 1006 again on Tuesday, reinforcing its likelihood. Place_id 1 appears multiple times, suggesting it is a common destination as well. Other places like 960 and 976 have fewer visits but are still relevant due to their occasional appearances."
40,1006,"[1006, 1147, 1, 960, 1003, 976, 517, 1006, 1006, 1006]","The user has a strong pattern of visiting place_id 1006, especially on weekdays and during morning hours, as seen in both history and context. Place_id 1147 is frequently visited late at night, while place_id 1 appears in various contexts, indicating a potential for return. Other places like 960 and 1003 have been visited but less frequently, suggesting they are less likely next choices."
40,1147,"[1006, 1147, 1, 960, 976, 1003, 517, 1006, 1006, 1006]","The user has a strong pattern of visiting place_id 1006 frequently across various days and times, especially on Wednesdays and Thursdays. Recent context shows continued visits to 1006 and 1147, indicating these are likely next stops. Place_id 1 is also visited often, particularly late at night, making it a probable next location. Other places like 960 and 976 have been visited but less frequently, thus ranking lower."
40,1,"[1006, 1147, 1, 960, 976, 1003, 517, 1006, 1006, 1006]","The user has a strong pattern of visiting place_id 1006, especially on Wednesdays and Thursdays, as seen in both history and context. Place_id 1147 is also frequently visited late at night, and place_id 1 is visited multiple times throughout the week. The recent context shows continued activity at these places, reinforcing their likelihood as the next destination."
40,1,"[1006, 1147, 1, 960, 976, 1003, 517, 1006, 1006, 1006]","The user has a strong pattern of visiting place_id 1006, especially on weekdays and weekends, indicating it is a preferred location. Place_id 1147 is frequently visited late at night, suggesting it may be a popular spot for evening activities. Place_id 1 appears multiple times, indicating it is a common stop. The context data shows recent visits to 1006 and 1147, reinforcing their likelihood as next destinations. Other places like 960 and 976 have also been visited but less frequently."
40,1,"[1006, 1147, 1, 960, 976, 1003, 517, 1006, 1006, 1006]","The user has a strong pattern of visiting place 1006 frequently, especially on weekdays and during morning hours. Place 1147 is also visited late at night, indicating a possible routine. Recent context shows visits to places 1147 and 1, suggesting they are still relevant. The user has a consistent pattern of returning to familiar places, particularly 1006, which is likely to be their next destination."
40,1,"[1006, 1147, 1, 960, 976, 1003, 517, 1006, 1006, 1006]","The user has a strong pattern of visiting place_id 1006 frequently, especially on weekdays and during morning hours. Recent context shows a stay at 1006 on Thursday, indicating continued interest. Place_id 1147 is also visited late at night, suggesting it may be a common late-night destination. Place_id 1 appears multiple times in both history and context, indicating it is a significant location for the user. Other places like 960 and 976 have been visited but less frequently, making them less likely but still possible options."
40,1006,"[1006, 1, 1147, 960, 1003, 976, 517, 1006, 1006, 1006]","The user has a strong pattern of visiting place 1006 frequently across various days and times, especially on weekdays. The recent context shows multiple stays at place 1, indicating a potential shift in preference, but the historical data suggests that place 1006 remains the most likely next location. Place 1147 is also frequently visited late at night, while place 960 has been visited in the morning. The user has shown some activity at places 1003 and 976, but these are less frequent compared to the top predictions."
40,1,"[1006, 1, 1147, 960, 976, 1003, 517, 1006, 1006, 1006]","The user has a strong pattern of visiting place 1006 frequently, especially on Tuesdays and throughout the week, indicating a high likelihood of returning there. Recent context shows the user was at place 1 multiple times early on Tuesday, suggesting a possible return to that location as well. Place 1147 is also frequently visited late at night, which aligns with the user's recent activity. Other places like 960 and 976 have been visited but less frequently, making them less likely but still possible options."
40,1,"[1006, 1, 1147, 960, 976, 1003, 517, 1006, 1006, 1006]","The user has a strong pattern of visiting place_id 1006 frequently across various days and times, especially on Tuesdays and Wednesdays. The recent context shows multiple visits to place_id 1, indicating a potential shift or additional interest in that location. Place_id 1147 is also visited late at night, suggesting it may be a common choice for evening activities. The user has shown consistent behavior in returning to familiar places, particularly 1006, which is likely to be their next destination."
40,1147,"[1006, 1, 1147, 960, 976, 1003, 517, 1006, 1006, 1006]","The user has a strong pattern of visiting place_id 1006 frequently across various days and times, especially on Tuesdays and Wednesdays. Recent context stays also indicate visits to place_id 1, which is another frequently visited location. Place_id 1147 appears regularly in the history, particularly late at night, suggesting it may be a common destination. The user has also visited place_id 960 and 976, indicating a broader range of potential next locations. The consistent pattern of returning to these places supports their likelihood as the next destination."
40,1006,"[1006, 1, 1147, 960, 976, 1003, 517, 1006, 1006, 1006]","The user has a strong pattern of visiting place 1006 frequently across various days and times, especially on weekdays. Recent context shows visits to places 1 and 1147, indicating a likelihood of returning to these locations. The user also has a history of visiting place 960 and 976, suggesting they may consider these as options. Overall, the predictions are based on the frequency of visits and recent activities."
40,1147,"[1006, 1, 1147, 960, 976, 1003, 602, 807, 1296, 89]","The user has a strong pattern of visiting place_id 1006, especially on weekdays and during morning hours. Recent context shows a visit to 1006 on Tuesday, reinforcing its likelihood. Place_id 1 is frequently visited late at night and on weekends, making it a probable next stop. Place_id 1147 is also visited late at night, while 960 and 976 have been visited in the mornings. The context includes visits to 602 and 807, which may indicate a shift in routine, but they are less frequent. Overall, the predictions are based on historical patterns and recent context."
40,1006,"[1006, 1, 1147, 960, 1003, 976, 517, 1006, 1006, 1006]","The user has a strong pattern of visiting place_id 1006 frequently across various days and times, especially on weekdays. Recent context stays also indicate visits to place_id 1 and 1147, suggesting they are likely candidates for the next location. The user has shown a consistent preference for these places, particularly during morning and late-night hours."
40,1,"[1006, 1147, 1, 960, 976, 1003, 517, 1006, 1006, 1006]","The user has a strong pattern of visiting place_id 1006, especially on weekdays and weekends, indicating it is a preferred location. Place_id 1147 is frequently visited late at night, suggesting it may be a common late-night destination. Place_id 1 appears multiple times, indicating it is a significant location for the user. The context data shows recent visits to these places, reinforcing their likelihood as the next destination."
40,1,"[1006, 1147, 1, 960, 976, 1003, 517, 1006, 1006, 1006]","The user has a strong pattern of visiting place 1006 frequently, especially on weekdays and during morning hours. Place 1147 is also visited late at night, indicating a possible routine. Recent context shows continued visits to these places, reinforcing their likelihood as the next destination. Other places like 1, 960, 976, and 1003 have sporadic visits but are less frequent compared to the top two places."
40,1,"[1006, 1147, 1, 960, 976, 1003, 517, 1006, 1006, 1006]","The user has a strong pattern of visiting place_id 1006, especially on weekdays and weekends, indicating a high likelihood of returning there. Place_id 1147 is also frequently visited late at night, suggesting it may be a common destination for evening activities. Place_id 1 appears multiple times in the context and history, indicating it is a significant location for the user. Other places like 960 and 976 have been visited but less frequently, making them less likely but still possible options."
40,1,"[1006, 1147, 1, 960, 976, 1003, 517, 1006, 1006, 1006]","The user has a strong pattern of visiting place 1006 frequently across various days and times, especially on weekdays. Place 1147 is also visited regularly, particularly late at night. Recent context shows the user visiting place 1 and 1147, indicating a potential shift in preference. The user has also visited places 960 and 976, but less frequently. Given the historical data and recent context, the top predictions are dominated by places 1006 and 1147."
40,1,"[1006, 1, 1147, 960, 976, 1003, 517, 1006, 1006, 1006]","The user has a strong pattern of visiting place_id 1006 frequently across various days and times, especially on weekdays. Recent context shows a visit to place_id 1006 on Friday, indicating continued interest. Place_id 1 is also visited often, particularly late at night, suggesting it may be a go-to location for the user. Place_id 1147 is visited frequently late at night, while place_id 960 and 976 have occasional visits, indicating they may be secondary options. The user has a consistent routine that favors certain places, particularly 1006, making it the most likely next location."
40,1,"[1, 1006, 1147, 960, 976, 1003, 517, 0, 2, 3]","The user has a strong pattern of visiting place_id 1 frequently, especially on weekends and late nights, as seen in both history and context. Place_id 1006 is also a common location for the user, visited multiple times throughout the week. Place_id 1147 appears frequently during late hours, indicating a possible nightlife or late-night activity. Other places like 960 and 976 have been visited, but less frequently, suggesting they are less likely next choices. The context shows recent stays at place_id 1, reinforcing its likelihood as the next destination."
40,1,"[1, 1006, 1147, 960, 976, 1003, 517, 1000, 1001, 1002]","The user has a strong pattern of visiting place_id 1 frequently, especially on weekends and late evenings, as seen in both history and context. Place_id 1006 is also a common location for the user, visited multiple times during weekdays. Place_id 1147 appears frequently late at night, indicating a possible preference for nighttime visits. The context shows recent visits to place_id 1, reinforcing its likelihood. Other places like 960 and 976 have been visited but less frequently, making them less likely compared to the top three."
40,1,"[1006, 1, 1147, 960, 976, 1003, 517, 1006, 1006, 1006]","The user has a strong pattern of visiting place_id 1006 frequently across various days and times, especially on weekdays. The recent context shows multiple visits to place_id 1, indicating a potential shift or additional interest in that location. Place_id 1147 is also visited late at night, suggesting it may be a common choice for evening activities. The user has shown a consistent pattern of returning to familiar places, particularly 1006, which is likely to be their next destination."
40,1,"[1, 1006, 1147, 960, 976, 1003, 517, 0, 2, 3]","The user has a strong pattern of visiting place_id 1 frequently, especially on Wednesdays, as seen in both history and context. Place_id 1006 is also a common destination, visited multiple times throughout the week. Place_id 1147 appears regularly late at night, indicating a possible preference for late visits. Other places like 960 and 976 have been visited but less frequently, while 1003 and 517 are less common but still relevant. The context shows recent activity at place_id 1, reinforcing its likelihood as the next destination."
40,1,"[1, 1006, 1147, 960, 976, 1003, 517, 0, 0, 0]","The user has a strong pattern of visiting place_id 1 frequently, especially on Wednesdays and Thursdays, as seen in both history and context. Place_id 1006 is also a common destination, visited multiple times throughout the week. Place_id 1147 appears regularly late at night, indicating a possible preference for late visits. Other places like 960 and 976 have been visited but less frequently, while 1003 and 517 have limited visits. The context shows recent stays at place_id 1, reinforcing its likelihood as the next destination."
40,1,"[1006, 1, 1147, 960, 976, 1003, 515, 517, 1000, 1001]","The user has a strong pattern of visiting place 1006 frequently across various days and times, especially on weekdays. The recent context shows multiple visits to place 1, indicating a potential shift or additional interest in that location. Place 1147 is also visited late at night, suggesting it may be a common choice for evening activities. Other places like 960 and 976 have been visited but less frequently, while 515 appears in the context, indicating it might be a new interest. The predictions reflect a mix of habitual and recent activities."
40,1,"[1, 1006, 1147, 960, 976, 1003, 517, 1000, 1001, 1002]","The user has a strong pattern of visiting place_id 1 frequently, especially during late hours and early mornings, as seen in both history and context. Place_id 1006 is also a common destination, visited multiple times throughout the week, particularly on weekdays. Place_id 1147 appears frequently during late hours, indicating a possible preference for nighttime visits. Other places like 960 and 976 have been visited but less frequently, suggesting they may be secondary options. The context shows recent visits to place_id 1, reinforcing its likelihood as the next destination."
40,1,"[1006, 1, 1147, 960, 976, 1003, 515, 928, 478, 42]","The user has a strong pattern of visiting place_id 1006 frequently across various days and times, especially on weekdays. Recent context stays also indicate visits to place_id 1, which is a common location for the user. Place_id 1147 appears frequently during late hours, suggesting a potential late-night visit. Other places like 960 and 976 have been visited in the past, indicating they might be considered as options. The context shows recent stays at place_id 1, which reinforces its likelihood as a next destination."
40,1,"[1, 1006, 1147, 960, 976, 1003, 517, 1006, 1, 1147]","The user has a strong pattern of visiting place_id 1, especially on weekends and late nights, as seen in both history and context. Place_id 1006 is frequently visited during weekdays, particularly on Mondays and Tuesdays, indicating a routine. Place_id 1147 is also visited late at night, suggesting it may be a popular choice for evening activities. The context shows recent visits to place_id 1, reinforcing its likelihood as the next destination. Other places like 960 and 976 have been visited but less frequently, making them less likely compared to the top choices."
40,1,"[1, 1006, 1147, 960, 976, 1003, 517, 0, 2, 3]","The user has a strong pattern of visiting place_id 1 frequently, especially on weekends and late nights, as seen in both history and context. Place_id 1006 is also a common location for the user, visited multiple times throughout the week. Place_id 1147 is visited late at night, indicating a potential preference for nighttime activities. The context shows recent visits to place_id 1, reinforcing its likelihood as the next destination. Other places like 960, 976, and 1003 have been visited but less frequently, making them less likely but still possible options."
40,1,"[1, 1006, 1147, 960, 976, 1003, 517, 0, 0, 0]","The user has a strong pattern of visiting place_id 1 frequently, especially on weekends and late nights, as seen in both history and context. Place_id 1006 is also a common destination during weekdays, particularly on Mondays and Tuesdays. Place_id 1147 is visited late at night, indicating a preference for it during those hours. Other places like 960 and 976 have been visited but less frequently, while 1003 and 517 have limited visits, suggesting they are less likely next choices. The context shows recent activity at place_id 1, reinforcing its likelihood."
40,1,"[1, 1006, 1147, 960, 976, 1003, 517, 0, 2, 3]","The user has a strong pattern of visiting place_id 1 frequently, especially on weekends, as seen in both history and context. Place_id 1006 is also a common location for the user, visited multiple times during weekdays. Place_id 1147 is visited late at night, indicating a possible nightlife pattern. Other places like 960 and 976 have been visited but less frequently, while 1003 and 517 are less common but still relevant. The context shows recent activity at place_id 1, reinforcing its likelihood as the next destination."
40,1,"[1, 1006, 1147, 960, 976, 1003, 517, 0, 2, 3]","The user has a strong pattern of visiting place_id 1 frequently, especially on weekends, as seen in both history and context. Place_id 1006 is also a common location for the user, visited multiple times during the week. Place_id 1147 appears frequently late at night, indicating a possible preference for late visits. Other places like 960 and 976 have been visited but less frequently, while 1003 and 517 are less common but still relevant. The context shows recent activity at place_id 1, reinforcing its likelihood as the next destination."
40,1,"[1, 1006, 1147, 960, 976, 1003, 517, 0, 2, 3]","The user has a strong pattern of visiting place_id 1 frequently, especially on weekends, as seen in both history and context. Place_id 1006 is also a common location for the user, visited multiple times during weekdays. Place_id 1147 appears regularly late at night, indicating a possible preference for late visits. Other places like 960 and 976 have been visited but less frequently, while 1003 and 517 are less common but still relevant. The context shows recent activity at place_id 1, reinforcing its likelihood as the next destination."
40,1,"[1, 1006, 1147, 960, 976, 1003, 517, 880, 52, 36]","The user has a strong pattern of visiting place_id 1 frequently, especially on weekends, as seen in both history and context. Place_id 1006 is also a common destination during weekdays, while 1147 appears frequently late at night. The recent context shows continued activity at place_id 1, indicating a likelihood of returning there. Other places like 960 and 976 have been visited but less frequently, making them less likely. The prediction includes a mix of frequently visited places and those recently visited."
40,1,"[1, 1006, 1147, 960, 976, 1003, 517, 0, 2, 3]","The user has a strong pattern of visiting place_id 1 frequently, especially on weekends and late at night, as seen in both history and context. Place_id 1006 is also a common location for the user, visited multiple times throughout the week, particularly on weekdays. Place_id 1147 is visited late at night, indicating a potential preference for nighttime activities. Other places like 960 and 976 have been visited but less frequently, making them less likely. The context shows recent stays at place_id 1, reinforcing its likelihood as the next destination."
40,1,"[1, 1006, 1147, 960, 976, 1003, 517, 0, 2, 3]","The user has a strong pattern of visiting place_id 1, especially on Sundays, as seen in both history and context. Place_id 1006 is frequently visited throughout the week, indicating it is a primary location. Place_id 1147 is also visited late at night, aligning with the recent context stays. Other places like 960 and 976 have been visited but less frequently, while 1003 and 517 have some historical relevance. The context shows recent activity at place_id 1, reinforcing its likelihood as the next destination."
40,1,"[1, 1006, 1147, 960, 976, 1003, 517, 1000, 1001, 1002]","The user has a strong pattern of visiting place_id 1 and 1006 frequently across various days and times, especially on weekends. The recent context shows multiple stays at place_id 1 during the early hours of Sunday, indicating a likelihood of returning there. Place_id 1147 is also visited late at night, suggesting it could be a common choice for late-night activities. Other places like 960 and 976 have been visited but less frequently, making them less likely compared to the top choices."
40,1,"[1, 1006, 1147, 960, 976, 1003, 517, 1000, 1001, 1002]","The user has a strong pattern of visiting place_id 1, especially on Sundays, as seen in both history and context. Place_id 1006 is frequently visited during weekdays, particularly on Mondays and Tuesdays. Place_id 1147 is also a common late-night destination. The context shows recent visits to place_id 1, reinforcing its likelihood. Other places like 960 and 976 have occasional visits, but less frequently than the top three."
40,1,"[1, 1006, 1147, 960, 976, 1003, 517, 0, 2, 3]","The user has a strong pattern of visiting place_id 1 frequently, especially on Sundays, as seen in both history and context. Place_id 1006 is also a common destination, visited multiple times throughout the week. Place_id 1147 is visited late at night, indicating a possible preference for evening visits. Other places like 960 and 976 have been visited but less frequently, while 1003 and 517 are less common but still relevant. The context shows recent activity at place_id 1, reinforcing its likelihood as the next destination."
40,1,"[1006, 1, 1147, 960, 1003, 976, 517, 1006, 1006, 1006]","The user has a strong pattern of visiting place_id 1006 frequently across various days and times, especially on weekdays. The context shows recent visits to place_id 1, indicating a possible shift or interest in that location. Place_id 1147 is also visited late at night, suggesting it may be a common choice for evening activities. The user has shown a consistent pattern of returning to familiar places, particularly 1006, which is likely to be their next destination."
40,1,"[1006, 1, 1147, 960, 976, 1003, 517, 1006, 1006, 1006]","The user has a strong pattern of visiting place_id 1006 frequently across various days and times, especially on weekdays. The context shows recent visits to place_id 1, indicating a possible shift or interest in that location. Place_id 1147 is also visited late at night, suggesting it may be a common choice for evening activities. The user has shown a consistent pattern of returning to familiar places, particularly 1006, which is likely to be their next destination."
40,1,"[1, 1006, 1147, 960, 976, 1003, 517, 0, 2, 3]","The user has a strong pattern of visiting place_id 1 frequently, especially on Sundays and Mondays, as seen in both history and context. Place_id 1006 is also a common destination, visited multiple times throughout the week, particularly on weekdays. Place_id 1147 appears regularly late at night, indicating a possible late-night destination. The context shows recent visits to place_id 1, reinforcing its likelihood. Other places like 960 and 976 have been visited but less frequently, making them less probable. The predictions are ranked based on the frequency and recency of visits."
40,1,"[1, 1006, 1147, 960, 976, 1003, 517, 0, 2, 3]","The user has a strong pattern of visiting place_id 1 frequently, especially on Sundays and Tuesdays, as seen in both history and context. Place_id 1006 is also a common destination, visited multiple times throughout the week, particularly on weekdays. Place_id 1147 is visited late at night, indicating a possible preference for evening activities. The context shows recent visits to place_id 1, reinforcing its likelihood as the next destination. Other places like 960, 976, and 1003 have been visited but less frequently, making them less probable."
40,1,"[1006, 1, 1147, 960, 1003, 976, 517, 1006, 1006, 1006]","The user has a strong pattern of visiting place_id 1006 frequently across various days and times, especially on weekdays. The recent context shows multiple visits to place_id 1, indicating a possible shift in preference, but the historical data suggests that 1006 remains the most likely next location. Place_id 1147 is also frequently visited late at night, while 960 and 1003 have occasional visits, making them less likely but still relevant. The user has shown a consistent pattern of returning to familiar places, particularly 1006."
40,1,"[1, 1006, 1147, 960, 976, 1003, 517, 0, 2, 3]","The user has a strong pattern of visiting place_id 1 frequently, especially late at night and on weekends. Place_id 1006 is also a common destination, visited multiple times throughout the week, particularly on weekdays. Place_id 1147 is visited late at night, indicating a preference for nighttime activities. The recent context shows the user has been at place_id 1, suggesting a likelihood of returning there. Other places like 960 and 976 have been visited but less frequently, making them less likely next choices."
40,1,"[1006, 1, 1147, 960, 1003, 976, 517, 1006, 1006, 1006]","The user has a strong pattern of visiting place_id 1006 frequently across various days and times, especially on weekdays. The recent context shows multiple stays at place_id 1, indicating a potential shift or additional interest in that location. Place_id 1147 is also visited regularly, particularly late at night. The user has shown a consistent pattern of returning to familiar places, especially during morning and late-night hours."
40,1,"[1006, 1, 1147, 960, 1003, 976, 517, 1006, 1006, 1006]","The user has a strong pattern of visiting place 1006 frequently across various days and times, especially on weekdays. The recent context shows multiple stays at place 1, indicating a potential shift or interest in that location. Place 1147 is also visited late at night, suggesting it may be a common choice for evening activities. The user has shown some visits to places 960, 1003, and 976, but these are less frequent compared to the top places. Overall, the predictions are based on the frequency and recency of visits to these locations."
40,1,"[1, 1006, 1147, 960, 976, 1003, 517, 0, 2, 3]","The user has a strong pattern of visiting place_id 1 frequently, especially on weekends and late nights, as seen in both history and context. Place_id 1006 is also a common location for the user, visited multiple times during weekdays. Place_id 1147 appears frequently during late hours, indicating a possible nightlife pattern. Other places like 960 and 976 have been visited but less frequently, suggesting they are less likely next choices. The context shows recent stays at place_id 1, reinforcing its likelihood as the next destination."
40,1,"[1006, 1, 1147, 960, 1003, 976, 517, 1006, 1006, 1006]","The user has a strong pattern of visiting place 1006 frequently across various days and times, especially on weekdays. The recent context shows multiple stays at place 1, indicating a possible shift in preference, but the historical data suggests that place 1006 remains the most likely next location. Place 1147 is also frequently visited late at night, while places 960 and 1003 have occasional visits, making them less likely but still relevant. The user has shown a consistent pattern of returning to familiar places, particularly 1006."
40,1,"[1, 1006, 1147, 960, 976, 1003, 517, 0, 0, 0]","The user has a strong pattern of visiting place_id 1 frequently, especially during late hours and weekends. Place_id 1006 is also a common destination, visited multiple times throughout the week, particularly on weekdays. Place_id 1147 is visited late at night, indicating a preference for this location during those hours. The context shows recent visits to place_id 1, reinforcing its likelihood as the next destination. Other places like 960 and 976 have been visited but less frequently, making them less likely compared to the top predictions."
40,1,"[1, 1006, 1147, 960, 976, 1003, 918, 31, 63, 82]","The user has a strong pattern of visiting place_id 1 frequently, especially on weekends, as seen in both history and context. Place_id 1006 is also a common location for the user, visited multiple times during the week. Place_id 1147 appears frequently late at night, indicating a possible preference for late visits. Other places like 960 and 976 have been visited, but less frequently. The context shows recent visits to place_id 1, reinforcing its likelihood as the next destination."
40,1,"[1, 1006, 1147, 960, 976, 1003, 517, 0, 0, 0]","The user has a strong pattern of visiting place_id 1 frequently, especially on weekends, as seen in both history and context. Place_id 1006 is also a common location for the user, visited multiple times during weekdays. Place_id 1147 appears regularly late at night, indicating a possible preference for late visits. Other places like 960, 976, and 1003 have been visited but less frequently, while 517 was visited early in the morning, suggesting it may be less likely for the next visit."
40,1,"[1, 1006, 1147, 960, 1003, 976, 517, 1005, 1004, 1002]","The user has a strong pattern of visiting place_id 1 frequently, especially on weekends and late evenings, as seen in both history and context. Place_id 1006 is also a common location for the user, visited multiple times during weekdays and weekends. Place_id 1147 is visited late at night, indicating a preference for this location during those hours. Other places like 960 and 1003 have been visited but less frequently, while 976 and 517 have some recent context relevance. The context shows a recent visit to place_id 1, reinforcing its likelihood as the next destination."
40,1006,"[1, 1006, 1147, 960, 1003, 976, 1005, 517, 1000, 1001]","The user has a strong pattern of visiting place_id 1 frequently, especially on weekends and late evenings, as seen in both history and context. Place_id 1006 is also a common choice, visited multiple times throughout the week, particularly on weekdays. Place_id 1147 is visited late at night, indicating a preference for nighttime activities. Other places like 960 and 1003 have been visited but less frequently, while 976 and 1005 are recent context stays that suggest a potential return. The remaining IDs are less likely but included for variety based on historical data."
40,1,"[1006, 1, 1147, 960, 1003, 976, 1005, 1004, 1002, 1001]","The user has a strong pattern of visiting place 1006 frequently across various days and times, especially on weekdays. The recent context shows visits to place 1, which is also a common location in the user's history. Place 1147 is another frequent destination, particularly at night. The user has shown a preference for these places, indicating a high likelihood of returning to them soon."
40,1006,"[1, 1006, 1147, 960, 1003, 976, 1005, 30, 544, 586]","The user has a strong pattern of visiting place_id 1 and 1006 frequently across various days and times, especially on weekends and Mondays. Recent context shows a visit to place_id 1, indicating a likelihood of returning there. Place_id 1147 is also visited late at night, suggesting it could be a common choice for evening activities. Other places like 960, 1003, and 976 have been visited but less frequently, while the context includes recent stays at 1005, 30, and 544, which may indicate potential new interests or patterns."
40,1,"[1006, 1, 1147, 960, 1003, 976, 517, 1005, 1004, 1002]","The user has a strong pattern of visiting place_id 1006, especially on weekdays and during morning hours. Recent context shows visits to place_id 1 and 1006, indicating a preference for these locations. Place_id 1147 is frequently visited late at night, while 960 and 1003 are also noted in the history. The user has shown a consistent pattern of returning to familiar places, particularly 1006 and 1, which are likely to be the next destinations."
40,1006,"[1006, 1, 1147, 960, 1003, 976, 517, 1006, 1006, 1006]","The user has a strong pattern of visiting place 1006 frequently across various days and times, especially on weekdays. Recent context shows visits to places 1 and 1006, indicating a likelihood of returning to these locations. Place 1147 is also visited late at night, suggesting it may be a common choice for evening activities. The user has shown a consistent preference for these places, making them the most probable next locations."
40,1,"[1006, 1, 1147, 960, 976, 1003, 517, 1006, 1006, 1006]","The user has a strong pattern of visiting place_id 1006, especially on weekdays and weekends, as seen in both history and context. Place_id 1 is frequently visited late at night, while 1147 is also a common late-night destination. Place_id 960 and 976 appear occasionally, indicating some variability in the user's routine. The recent context shows continued visits to 1006, reinforcing its likelihood as the next destination."
40,1006,"[1006, 1, 1147, 960, 976, 1003, 517, 1006, 1006, 1006]","The user has a strong pattern of visiting place_id 1006, especially on weekdays and during morning hours, as seen in both history and context. Place_id 1 is frequently visited late at night and on weekends, making it a likely candidate. Place_id 1147 is also visited late at night, while place_id 960 and 976 have occasional visits, indicating potential interest. The recent context shows continued activity at place_id 1 and 1006, reinforcing their likelihood."
40,1,"[1006, 1, 1147, 960, 976, 1003, 517, 783, 650, 737]","The user has a strong pattern of visiting place_id 1006, especially on weekdays and during morning hours, as seen in both history and context. Place_id 1 is frequently visited late at night and on weekends, while place_id 1147 is also a common late-night destination. Other places like 960 and 976 have occasional visits, but the primary focus remains on 1006 and 1 based on the user's activity pattern."
40,1006,"[1006, 1, 1147, 960, 976, 1003, 517, 1006, 1006, 1006]","The user has a strong pattern of visiting place 1006 frequently, especially on weekdays and during morning hours. Recent context shows continued visits to places 1 and 1006, indicating a preference for these locations. Place 1147 is also visited late at night, suggesting it may be a common choice for evening activities. The user has shown varied activity at places 960, 976, and 1003, but the consistent pattern of returning to 1006 and 1 makes them the most likely next destinations."
40,1144,"[1006, 1, 1147, 960, 976, 1003, 517, 1006, 1006, 1006]","The user has a strong pattern of visiting place_id 1006, especially on weekdays and weekends, as seen in both history and context. Place_id 1 is frequently visited late at night and on weekends, indicating a social or leisure activity. Place_id 1147 is also visited regularly, particularly late at night. The user has shown some visits to place_id 960 and 976, but less frequently. The recent context stays reinforce the likelihood of returning to 1006 and 1."
40,1,"[1006, 1, 1147, 960, 1144, 1003, 976, 517, 1000, 1001]","The user has a strong pattern of visiting place_id 1006, especially on weekdays and weekends, indicating it is a preferred location. Recent context shows visits to place_id 1 and 1006, reinforcing their likelihood. Place_id 1147 is also frequently visited late at night, while 960 appears in the morning. Place_id 1144 is noted in recent context, suggesting potential interest."
40,1006,"[1006, 1, 1147, 960, 1144, 1003, 976, 517, 1006, 1006]","The user has a strong pattern of visiting place_id 1006 frequently across various days and times, especially on weekdays. Recent context shows continued visits to 1006, indicating it remains a preferred location. Place_id 1 is also visited regularly, particularly late at night, suggesting it may be a social or leisure spot. Place_id 1147 is visited often late at night, indicating it may be a popular choice for evening activities. Place_id 960 appears in the history as a morning visit, suggesting it may be a common stop. Place_id 1144 was visited recently, indicating potential interest. Other places like 1003 and 976 have occasional visits, but less frequently than the top candidates."
40,1147,"[1006, 1, 1147, 960, 976, 1003, 1144, 1001, 1002, 1005]","The user has a strong pattern of visiting place_id 1006 frequently across various days and times, especially on weekdays. Recent context shows a visit to 1006 on Friday, indicating continued interest. Place_id 1 is also visited regularly, particularly late at night, and appears in both history and context. Place_id 1147 is visited late at night and has a consistent presence in the user's history. Other places like 960 and 976 have been visited but less frequently, making them less likely. The user seems to favor certain places during specific times, particularly 1006 during mornings and 1 during late nights."
40,1,"[1006, 1, 1147, 960, 1144, 1003, 976, 517, 1001, 1002]","The user has a strong pattern of visiting place_id 1006 frequently across various days and times, especially on weekdays. Recent context shows a visit to 1006 on Friday, indicating continued preference. Place_id 1 is also visited regularly, particularly on weekends, and has recent context activity. Place_id 1147 is visited late at night, suggesting it may be a popular choice for late activities. Other places like 960 and 1144 have been visited but less frequently, while 1003 and 976 have some weekend activity. The remaining IDs are less likely based on historical data."
40,1006,"[1006, 1, 1147, 960, 1144, 1003, 976, 517, 1000, 1001]","The user has a strong pattern of visiting place_id 1006 frequently across various days and times, especially on Mondays and Wednesdays. The recent context shows a visit to place_id 1144 on Saturday, which may indicate a new interest, but the user has also returned to place_id 1 and 1147 recently. Given the historical data, place_id 1006 remains the most likely next location, followed by the other places that have been visited recently."
40,1,"[1006, 1, 1147, 960, 976, 1003, 701, 552, 807, 125]","The user has a strong pattern of visiting place_id 1006 frequently across various days and times, especially on Mondays and Tuesdays. Recent context shows a visit to place_id 1006 on Monday morning, reinforcing its likelihood. Place_id 1 is also visited regularly, particularly late at night, and appears in both history and context. Place_id 1147 is visited late at night and has a consistent presence in the user's history. Other places like 960 and 976 have been visited but less frequently, while 701 and 552 are recent context stays that could indicate potential next visits."
40,1006,"[1006, 1147, 1, 960, 976, 1003, 701, 807, 125, 442]","The user has a strong pattern of visiting place_id 1006, especially on weekdays and weekends, indicating it is a preferred location. Place_id 1147 is frequently visited late at night, suggesting it may be a social or leisure spot. Place_id 1 appears multiple times, indicating it may be a home or a regular stop. The context shows recent visits to 1006 and 1147, reinforcing their likelihood. Other places like 960 and 976 have also been visited, but less frequently."
40,1,"[1006, 1, 1147, 960, 976, 1003, 701, 583, 517, 125]","The user has a strong pattern of visiting place_id 1006, especially on weekdays and weekends, indicating it is a preferred location. Recent context shows visits to place_id 1 and 1147, suggesting they are also likely candidates. The user has also visited place_id 960 and 976 in the past, which may indicate occasional visits. The context includes a recent visit to place_id 701, which could suggest a shift in preference, while place_id 583 and 517 have historical significance but less frequent visits."
40,1006,"[1006, 1, 1147, 960, 976, 1003, 701, 442, 563, 831]","The user has a strong pattern of visiting place 1006 frequently, especially on weekdays and during morning hours. Recent context shows visits to places 1 and 1006, indicating a preference for these locations. Place 1147 is also visited late at night, suggesting it may be a common choice for evening activities. Other places like 960 and 976 have been visited but less frequently, while context visits to places 701, 442, 563, and 831 suggest potential interest in these locations as well."
40,1,"[1006, 1, 1147, 960, 976, 1003, 517, 1006, 1006, 1006]","The user has a strong pattern of visiting place_id 1006, especially on weekdays and during morning hours, as seen in both history and context. Place_id 1 is frequently visited late at night and on weekends, making it a likely candidate. Place_id 1147 is also visited regularly, particularly late at night. Other places like 960, 976, and 1003 have occasional visits, but their frequency is lower compared to the top places."
40,1006,"[1006, 1, 1147, 960, 976, 1003, 517, 1006, 1006, 1006]","The user has a strong pattern of visiting place 1006 frequently across various days and times, especially on Wednesdays and Thursdays. Recent context stays also indicate visits to places 1 and 1006, suggesting a likelihood of returning to these locations. Place 1147 is also frequently visited late at night, while places 960 and 976 have been visited in the past, indicating potential for future visits. The consistent pattern of stays reinforces the prediction of these places."
40,1,"[1006, 1, 1147, 960, 976, 1003, 517, 1006, 1006, 1006]","The user has a strong pattern of visiting place_id 1006, especially on weekdays and weekends, as seen in both history and context. Place_id 1 is frequently visited late at night and on weekends, indicating a social or leisure activity. Place_id 1147 is also visited regularly, particularly late at night. The user has shown some visits to place_id 960 and 976, suggesting they may be secondary options. The recent context stays reinforce the likelihood of returning to 1006 and 1."
40,1006,"[1006, 1, 1147, 960, 976, 1003, 517, 1006, 1006, 1006]","The user has a strong pattern of visiting place_id 1006 frequently across various days and times, especially on weekdays. Recent context stays also indicate a return to place_id 1, which has been visited multiple times in the past. Place_id 1147 is another frequent location, particularly during late hours. The user has shown a tendency to visit these places repeatedly, suggesting a high likelihood of returning to them."
40,960,"[1006, 1, 1147, 960, 976, 1003, 517, 1006, 1006, 1006]","The user has a strong pattern of visiting place_id 1006 frequently across various days and times, especially on weekdays and weekends. Recent context stays also show a visit to 1006, reinforcing its likelihood. Place_id 1 is another frequent location, particularly during late hours, while 1147 is visited often at night. Other places like 960 and 976 have occasional visits, but their frequency is lower compared to the top predictions."
40,1,"[1006, 1, 1147, 960, 976, 1003, 517, 1006, 1006, 1006]","The user has a strong pattern of visiting place_id 1006 frequently across various days and times, especially on weekdays and weekends. The context shows recent visits to place_id 1 and 1006, indicating a likelihood of returning to these places. Place_id 1147 and 960 also appear multiple times in the history, suggesting they are potential next locations. The user seems to favor these places based on their activity pattern."
40,1006,"[1006, 1, 1147, 960, 976, 1003, 517, 1006, 1006, 1006]","The user has a strong pattern of visiting place_id 1006 frequently across various days and times, especially on weekdays and weekends. Recent context shows continued visits to 1006, indicating it is a preferred location. Place_id 1 is also visited regularly, particularly on weekends, making it a likely next stop. Place_id 1147 appears frequently in the history, especially late at night, suggesting it could be a potential choice as well. Other places like 960 and 976 have been visited but less frequently, making them less likely but still possible options."
40,1,"[1006, 1, 1147, 960, 976, 1003, 517, 1006, 1006, 1006]","The user has a strong pattern of visiting place_id 1006 frequently across various days and times, especially on weekdays. Recent context shows a visit to place_id 1006 on Saturday morning, indicating continued preference. Place_id 1 is also visited regularly, particularly on weekends, making it a likely next stop. Place_id 1147 appears frequently late at night, suggesting it may be a common destination for evening activities. Place_id 960 has been visited in the early morning, aligning with the user's recent context. Other places like 976 and 1003 have occasional visits, but less frequently than the top candidates."
40,1,"[1006, 1, 960, 1147, 1003, 976, 517, 1006, 1006, 1006]","The user has a strong pattern of visiting place 1006 frequently across various days and times, especially on weekdays. Recent context shows a visit to 1006 on Saturday morning, indicating a continued preference. Place 1 is also visited regularly, particularly late at night, and has recent context visits. Place 960 appears in both history and context, suggesting it may be a secondary choice. Place 1147 is visited often late at night, while places 1003 and 976 have some historical relevance but less frequency. The predictions reflect the user's established patterns and recent activities."
40,1,"[1006, 1, 1147, 960, 1003, 976, 517, 1006, 1006, 1006]","The user has a strong pattern of visiting place_id 1006 frequently across various days and times, especially on weekdays. Recent context shows visits to place_id 960 and 1, indicating a potential shift or variation in routine. However, the consistent preference for 1006 suggests it remains the most likely next location."
40,1006,"[1006, 1, 1147, 960, 976, 1003, 517, 1006, 1006, 1006]","The user has a strong pattern of visiting place_id 1006 frequently across various days and times, especially on weekdays. Recent context shows visits to place_id 1, which is also a common location in the user's history. Place_id 1147 appears regularly in the user's history, particularly late at night. The user also has visits to place_id 960 and 976, indicating a diverse range of locations but with a clear preference for 1006."
40,1147,"[1006, 1, 1147, 960, 1003, 976, 517, 1006, 1006, 1006]","The user has a strong pattern of visiting place_id 1006, especially on weekdays and during morning hours, as seen in both history and context. Place_id 1 is frequently visited late at night and early morning, indicating a potential for late-night or early-morning visits. Place_id 1147 is also visited regularly, particularly at night. The user has shown some activity at place_id 960 and 1003, but less frequently. The recent context indicates a return to place_id 1006, reinforcing its likelihood as the next destination."
40,1,"[1006, 1, 1147, 960, 976, 1003, 517, 1006, 1006, 1006]","The user has a strong pattern of visiting place 1006 frequently, especially on Wednesdays and Mondays, as seen in both history and context. Place 1 is also visited multiple times recently, indicating a potential return. Place 1147 is visited late at night, aligning with the context stays. Other places like 960 and 976 have been visited but less frequently, suggesting they are less likely next choices."
40,1006,"[1006, 1, 1147, 960, 1003, 976, 517, 1006, 1006, 1006]","The user has a strong pattern of visiting place 1006 frequently, especially on Wednesdays and Mondays, indicating a high likelihood of returning there. Place 1 is also visited multiple times recently, suggesting it could be a next stop. Place 1147 has been visited late at night, which aligns with the user's recent context stays. Other places like 960, 1003, and 976 have been visited but less frequently, making them less likely but still possible options."
40,1,"[1006, 1, 1147, 960, 1003, 976, 517, 1006, 1006, 1006]","The user has a strong pattern of visiting place 1006 frequently across various days and times, especially on Wednesdays and Thursdays. Recent context stays also indicate visits to places 1 and 1147, suggesting they are likely candidates as well. The user has shown a preference for early morning and late-night visits, which aligns with the recent stays in the context."
40,960,"[1006, 1147, 1, 960, 976, 1003, 517, 1006, 1006, 1006]","The user has a strong pattern of visiting place_id 1006, especially on weekdays and weekends, indicating it is a preferred location. Place_id 1147 is frequently visited late at night, suggesting it may be a social or leisure spot. Place_id 1 appears in both history and context, indicating recent activity. Place_id 960 and 976 are also visited but less frequently, while place_id 1003 and 517 have limited visits, making them less likely. The context shows continued activity at 1006 and 1147, reinforcing their likelihood."
40,1,"[1006, 1, 1147, 960, 976, 1003, 517, 1006, 1006, 1006]","The user has a strong pattern of visiting place_id 1006 frequently across various days and times, especially on weekdays. Recent context shows continued visits to place_id 1 and 1147, indicating they are also likely candidates. Place_id 960 appears in both history and context, suggesting a potential visit. The user has shown a consistent pattern of returning to familiar places, particularly 1006, which is the most probable next location."
40,1,"[1006, 1, 1147, 960, 1003, 976, 517, 1006, 1006, 1006]","The user has a strong pattern of visiting place_id 1006, especially on weekdays and weekends, indicating it is a preferred location. Recent context shows visits to place_id 1 and 960, suggesting they are also likely candidates. Place_id 1147 has been visited frequently late at night, while 1003 and 976 have been visited during early mornings and weekends, respectively. The consistent pattern of returning to these places supports their likelihood as the next destination."
40,1006,"[1006, 1, 960, 1147, 1003, 976, 517, 1006, 1006, 1006]","The user has a strong pattern of visiting place_id 1006 frequently across various days and times, especially on weekdays. Recent context stays also indicate a return to place_id 1006, reinforcing its likelihood as the next destination. Place_id 1 and 960 are also visited regularly, particularly on weekends and mornings, making them probable options as well. Place_id 1147 has been visited late at night, suggesting it could be a potential choice for evening activities."
40,1,"[1006, 1, 1147, 960, 976, 1003, 517, 1006, 1006, 1006]","The user has a strong pattern of visiting place 1006 frequently across various days and times, especially on weekdays. Recent context shows a visit to place 1 and 960, indicating potential for return. Place 1147 is also visited late at night, suggesting it may be a common late-night destination. The user has shown varied activity at places 976 and 1003, but the consistent visits to 1006 make it the most likely next location."
40,1006,"[1006, 1, 960, 1147, 1003, 976, 517, 1006, 1006, 1006]","The user has a strong pattern of visiting place 1006 frequently, especially on weekdays and weekends, indicating it is a preferred location. Recent context shows visits to places 960 and 1, suggesting they are also likely candidates. The user has a consistent routine with visits to 1147 and 1003, but less frequently. The high frequency of stays at 1006 in both history and context makes it the most probable next location."
40,1,"[1006, 1, 1147, 960, 1003, 976, 517, 1006, 1006, 1006]","The user has a strong pattern of visiting place 1006 frequently across various days and times, especially on Wednesdays and Thursdays. Recent context shows continued visits to places 1 and 1006, indicating a preference for these locations. Place 1147 is also visited regularly, particularly late at night. The user has shown a tendency to return to familiar places, especially during the morning and late evening hours."
40,1,"[1006, 1, 1147, 960, 976, 1003, 517, 1006, 1006, 1006]","The user has a strong pattern of visiting place_id 1006, especially on weekdays and weekends, indicating it is a preferred location. Recent context shows continued visits to both place_id 1 and 1006, suggesting these are likely next destinations. Place_id 1147 is also frequently visited late at night, making it a probable choice. Other places like 960 and 976 have occasional visits, but less frequently than the top three."
40,1006,"[1006, 1, 1147, 960, 976, 1003, 517, 1006, 1006, 1006]","The user has a strong pattern of visiting place_id 1006 frequently across various days and times, especially on weekdays. Recent context stays also indicate a return to this place, reinforcing its likelihood. Place_id 1 is visited often as well, particularly late at night, making it a probable next stop. Place_id 1147 is another frequent location, especially during late hours. Other places like 960 and 976 have occasional visits, but their frequency is lower compared to the top predictions."
40,1,"[1006, 1, 1147, 960, 976, 1003, 517, 1006, 1006, 1006]","The user has a strong pattern of visiting place_id 1006 frequently across various days and times, especially on weekdays. Recent context stays also indicate visits to place_id 1 and 1006, suggesting these are likely candidates for the next location. Place_id 1147 is also frequently visited late at night, while 960 and 976 have been visited in the past, making them potential options as well."
40,1,"[1006, 1, 1147, 960, 976, 1003, 517, 1006, 1006, 1006]","The user has a strong pattern of visiting place_id 1006 frequently across various days and times, especially on weekdays. Recent context also shows a visit to 1006, reinforcing its likelihood. Place_id 1 is visited often as well, particularly late at night, making it a probable next location. Place_id 1147 is also a common late-night destination. Other places like 960 and 976 have been visited but less frequently, thus they are lower in the ranking."
40,1006,"[1006, 1, 1147, 960, 976, 1003, 517, 1006, 1006, 1006]","The user has a strong pattern of visiting place_id 1006 frequently across various days and times, especially on Mondays and Wednesdays. Recent context shows a visit to place_id 1, which is also a common location in the user's history. Place_id 1147 appears regularly in the user's history, particularly late at night, indicating it may be a preferred location for evening visits. Other places like 960 and 976 have been visited but less frequently, suggesting they are less likely next choices. The consistent pattern of returning to 1006 makes it the most probable next location."
40,1,"[1006, 1, 1147, 960, 976, 1003, 517, 1006, 1006, 1006]","The user has a strong pattern of visiting place_id 1006 frequently across various days and times, especially on Mondays and Tuesdays. Recent context stays also indicate visits to place_id 1, which is another frequently visited location. Place_id 1147 appears regularly in the history, particularly late at night, suggesting it may be a common destination. The user has shown a consistent pattern of returning to these places, making them the most likely next locations."
40,1006,"[1006, 1, 1147, 960, 976, 1003, 517, 1006, 1006, 1006]","The user has a strong pattern of visiting place_id 1006, especially on weekdays and during morning hours. Recent context shows continued visits to 1006, indicating it is likely their next destination. Place_id 1 is also frequently visited, particularly late at night, making it a probable choice. Place_id 1147 has been visited multiple times late at night, suggesting it could be a potential next stop. Other places like 960, 976, and 1003 have occasional visits but are less frequent compared to the top places."
40,1,"[1006, 1, 1147, 960, 976, 1003, 517, 1006, 1006, 1006]","The user has a strong pattern of visiting place_id 1006, especially on weekdays and mornings, as seen in both history and context. Place_id 1 is frequently visited late at night and early mornings, making it a likely candidate. Place_id 1147 is also visited regularly, particularly late at night. Other places like 960, 976, and 1003 have occasional visits, but their frequency is lower compared to the top places."
40,1006,"[1006, 1, 1147, 960, 976, 1003, 517, 1006, 1006, 1006]","The user has a strong pattern of visiting place_id 1006 frequently across various days and times, especially on weekdays. Recent context shows visits to place_id 1 and 1006, indicating a likelihood of returning to these places. Place_id 1147 is also visited regularly, particularly late at night. The user has shown a preference for early morning visits to place_id 960 and has also visited place_id 976 and 1003 on weekends, suggesting these could be potential next locations."
40,332,"[1006, 1, 1147, 960, 976, 1003, 541, 606, 818, 814]","The user has a strong pattern of visiting place_id 1006, especially on weekdays and mornings, as seen in both history and context. Place_id 1 is frequently visited on weekends and late nights, while 1147 is a common late-night destination. The recent context shows continued visits to 1006 and 1, indicating these are likely next stops. Other places like 960, 976, and 1003 have occasional visits, but their frequency is lower compared to the top predictions."
40,1,"[1006, 1, 1147, 960, 332, 1003, 976, 517, 1006, 1006]","The user has a strong pattern of visiting place_id 1006 frequently across various days and times, especially on Wednesdays and Thursdays. Recent context also shows visits to place_id 1006, reinforcing its likelihood. Place_id 1 is also visited regularly, particularly late at night, making it a strong candidate. Place_id 1147 is visited often late at night, while place_id 960 appears in the history as a morning visit. The context includes a recent visit to place_id 332, which could indicate a new interest. Overall, the predictions are based on the frequency and timing of past visits."
40,1,"[1006, 1, 1147, 960, 332, 976, 1003, 667, 517, 1006]","The user has a strong pattern of visiting place_id 1006 frequently across various days and times, especially on weekdays. Recent context shows a visit to 1006 at 10:07 AM on Wednesday, reinforcing its likelihood. Place_id 1 is also visited regularly, particularly on weekends, and appears in the context as well. Place_id 1147 is another frequent location, especially late at night. Other places like 960 and 332 have been visited but less frequently, while 976 and 1003 have some recent context relevance. The prediction prioritizes places based on historical frequency and recent context activity."
40,1,"[1006, 1, 1147, 960, 332, 976, 1003, 517, 1006, 1006]","The user has a strong pattern of visiting place_id 1006 frequently across various days and times, especially on weekdays. Recent context stays also indicate visits to place_id 1 and 1006, suggesting a likelihood of returning to these places. Place_id 1147 is also a common location in the user's history, particularly during late hours. The user has shown some activity at place_id 960 and 332 recently, which may indicate potential future visits. Overall, the predictions are based on the frequency and recency of visits to these places."
40,1,"[1006, 1, 1147, 960, 332, 1003, 976, 517, 1006, 1006]","The user has a strong pattern of visiting place_id 1006 frequently across various days and times, especially on weekdays. Recent context shows a visit to place_id 1006 at 11:10 AM on Thursday, indicating a likelihood of returning there. Place_id 1 is also visited multiple times, particularly on weekends, making it a probable next location. Place_id 1147 is visited late at night, suggesting it could be a common choice for evening activities. Other places like 960 and 332 have been visited recently, adding to their probability."
40,1006,"[1006, 1, 1147, 960, 332, 1003, 976, 517, 1006, 1006]","The user has a strong pattern of visiting place_id 1006 frequently across various days and times, particularly on weekdays. The recent context shows visits to place_id 1, which is also a common location in the user's history. Place_id 1147 appears regularly in the user's history, especially during late hours. The user has also visited place_id 960, which is noted on Fridays. The context includes a recent visit to place_id 332, suggesting it may be a potential next stop. Overall, the predictions are based on the frequency and timing of past visits."
40,1,"[1006, 1, 1147, 960, 976, 1003, 517, 1006, 1006, 1006]","The user has a strong pattern of visiting place 1006 frequently across various days and times, especially on weekdays. Recent context shows visits to place 1, which is also a common location in the user's history. Place 1147 is visited late at night, indicating a potential for evening visits. The user has also shown interest in places 960 and 976, suggesting they may be considered as alternatives. Overall, the predictions are based on the frequency and timing of past visits."
40,1006,"[1006, 1, 1147, 960, 976, 1003, 517, 1006, 1006, 1006]","The user has a strong pattern of visiting place_id 1006 frequently across various days and times, especially on weekdays. Recent context stays also indicate a visit to place_id 1, which is a common location for the user. Place_id 1147 is another frequent location, particularly during late hours. The user has shown a tendency to return to familiar places, especially on Sundays and Tuesdays, which aligns with the recent context stays."
40,1,"[1006, 1, 1147, 960, 976, 1003, 517, 1006, 1006, 1006]","The user has a strong pattern of visiting place_id 1006 frequently across various days and times, especially on weekdays. Recent context shows visits to place_id 1, which is also a common location in the user's history. Place_id 1147 appears regularly in the user's history, particularly at night. The user also has some visits to place_id 960 and 976, indicating they are potential candidates for future visits. The consistent pattern of returning to place_id 1006 makes it the most likely next location."
40,1006,"[1006, 1, 1147, 960, 976, 1003, 517, 1006, 1006, 1006]","The user has a strong pattern of visiting place_id 1006 frequently across various days and times, especially on weekdays. Recent context shows visits to place_id 1 and 1006, indicating a likelihood of returning to these places. Place_id 1147 is also visited regularly, particularly late at night. The user has shown a tendency to visit place_id 960 and 976, but less frequently. Overall, the consistent visits to 1006 and the recent context suggest it is the most probable next location."
40,1,"[1006, 1, 1147, 960, 976, 1003, 517, 1006, 1, 1147]","The user has a strong pattern of visiting place_id 1006 frequently across various days and times, especially on weekends and Mondays. Recent context shows continued visits to 1006, indicating it is a likely next location. Place_id 1 is also visited regularly, particularly on weekends, making it a probable choice. Place_id 1147 is visited late at night, suggesting it could be a destination after other activities. Other places like 960, 976, and 1003 have less frequent visits but are still relevant based on historical patterns."
40,1006,"[1006, 1, 1147, 960, 976, 1003, 517, 1006, 1006, 1006]","The user has a strong pattern of visiting place 1006 frequently across various days and times, especially on weekdays. Recent context shows visits to places 1 and 1006, indicating a preference for these locations. Place 1147 is also visited regularly, particularly late at night. The user has shown a tendency to return to familiar places, especially on weekends and Mondays, which supports the prediction of these locations."
40,1,"[1006, 1, 1147, 960, 976, 1003, 517, 1006, 1006, 1006]","The user has a strong pattern of visiting place_id 1006 frequently across various days and times, especially on weekends and Mondays. Recent context shows visits to 1006 on Saturday and Sunday, indicating a continued preference. Place_id 1 is also visited regularly, particularly on weekends, making it a likely next stop. Place_id 1147 appears frequently late at night, suggesting it could be a destination after other activities. Other places like 960 and 976 have been visited but less frequently, making them less likely but still possible options."
40,1006,"[1006, 1, 1147, 960, 976, 1003, 517, 1006, 1006, 1006]","The user has a strong pattern of visiting place_id 1006 frequently, especially on weekdays and weekends, indicating it is a preferred location. Place_id 1 is also visited regularly, particularly on Sundays. Place_id 1147 shows consistent late-night visits, suggesting it may be a popular spot for the user. The context data indicates recent visits to place_id 1 and 1006, reinforcing their likelihood as next destinations. Other places like 960, 976, and 1003 have been visited but less frequently, making them less likely but still possible options."
40,1,"[1006, 1, 1147, 960, 976, 1003, 517, 1006, 1006, 1006]","The user has a strong pattern of visiting place_id 1006 frequently across various days and times, especially on weekdays. Recent context shows visits to 1006 as well, indicating a continued preference. Place_id 1 is also visited regularly, particularly on weekends, making it a likely candidate. Place_id 1147 appears frequently in the history, especially late at night, suggesting it could be a common destination. Other places like 960 and 976 have occasional visits, but their frequency is lower compared to the top candidates."
40,1006,"[1006, 1, 1147, 960, 976, 1003, 517, 1006, 1006, 1006]","The user has a strong pattern of visiting place_id 1006, especially on weekdays and mornings, as seen in both history and context. Place_id 1 is frequently visited as well, particularly on weekends and mornings. Place_id 1147 is also a common late-night destination. The recent context shows visits to place_id 1 and 1006, reinforcing their likelihood. Other places like 960 and 976 have occasional visits but are less frequent."
40,1,"[1006, 1, 1147, 960, 976, 1003, 837, 555, 821, 822]","The user has a strong pattern of visiting place_id 1006, especially on weekdays and mornings, as seen in both history and context. Place_id 1 is frequently visited on weekends and mornings, while 1147 is visited late at night. The context shows recent visits to 1006 and 1, indicating a preference for these places. Other places like 960 and 976 have occasional visits, but less frequently than the top predictions."
40,1006,"[1006, 1, 1147, 960, 976, 1003, 1006, 1006, 1006, 1006]","The user has a strong pattern of visiting place_id 1006, especially on weekdays and mornings, as seen in both history and context. Place_id 1 is frequently visited in the mornings and evenings, indicating a potential routine. Place_id 1147 is also visited late at night, suggesting it may be a common destination for the user. The other place_ids have less frequent visits but are still relevant based on recent context stays."
40,1147,"[1006, 1, 1147, 960, 976, 1003, 822, 843, 821, 536]","The user has a strong pattern of visiting place_id 1006 frequently across various days and times, especially on weekdays. Recent context shows visits to place_id 1006 and 1, indicating continued interest in these locations. Place_id 1147 is also visited regularly, particularly late at night. The user has shown a tendency to visit places in the evening, as seen in the context data, which supports the likelihood of returning to these familiar places."
40,1,"[1006, 1, 1147, 960, 976, 1003, 517, 1006, 1006, 1006]","The user has a strong pattern of visiting place 1006 frequently, especially on weekdays and during morning hours. Recent context shows visits to places 1 and 1006, indicating a likelihood of returning to these locations. Place 1147 is also visited late at night, suggesting it may be a common choice for evening activities. The user has shown varied visits to places 960, 976, and 1003, but the consistent preference for 1006 and 1 makes them the top predictions."
40,1006,"[1006, 1, 1147, 960, 976, 1003, 517, 1006, 1, 1147]","The user has a strong pattern of visiting place_id 1006, especially on weekdays and weekends, as seen in both history and context. Place_id 1 is frequently visited as well, particularly on Sundays and Thursdays. Place_id 1147 appears often late at night, while place_id 960 and 976 are visited occasionally. The recent context shows continued activity at 1006 and 1, reinforcing their likelihood as next destinations."
40,1006,"[1006, 1, 1147, 960, 976, 1003, 517, 1006, 1, 1147]","The user has a strong pattern of visiting place_id 1006, especially on weekdays and weekends, as seen in both history and context. Place_id 1 is also frequently visited, particularly on Sundays and Thursdays. Place_id 1147 appears regularly during late hours, indicating a possible nightlife or late activity. The user has shown a consistent pattern of visiting these places, making them the most likely next locations."
40,327,"[1006, 1147, 1, 960, 1003, 976, 517, 1006, 1006, 1006]","The user has a strong pattern of visiting place_id 1006 frequently across various days and times, especially on Fridays and weekends. Recent context shows continued visits to 1006, indicating it is likely their next destination. Place_id 1147 is also visited frequently, particularly late at night, making it a probable choice. Place_id 1 has been visited multiple times, especially on Fridays, suggesting it could be a potential next stop as well."
40,1006,"[1006, 1, 1147, 960, 327, 517, 1003, 976, 1006, 1006]","The user has a strong pattern of visiting place 1006 frequently across various days and times, especially on Fridays and weekends. Recent context shows visits to places 1147 and 1, indicating a likelihood of returning to these locations. The user also visited place 960 earlier in the week, suggesting it could be a potential next stop. Place 327 is noted in the context, which may indicate a new interest. Overall, the predictions are based on the frequency and recency of visits to these places."
40,1,"[1006, 1, 1147, 960, 327, 517, 1003, 976, 1006, 1006]","The user has a strong pattern of visiting place_id 1006 frequently across various days and times, especially on weekdays and weekends. Recent context shows visits to place_id 1 and 1006, indicating a likelihood of returning to these places. Place_id 1147 is also visited regularly, particularly late at night. The user has shown interest in place_id 960 and 327, which were visited recently, suggesting they may also be potential next locations."
40,1006,"[1006, 1, 1147, 960, 327, 1003, 976, 517, 1006, 1006]","The user has a strong pattern of visiting place_id 1006 frequently across various days and times, especially on weekends and Mondays. Recent context shows continued visits to 1006, indicating a high likelihood of returning there. Place_id 1 is also visited regularly, particularly on Sundays, making it a probable next location. Place_id 1147 is visited late at night, suggesting it could be a destination after other activities. Place_id 960 has been visited in the mornings, while 327 was visited recently, indicating potential interest. Other places like 1003 and 976 have less frequent visits but are still relevant due to recent context. The repetition of 1006 in both history and context solidifies its top prediction."
40,1,"[1006, 1, 1147, 960, 327, 976, 1003, 517, 1006, 1006]","The user has a strong pattern of visiting place_id 1006 frequently across various days and times, especially on weekends and Mondays. Recent context shows visits to 1006 on Saturday and Sunday, reinforcing its likelihood. Place_id 1 is also visited regularly, particularly on Sundays, making it a probable next location. Place_id 1147 appears frequently late at night, suggesting it may be a common choice for evening activities. Other places like 960, 327, and 976 have been visited but less frequently, indicating lower probabilities."
40,1006,"[1006, 1, 1147, 960, 327, 1003, 976, 517, 1006, 1006]","The user has a strong pattern of visiting place_id 1006 frequently across various days and times, especially on weekdays. Recent context shows a visit to 1006 on Sunday, indicating continued interest. Place_id 1 is also visited often, particularly on weekends, and appears in both history and context. Place_id 1147 is visited late at night, suggesting it may be a popular choice for evening activities. Place_id 960 has been visited in the mornings, while 327 was recently visited, indicating potential for a return. Other places like 1003 and 976 have occasional visits, but less frequently than the top candidates."
40,1,"[1006, 1, 1147, 960, 976, 1003, 517, 1006, 1006, 1006]","The user has a strong pattern of visiting place_id 1006 frequently across various days and times, especially on weekdays. Recent context shows the user visited 1006 again on Sunday and Monday, indicating a preference for this location. Place_id 1 is also visited regularly, particularly on weekends, making it a likely next stop. Place_id 1147 is visited late at night, suggesting it could be a destination after other activities. Other places like 960 and 976 have occasional visits, but their frequency is lower compared to the top predictions."
40,1006,"[1006, 1, 1147, 960, 976, 1003, 517, 1006, 1006, 1006]","The user has a strong pattern of visiting place_id 1006 frequently across various days and times, especially on Mondays and Wednesdays. The recent context also shows visits to place_id 1 and 1006, indicating a likelihood of returning to these places. Place_id 1147 is also visited regularly, particularly late at night. The user has shown a preference for these locations, making them the most probable next places."
40,1147,"[1006, 1, 1147, 960, 976, 1003, 517, 1006, 1006, 1006]","The user has a strong pattern of visiting place_id 1006 frequently across various days and times, especially on weekdays. Recent context shows visits to 1006 and 1, indicating a preference for these places. Place_id 1147 is also visited regularly, particularly late at night. The user has shown a tendency to return to familiar places, especially during morning and evening hours."
40,1006,"[1006, 1, 1147, 960, 1003, 976, 517, 1006, 1006, 1006]","The user has a strong pattern of visiting place 1006 frequently across various days and times, especially on weekdays. Recent context stays also show visits to places 1 and 1006, indicating a likelihood of returning to these locations. Place 1147 is also visited regularly, particularly late at night, which aligns with the user's recent activities. The user has shown less frequent visits to places 960 and 1003, but they are still relevant due to their historical presence in the user's activity pattern."
40,1,"[1006, 1, 1147, 960, 976, 1003, 517, 1006, 1006, 1006]","The user has a strong pattern of visiting place_id 1006 frequently across various days and times, especially on weekdays. Recent context shows visits to 1006 on Tuesday and Wednesday, indicating a continued preference. Place_id 1 is also visited regularly, particularly on weekends. Place_id 1147 appears frequently late at night, suggesting it may be a common late-night destination. Other places like 960 and 976 have occasional visits, but their frequency is lower compared to the top places."
40,332,"[1006, 1, 1147, 960, 976, 1003, 1006, 1, 1147, 960]","The user has a strong pattern of visiting place_id 1006, especially on weekdays and weekends, with multiple visits recorded in both history and context. Place_id 1 is also frequently visited, particularly on weekends. Place_id 1147 appears regularly in the evenings, indicating a potential preference for late visits. The user has shown a consistent pattern of returning to these places, especially during morning and evening hours."
40,1006,"[1006, 1147, 1, 960, 332, 517, 1003, 976, 1006, 1006]","The user has a strong pattern of visiting place 1006 frequently across various days and times, especially on weekdays. Recent context shows visits to 1006 and 1147, indicating a preference for these locations. Place 1 is also visited regularly, particularly on weekends. The user has shown a tendency to return to familiar places, especially during similar time slots."
40,1128,"[1006, 1147, 1, 960, 332, 517, 1003, 976, 1006, 1006]","The user has a strong pattern of visiting place_id 1006 frequently across various days and times, especially on weekdays. Recent context shows visits to place_id 1147 and 1, indicating they are also likely candidates. The user visited place_id 960 and 332 recently, suggesting they may return to these places as well. The consistent pattern of visiting place_id 1006 makes it the most probable next location."
40,1,"[1006, 1, 1147, 960, 332, 1003, 976, 1128, 517, 1000]","The user has a strong pattern of visiting place 1006 frequently across various days and times, especially on weekdays. Recent context shows visits to 1006 and 1, indicating a preference for these places. Place 1147 is also visited regularly, particularly late at night. The user has shown some activity at place 332 recently, suggesting it could be a potential next stop. Other places like 960 and 1003 have been visited but less frequently, making them less likely but still possible."
40,1006,"[1006, 1, 1147, 960, 332, 1128, 1003, 976, 517, 1000]","The user has a strong pattern of visiting place 1006 frequently, especially on weekdays and weekends, indicating a high likelihood of returning there. Place 1 is also visited regularly, particularly on weekends. The recent context shows a visit to place 1 and a late visit to place 1006, reinforcing their popularity. Place 1147 is visited late at night, suggesting it may be a common choice for evening activities. Other places like 960 and 332 have been visited recently, indicating potential interest. The user has also shown interest in places 1128, 1003, and 976, which may be relevant based on recent activities."
40,1,"[1006, 1, 1147, 332, 960, 1128, 1003, 976, 517, 1005]","The user has a strong pattern of visiting place_id 1006 frequently across various days and times, especially on weekdays. Recent context shows a visit to 1006 on Friday night, reinforcing its likelihood. Place_id 1 is also visited often, particularly on weekends, making it a probable next location. Place_id 1147 has been visited late at night multiple times, indicating a potential for late visits. Other places like 332 and 960 have been visited recently, suggesting they could be considered as well. Overall, the predictions are based on historical frequency and recent context."
40,1006,"[1006, 1, 1147, 960, 1128, 679, 1003, 976, 517, 1006]","The user has a strong pattern of visiting place 1006 frequently across various days and times, especially on weekdays. Recent context shows a visit to 1006 on Friday night and Sunday evening, reinforcing its likelihood. Place 1 is also visited regularly, particularly on weekends, making it a probable next stop. Place 1147 has been visited late at night multiple times, indicating it could be a late-night option. Other places like 960 and 1128 have seen recent activity, suggesting they could be considered as well."
40,1,"[1006, 1, 1147, 960, 1128, 1003, 976, 517, 1000, 1001]","The user has a strong pattern of visiting place_id 1006 frequently across various days and times, especially on weekdays. Recent context shows a visit to place_id 1006 on Sunday evening, indicating continued interest. Place_id 1 is also visited regularly, particularly on weekends. Place_id 1147 appears frequently late at night, suggesting it may be a popular choice for late visits. Other places like 960 and 1128 have been visited recently, indicating potential for future visits."
40,1006,"[1006, 1, 1147, 960, 976, 1003, 517, 1006, 1006, 1006]","The user has a strong pattern of visiting place 1006 frequently across various days and times, especially on weekdays. Recent context shows visits to places 1 and 1006, indicating a preference for these locations. Place 1147 is also visited regularly, particularly late at night. The user has shown a tendency to return to familiar places, especially on Mondays and Tuesdays, which supports the prediction of these locations."
40,1,"[1006, 1, 1147, 960, 976, 1003, 517, 1006, 1006, 1006]","The user has a strong pattern of visiting place_id 1006 frequently across various days and times, especially on weekdays. Recent context also shows a visit to 1006, reinforcing its likelihood. Place_id 1 is another frequent location, particularly on weekends, and has recent context visits as well. Place_id 1147 is visited late at night, aligning with the user's pattern. Other places like 960 and 976 have been visited but less frequently, making them less likely. Overall, the predictions are based on the frequency and recency of visits."
40,1006,"[1006, 1, 1147, 960, 976, 1003, 517, 1006, 1006, 1006]","The user has a strong pattern of visiting place 1006 frequently across various days and times, especially on Mondays and Wednesdays. Recent context shows visits to places 1 and 1006, indicating a likelihood of returning to these locations. Place 1147 is also visited regularly, particularly late at night. The user has shown a preference for places 960 and 976, which are visited on specific days, suggesting they may also be considered. Overall, the predictions are based on the frequency and timing of past visits."
40,1,"[1006, 1, 1147, 960, 976, 1003, 517, 1006, 1006, 1006]","The user has a strong pattern of visiting place_id 1006 frequently across various days and times, especially on weekdays. Recent context shows visits to 1006 as well, indicating a continued preference. Place_id 1 is also visited regularly, particularly on weekends, making it a likely candidate. Place_id 1147 appears frequently in the history, especially late at night, suggesting it could be a common destination. Other places like 960, 976, and 1003 have been visited but less frequently, making them less likely but still possible options."
40,1006,"[1006, 1, 1147, 960, 976, 1003, 517, 1006, 1006, 1006]","The user has a strong pattern of visiting place_id 1006 frequently across various days and times, especially on weekdays. Recent context shows visits to place_id 1 and 1006, indicating a likelihood of returning to these places. Place_id 1147 is also visited regularly, particularly late at night. The user has shown a preference for these locations, making them the most probable next places."
40,1,"[1006, 1, 1147, 960, 976, 1003, 517, 1006, 1006, 1006]","The user has a strong pattern of visiting place_id 1006 frequently across various days and times, especially on weekdays. Recent context shows visits to 1006 on Tuesday and Wednesday evenings, indicating a continued preference for this location. Place_id 1 is also visited regularly, particularly on weekends, making it a likely candidate. Place_id 1147 appears frequently late at night, suggesting it may be a popular choice for late visits. Other places like 960, 976, and 1003 have been visited but less frequently, thus they are ranked lower."
40,371,"[1006, 1, 1147, 960, 976, 1003, 517, 1006, 1006, 1006]","The user has a strong pattern of visiting place_id 1006 frequently across various days and times, especially on weekdays. Recent context shows visits to place_id 1 and 1006, indicating a likelihood of returning to these places. Place_id 1147 is also visited regularly, particularly late at night. The user has shown a preference for early morning visits to place_id 960 and 976, suggesting these could be potential next locations as well."
40,1006,"[1006, 1, 1147, 960, 371, 1003, 976, 517, 1006, 1006]","The user has a strong pattern of visiting place_id 1006 frequently across various days and times, especially on weekdays. Recent context shows visits to 1006 in the evening, indicating a likelihood of returning there. Place_id 1 is also visited regularly, particularly on weekends, making it a probable next location. Place_id 1147 is visited late at night, suggesting it could be a destination after other activities. Other places like 960 and 371 have been visited but less frequently, making them less likely but still possible options."
40,1018,"[1006, 1, 1147, 960, 371, 1003, 976, 517, 1000, 1001]","The user has a strong pattern of visiting place 1006 frequently, especially on weekdays and during morning hours. Recent context shows visits to places 1 and 1006, indicating a preference for these locations. Place 1147 is also visited late at night, suggesting it may be a common choice for evening activities. The user has shown some interest in place 960 and 371, which were visited recently, making them likely candidates as well."
40,1,"[1006, 1, 1147, 960, 371, 1018, 517, 976, 1003, 0]","The user has a strong pattern of visiting place_id 1006 frequently across various days and times, especially on weekdays. Recent context shows a visit to 1006 on Thursday evening and again on Friday morning, indicating a preference for this location. Place_id 1 is also visited regularly, particularly on weekends, and has recent context visits. Place_id 1147 is visited late at night, suggesting it may be a popular choice for evening activities. Other places like 960 and 371 have been visited but less frequently, while 1018 was visited recently, indicating potential interest."
40,1,"[1006, 1, 1147, 960, 371, 1018, 517, 976, 1003, 1000]","The user has a strong pattern of visiting place_id 1006 frequently across various days and times, especially on weekdays. Recent context shows a visit to place_id 1, which is also a common location in the user's history. Place_id 1147 appears regularly in the user's history, particularly at night. The user has also visited place_id 960 and 371 recently, indicating potential interest. The other places are less frequent but still relevant based on historical visits."
40,1,"[1006, 1, 1147, 371, 960, 1018, 976, 1003, 1000, 1001]","The user has a strong pattern of visiting place_id 1006 frequently across various days and times, especially on weekdays. Recent context shows a visit to 1006 on Friday night, indicating continued interest. Place_id 1 is also visited often, particularly on weekends, and appears in recent context. Place_id 1147 is visited late at night, aligning with the user's pattern. Other places like 371 and 960 have been visited recently, suggesting potential interest. The remaining IDs are less frequent but could be considered based on the user's varied history."
40,1,"[1006, 1, 1147, 960, 1018, 976, 1003, 517, 1006, 1006]","The user has a strong pattern of visiting place 1006 frequently across various days and times, especially on weekdays. Recent context shows a visit to place 1006 on Friday night, indicating a continued preference. Place 1 is also visited multiple times, particularly on weekends, suggesting it may be a secondary choice. Place 1147 is visited late at night, indicating it may be a common late-night destination. Other places like 960, 1018, 976, and 1003 have less frequent visits but are still relevant based on the user's activity pattern."
40,1,"[1006, 1, 1147, 960, 1018, 976, 1003, 1019, 1020, 1021]","The user has a strong pattern of visiting place_id 1006 frequently across various days and times, especially on weekdays. The recent context shows visits to place_id 1, which is also a common location in the user's history. Place_id 1147 is another frequent location, particularly during late hours. The user has also shown interest in place_id 960 and visited it multiple times. The recent visit to place_id 1018 suggests a potential new interest, while places 976 and 1003 have been visited recently as well. Overall, the predictions are based on the frequency and recency of visits to these places."
40,1,"[1006, 1, 1147, 960, 976, 1003, 517, 1006, 1006, 1006]","The user has a strong pattern of visiting place_id 1006 frequently across various days and times, especially on weekdays. The recent context shows visits to place_id 1, which is also a common location in the user's history. Place_id 1147 appears multiple times in the history, indicating it is a significant location as well. The user also has visits to place_id 960 and 976, suggesting they are relevant options. The consistent pattern of returning to these places supports their likelihood as the next destination."
40,1006,"[1, 1006, 1147, 960, 976, 1003, 517, 0, 2, 3]","The user has a strong pattern of visiting place_id 1 frequently, especially on Sundays and Mondays, as seen in both history and context. Place_id 1006 is also a common destination, visited multiple times throughout the week. Place_id 1147 appears regularly late at night, indicating a potential preference for late visits. Other places like 960 and 976 have been visited, but less frequently. The context shows recent visits to place_id 1, reinforcing its likelihood as the next destination."
40,1,"[1006, 1, 1147, 960, 1003, 976, 917, 873, 224, 481]","The user has a strong pattern of visiting place_id 1006, especially on weekdays and weekends, indicating it is a preferred location. Recent context shows visits to place_id 1, which is also frequently visited in the history, suggesting a likelihood of returning there. Place_id 1147 appears often late at night, while 960 and 1003 are visited during mornings and weekends, respectively. The context also indicates a recent visit to place_id 917, which aligns with the user's activity pattern."
40,1,"[1006, 1, 1147, 960, 976, 1003, 917, 873, 602, 224]","The user has a strong pattern of visiting place 1006 frequently across various days and times, particularly on Mondays and Wednesdays. Place 1 is also visited regularly, especially late at night. The recent context shows the user has been to place 1 multiple times, indicating a continued interest. Place 1147 is another location visited frequently, particularly at night. Other places like 960 and 976 have been visited but less frequently, while the context includes visits to places 917, 873, and 602, suggesting they may also be relevant for future visits."
40,1006,"[1006, 1, 1147, 960, 976, 1003, 917, 602, 535, 1058]","The user has a strong pattern of visiting place 1006 frequently, especially on weekdays and during morning hours. Recent context shows visits to place 1, which is also a common location in the user's history. Place 1147 is visited late at night, aligning with the user's recent activities. Other places like 960 and 976 have been visited multiple times, indicating potential future visits. The context also suggests a recent visit to place 917 and morning activity at place 602, which could influence the next location."
40,1006,"[1006, 1, 1147, 960, 976, 1003, 917, 602, 535, 224]","The user has a strong pattern of visiting place_id 1006, especially on weekdays and during morning hours. Recent context shows visits to place_id 1 and 1006, indicating a likelihood of returning to these places. Place_id 1147 is also frequently visited late at night, while 960 and 976 have been visited in the past, suggesting they could be potential next locations. The context data reinforces the importance of place_id 1 and 1006, making them top predictions."
40,1006,"[1006, 1, 1147, 960, 976, 1003, 517, 1006, 1006, 1006]","The user has a strong pattern of visiting place_id 1006 frequently across various days and times, especially on weekdays. Recent context shows visits to place_id 1006 on Monday and Wednesday, indicating a continued preference. Place_id 1 is also visited regularly, particularly on weekends, making it a likely candidate. Place_id 1147 appears frequently in the history, especially late at night, suggesting it could be a common destination. Other places like 960, 976, and 1003 have been visited but less frequently, making them less likely but still possible options."
40,1,"[1006, 1, 1147, 960, 1003, 976, 517, 1000, 1001, 1002]","The user has a strong pattern of visiting place 1006 frequently, especially on weekdays and during morning hours. Recent context shows visits to places 1 and 1006, indicating a preference for these locations. Place 1147 is also visited late at night, suggesting it may be a common choice for evening activities. Other places like 960, 1003, and 976 have been visited but less frequently, making them less likely. The user has not shown a pattern for places 1000, 1001, and 1002, but they are included as potential options."
40,1006,"[1006, 1, 1147, 960, 976, 1003, 517, 1006, 1006, 1006]","The user has a strong pattern of visiting place 1006 frequently, especially on weekdays and during morning hours. Recent context shows multiple visits to place 1006 on Wednesday, indicating a high likelihood of returning there. Place 1 is also visited frequently, particularly in the mornings and late evenings, making it a strong candidate. Place 1147 has been visited late at night, suggesting it could be a common late-night destination. Other places like 960 and 976 have occasional visits, but their frequency is lower compared to the top candidates."
40,1,"[1006, 1, 1147, 960, 976, 1003, 517, 1006, 1006, 1006]","The user has a strong pattern of visiting place_id 1006 frequently across various days and times, especially on Wednesdays and Thursdays. Recent context stays also indicate visits to place_id 1006, reinforcing its likelihood as the next destination. Place_id 1 is also visited regularly, particularly on weekends, making it a probable choice. Place_id 1147 appears frequently in the history, especially late at night, suggesting it could be a potential next stop. Other places like 960, 976, and 1003 have been visited but less frequently, thus they are ranked lower."
40,1006,"[1006, 1, 1147, 960, 976, 1003, 517, 1006, 1006, 1006]","The user has a strong pattern of visiting place_id 1006 frequently across various days and times, especially on weekdays. Recent context shows visits to 1006 as well, indicating a high likelihood of returning there. Place_id 1 is also visited regularly, particularly on weekends, making it a probable next location. Place_id 1147 is visited late at night, suggesting it could be a common choice for evening activities. Other places like 960 and 976 have been visited but less frequently, thus they are lower on the list."
40,1,"[1006, 1, 1147, 960, 1003, 976, 517, 1006, 1006, 1006]","The user has a strong pattern of visiting place 1006 frequently across various days and times, especially on weekdays. Recent context shows visits to places 1 and 1006, indicating a preference for these locations. Place 1147 is also visited regularly, particularly late at night. The user has shown a tendency to return to familiar places, especially during morning and evening hours."
40,1006,"[1006, 1, 1147, 960, 976, 1003, 517, 1006, 1006, 1006]","The user has a strong pattern of visiting place 1006 frequently, especially on weekdays and during morning hours. Recent context shows visits to places 1 and 1006, indicating a likelihood of returning to these locations. Place 1147 is also visited late at night, suggesting it may be a common choice for evening activities. The user has shown varied visits to places 960, 976, and 1003, but the consistent preference for 1006 and 1 makes them the top predictions."
40,1,"[1006, 1, 1147, 960, 1003, 976, 517, 1006, 1006, 1006]","The user has a strong pattern of visiting place_id 1006 frequently, especially on weekdays and weekends, indicating it is a preferred location. Recent context shows visits to place_id 1 and 1006, suggesting these are also likely next stops. Place_id 1147 is visited late at night, and place_id 960 has been visited in the morning, indicating potential for future visits. The user has a consistent routine that favors these locations."
40,1006,"[1006, 1, 1147, 960, 737, 976, 1003, 1006, 1006, 1006]","The user has a strong pattern of visiting place 1006 frequently, especially on weekdays and during morning hours. Recent context shows visits to places 1 and 1006, indicating a preference for these locations. Place 1147 is also visited late at night, suggesting it may be a common choice for evening activities. The user has shown varied activity at places 960, 737, and 976, but the consistent visits to 1006 and 1 make them the most likely next locations."
40,1144,"[1006, 1, 1147, 960, 976, 1003, 517, 1006, 1006, 1006]","The user has a strong pattern of visiting place_id 1006 frequently across various days and times, especially on weekdays. Recent context stays also show visits to 1006, indicating a continued preference. Place_id 1 is visited often as well, particularly on weekends, making it a likely candidate. Place_id 1147 is also frequently visited late at night, while 960 and 976 have occasional visits, suggesting they could be considered. The user has shown a consistent pattern of returning to familiar places, especially 1006."
40,1006,"[1006, 1, 1147, 960, 1144, 1003, 976, 517, 1000, 1001]","The user has a strong pattern of visiting place 1006 frequently across various days and times, especially on weekdays. Recent context shows visits to places 1 and 1006, indicating a preference for these locations. Place 1147 is also visited regularly, particularly late at night. The user has shown some activity at place 960 and 1144 recently, suggesting they may also be considered. Overall, the predictions are based on the frequency and recency of visits to these places."
40,1006,"[1006, 1, 1147, 960, 1144, 1003, 976, 517, 1000, 1001]","The user has a strong pattern of visiting place_id 1006, especially on weekdays and weekends, indicating it is a preferred location. Recent context shows visits to 1006 and 1, reinforcing their likelihood. Place_id 1147 is also frequently visited late at night, while 960 appears in the morning. The context includes a visit to 1144, suggesting it may be a new interest. Other IDs are less frequent but still possible based on historical data."
40,1,"[1006, 1, 1147, 960, 1144, 1003, 976, 517, 1001, 1002]","The user has a strong pattern of visiting place_id 1006, especially on weekdays and weekends, indicating it is a preferred location. Recent context shows visits to place_id 1 and 1006, reinforcing their likelihood. Place_id 1147 is also frequently visited late at night, while 960 appears in the history, suggesting it may be a secondary location. Place_id 1144 is noted in the context, indicating potential interest. Other IDs are less frequent but still possible based on historical data."
40,1006,"[1006, 1147, 1, 960, 1003, 976, 1144, 843, 1004, 1005]","The user has a strong pattern of visiting place_id 1006, especially on weekdays and weekends, indicating it is a preferred location. Place_id 1147 is frequently visited late at night, suggesting it may be a social or leisure spot. Place_id 1 is visited multiple times, often on Sundays, indicating it may be a regular stop. The recent context shows continued visits to 1006 and 1147, reinforcing their likelihood. Other places like 960 and 1003 have occasional visits, but less frequently than the top three."
40,1,"[1006, 1, 1147, 960, 1003, 976, 1144, 1005, 1004, 1002]","The user has a strong pattern of visiting place_id 1006 frequently across various days and times, especially on weekends and Mondays. Recent context shows continued visits to 1006 and a new visit to 1144 on Saturday, suggesting a preference for these locations. Place_id 1 is also frequently visited, particularly on Sundays, indicating it may be a common destination. Place_id 1147 is visited late at night, which aligns with the user's activity pattern. Other places like 960 and 1003 have been visited but less frequently, making them less likely but still possible options."
40,1006,"[1006, 1, 1147, 960, 976, 1003, 517, 1006, 1006, 1006]","The user has a strong pattern of visiting place_id 1006 frequently across various days and times, especially on weekends and Mondays. Recent context stays also indicate a return to place_id 1006, suggesting a high likelihood of revisiting. Place_id 1 is also frequently visited, particularly on Sundays, making it a probable next location. Place_id 1147 has been visited late at night, indicating it may be a common choice for evening activities. Other places like 960, 976, and 1003 have less frequent visits but are still relevant based on the user's history."
40,1,"[1006, 1, 1147, 960, 976, 1003, 517, 1006, 1006, 1006]","The user has a strong pattern of visiting place_id 1006 frequently across various days and times, especially on weekdays. Recent context also shows a visit to 1006 on Sunday, indicating a continued preference. Place_id 1 is visited regularly on weekends, while 1147 is a common late-night destination. Other places like 960 and 976 have occasional visits, but 1006 remains the most probable next location due to its consistent presence in both history and context."
40,1006,"[1006, 1, 1147, 960, 976, 1003, 517, 1006, 1006, 1006]","The user has a strong pattern of visiting place_id 1006 frequently across various days and times, especially on Mondays and Wednesdays. Recent context stays also show visits to place_id 1 and 1006, indicating a likelihood of returning to these places. Place_id 1147 is also visited regularly, particularly late at night, suggesting it may be a common destination. The user has shown a consistent pattern of visiting these places, making them the most probable next locations."
40,1,"[1006, 1, 1147, 960, 976, 1003, 517, 1006, 1006, 1006]","The user has a strong pattern of visiting place_id 1006 frequently across various days and times, especially on weekdays. Recent context shows continued visits to 1006, indicating it is a likely next location. Place_id 1 is also visited regularly, particularly on weekends, making it a probable choice. Place_id 1147 appears frequently late at night, suggesting it could be a destination after other activities. Other places like 960, 976, and 1003 have been visited but less frequently, thus they are lower in the ranking."
40,1,"[1006, 1, 1147, 960, 976, 1003, 517, 1006, 1006, 1006]","The user has a strong pattern of visiting place 1006 frequently across various days and times, especially on weekdays. Recent context shows visits to places 1 and 1006, indicating a likelihood of returning to these locations. Place 1147 is also visited regularly, particularly at night, which may suggest a late visit. The user has shown a preference for early morning visits to places like 960 and 976, which could also be considered. Overall, the predictions are based on the frequency and timing of past visits."
40,605,"[1006, 1, 1147, 960, 976, 1003, 517, 1006, 1006, 1006]","The user has a strong pattern of visiting place_id 1006 frequently across various days and times, especially on weekdays. Recent context stays also show visits to place_id 1006, indicating a continued preference. Place_id 1 is visited often on weekends and has recent context stays, making it a likely next location. Place_id 1147 is also frequently visited late at night, while place_id 960 and 976 have occasional visits, suggesting they could be considered as well. Overall, the predictions are based on the frequency and recency of visits."
40,1,"[1006, 1, 1147, 960, 605, 1003, 976, 517, 1006, 1006]","The user has a strong pattern of visiting place_id 1006 frequently across various days and times, especially on weekdays. Recent context shows visits to place_id 1 and 1006, indicating a likelihood of returning to these places. Place_id 1147 is also visited late at night, suggesting it may be a common choice for evening activities. The user has shown some activity at place_id 960 and 605 recently, which could indicate potential future visits."
40,1,"[1006, 1, 1147, 960, 605, 1003, 976, 517, 1006, 1]","The user has a strong pattern of visiting place_id 1006 frequently across various days and times, especially on weekdays. Recent context shows visits to place_id 1, which is also a common location in the user's history. Place_id 1147 is visited late at night, indicating a potential for evening visits. Place_id 960 appears in the history and context, suggesting it may be a secondary option. Place_id 605 was visited recently, indicating it could be a new interest. Overall, the predictions are based on the frequency and recency of visits to these places."
40,1,"[1006, 1, 1147, 960, 605, 1003, 976, 517, 1006, 1]","The user has a strong pattern of visiting place_id 1006 frequently across various days and times, especially on weekdays. Recent context shows visits to place_id 1, which is also a common location in the user's history. Place_id 1147 appears frequently during late hours, indicating a potential late-night visit. Place_id 960 is visited in the mornings, while place_id 605 was recently visited on a Saturday morning, suggesting it could be a new interest. The user also has a history of visiting places 1003 and 976, which may indicate a preference for these locations. Overall, the predictions are based on the frequency and timing of past visits, as well as recent activities."
40,1,"[1006, 1, 1147, 960, 605, 976, 1003, 517, 1006, 1]","The user has a strong pattern of visiting place_id 1006 frequently across various days and times, especially on weekdays. Recent context shows visits to place_id 1, which is also a common location in the user's history. Place_id 1147 appears regularly in the user's history, particularly at night, indicating a potential late visit. The user has also visited place_id 960 and 605 recently, suggesting they may be considering these locations as well. Overall, the predictions are based on the frequency and recency of visits to these places."
40,1006,"[1, 1006, 1147, 960, 976, 1003, 517, 1000, 1001, 1002]","The user has a strong pattern of visiting place_id 1 frequently, especially on Sundays and Mondays, as seen in both history and context. Place_id 1006 is also a common destination, visited multiple times throughout the week, particularly on weekdays. Place_id 1147 appears frequently late at night, indicating a possible preference for evening visits. The context shows recent visits to place_id 1, reinforcing its likelihood as the next destination. Other places like 960, 976, and 1003 have been visited but less frequently, making them less likely compared to the top predictions."
40,997,"[1, 1006, 1147, 960, 1003, 976, 517, 1000, 1001, 1002]","The user has a strong pattern of visiting place_id 1 and 1006 frequently, especially on Sundays and Mondays. Recent context shows visits to place_id 1, indicating a preference for this location. Place_id 1006 is also a common choice in the history, particularly on weekdays. Place_id 1147 is visited late at night, suggesting it may be a popular choice for evening activities. Other places like 960, 1003, and 976 have been visited but less frequently, making them less likely but still possible options."
40,1006,"[1006, 1, 1147, 960, 997, 1003, 976, 517, 1000, 1001]","The user has a strong pattern of visiting place 1006 frequently across various days and times, especially on weekdays. Recent context shows visits to place 1, which is also a common location in their history. Place 1147 is visited late at night, indicating a potential for evening visits. The user has also shown interest in place 960 and 997 recently, suggesting they may consider these places next. Overall, the predictions are based on the frequency of visits and recent activities."
40,1147,"[1006, 1, 1147, 960, 997, 1003, 976, 517, 1000, 1001]","The user has a strong pattern of visiting place 1006 frequently across various days and times, especially on weekdays. Recent context shows visits to places 1 and 1006, indicating a preference for these locations. Place 1147 is also visited regularly, particularly late at night. The user has shown some activity at place 960 and 997 recently, suggesting they may also be considered. Overall, the predictions are based on the frequency and recency of visits to these places."
40,1006,"[1006, 1, 1147, 960, 997, 1003, 976, 517, 1006, 1006]","The user has a strong pattern of visiting place_id 1006 frequently across various days and times, especially on weekdays. Recent context shows a visit to place_id 1, which is also a common location in the user's history. Place_id 1147 is visited late at night, indicating a potential for evening visits. Place_id 960 appears in the history and context, suggesting it may be a secondary option. The user has also visited place_id 997 recently, indicating it could be a potential next stop."
40,1,"[1006, 1147, 1, 960, 997, 1003, 976, 517, 1000, 1001]","The user has a strong pattern of visiting place_id 1006 frequently across various days and times, especially on weekdays. Recent context also shows visits to 1006, indicating a continued preference. Place_id 1147 is another frequent location, particularly during late hours, and has been visited multiple times in the past week. Place_id 1 is visited regularly on weekends, suggesting it may be a social or leisure spot. Other places like 960 and 997 have also been visited, but less frequently, making them less likely next choices."
40,1,"[1006, 1147, 1, 960, 997, 1003, 976, 517, 1006, 1006]","The user has a strong pattern of visiting place_id 1006 frequently across various days and times, especially on weekdays. Recent context shows a visit to 1006 on Thursday evening, reinforcing its likelihood. Place_id 1147 is also visited often, particularly late at night, making it a probable next location. Place_id 1 has been visited multiple times on weekends, indicating it may be a go-to spot. Other places like 960 and 997 have been visited less frequently but still appear in the user's history, suggesting they could be considered as potential next locations."
40,1,"[1006, 1147, 1, 960, 976, 1003, 517, 1006, 1006, 1006]","The user has a strong pattern of visiting place_id 1006 frequently across various days and times, especially on weekdays and weekends. Recent context shows continued visits to 1006 and 1147, indicating these are likely preferred locations. Place_id 1 also appears frequently in both history and context, suggesting it is a significant location for the user. Other places like 960 and 976 have been visited but less frequently, making them less likely as the next destination."
40,1,"[1006, 1147, 1, 960, 976, 1003, 517, 1006, 1006, 1006]","The user has a strong pattern of visiting place 1006 frequently across various days and times, especially on weekdays. Place 1147 is also visited late at night, indicating a possible preference for evening visits. Recent context shows the user visiting places 1 and 1147 on Saturday, suggesting a continued interest in these locations. The user has also visited places 960 and 976, indicating they may be potential options as well."
40,1,"[1006, 1, 1147, 960, 976, 1003, 517, 1006, 1006, 1006]","The user has a strong pattern of visiting place_id 1006 frequently across various days and times, especially on weekdays. Recent context shows visits to place_id 1, which is also a common location in the user's history. Place_id 1147 is visited late at night, indicating a potential for late-night visits. The user also has a history of visiting place_id 960 and 976, suggesting they are likely candidates for the next visit. Overall, the predictions are based on the frequency and timing of past visits."
40,1,"[1, 1006, 1147, 960, 976, 1003, 806, 517, 0, 999]","The user has a strong pattern of visiting place_id 1 frequently, especially on weekends, as seen in both history and context. Place_id 1006 is also a common location for the user, visited multiple times during weekdays. Place_id 1147 is visited late at night, indicating a potential preference for evening activities. The context shows recent visits to place_id 1, reinforcing its likelihood. Other places like 960 and 976 have been visited but less frequently, making them less probable. The ranking reflects the frequency and recency of visits."
40,1,"[1, 1006, 1147, 960, 976, 1003, 806, 517, 1006, 1006]","The user has a strong pattern of visiting place_id 1 frequently, especially on weekends, as seen in both history and context. Place_id 1006 is also a common location for the user, visited multiple times during the week. Place_id 1147 appears frequently late at night, indicating a possible preference for evening visits. The context shows recent visits to place_id 1, reinforcing its likelihood as the next destination. Other places like 960 and 976 have been visited but less frequently, making them less likely compared to the top predictions."
40,1,"[1, 1006, 1147, 960, 976, 1003, 806, 517, 0, 2]","The user has a strong pattern of visiting place_id 1 frequently, especially on weekends, as seen in both history and context. Place_id 1006 is also a common location for the user, visited multiple times during weekdays. Place_id 1147 appears regularly late at night, indicating a potential preference for evening visits. Other places like 960 and 976 have been visited but less frequently, while 1003 and 806 are also noted in the context, suggesting they could be potential next stops. The user seems to favor returning to familiar places, especially those visited recently."
40,1,"[1, 1006, 1147, 960, 976, 1003, 517, 0, 2, 3]","The user has a strong pattern of visiting place_id 1 frequently, especially on weekends, as seen in both history and context. Place_id 1006 is also a common location for the user, visited multiple times during weekdays. Place_id 1147 appears regularly late at night, indicating a possible preference for evening visits. Other places like 960 and 976 have been visited but less frequently, while 1003 and 517 are less common but still relevant. The context shows recent visits to place_id 1, reinforcing its likelihood as the next destination."
40,1,"[1, 1006, 1147, 960, 976, 1003, 517, 0, 2, 3]","The user has a strong pattern of visiting place_id 1 frequently, especially on Sundays, as seen in both history and context. Place_id 1006 is also a common destination, visited multiple times throughout the week. Place_id 1147 appears regularly late at night, indicating a possible preference for evening visits. The context shows recent activity at place_id 1, reinforcing its likelihood as the next destination. Other places like 960 and 976 have been visited but less frequently, making them less likely compared to the top three."
40,1,"[1, 1006, 1147, 960, 976, 1003, 517, 1000, 1001, 1002]","The user has a strong pattern of visiting place_id 1 frequently, especially on Sundays, as seen in both history and context. Place_id 1006 is also a common destination, visited multiple times throughout the week. Place_id 1147 is visited late at night, indicating a possible routine. The context shows recent visits to place_id 1, reinforcing its likelihood. Other places like 960 and 976 have been visited on specific days, suggesting they could also be potential next locations."
40,1,"[1, 1006, 1147, 960, 976, 1003, 517, 0, 0, 0]","The user has a strong pattern of visiting place_id 1 frequently, especially on Sundays, as seen in both history and context. Place_id 1006 is also a common destination, visited multiple times throughout the week. Place_id 1147 appears regularly late at night, indicating a possible preference for evening visits. Other places like 960 and 976 have been visited but less frequently, while 1003 and 517 are less common but still relevant. The context shows recent activity at place_id 1, reinforcing its likelihood as the next destination."
40,1,"[1, 1006, 1147, 960, 976, 1003, 517, 1000, 1001, 1002]","The user has a strong pattern of visiting place_id 1 frequently, especially on Sundays, as seen in both history and context. Place_id 1006 is also a common destination, visited multiple times throughout the week, particularly on Mondays and Tuesdays. Place_id 1147 is visited late at night, indicating a possible preference for evening activities. Other places like 960 and 976 have been visited on specific days, suggesting they may also be relevant. The context shows recent visits to place_id 1, reinforcing its likelihood as the next destination."
40,1,"[1, 1006, 1147, 960, 976, 1003, 517, 0, 2, 3]","The user has a strong pattern of visiting place_id 1 frequently, especially on Sundays and Mondays, as seen in both history and context. Place_id 1006 is also a common destination, visited multiple times throughout the week. Place_id 1147 appears regularly late at night, indicating a possible routine. Other places like 960 and 976 have been visited but less frequently, suggesting they are less likely next choices. The context shows recent visits to place_id 1, reinforcing its likelihood as the next destination."
40,1,"[1, 1006, 1147, 960, 976, 1003, 517, 0, 2, 3]","The user has a strong pattern of visiting place_id 1 frequently, especially on Sundays and Mondays, as seen in both history and context. Place_id 1006 is also a common destination, visited multiple times throughout the week. Place_id 1147 appears regularly late at night, indicating a possible preference for late visits. The context shows recent visits to place_id 1, reinforcing its likelihood. Other places like 960 and 976 have been visited but less frequently, making them less probable. The prediction includes a mix of the most visited places based on historical patterns and recent context."
40,1,"[1, 1006, 1147, 960, 976, 1003, 517, 0, 2, 3]","The user has a strong pattern of visiting place_id 1 frequently, especially on Sundays and Mondays, as seen in both history and context. Place_id 1006 is also a common destination, visited multiple times throughout the week, particularly on Mondays and Tuesdays. Place_id 1147 appears frequently late at night, indicating a possible nightlife or late activity pattern. Other places like 960 and 976 have been visited but less frequently, while 1003 and 517 have limited visits. The context shows recent activity at place_id 1, reinforcing its likelihood as the next destination."
40,1,"[1, 1006, 1147, 960, 976, 1003, 517, 0, 2, 3]","The user has a strong pattern of visiting place_id 1 frequently, especially on Mondays, as seen in both history and context. Place_id 1006 is also a common destination, visited multiple times throughout the week. Place_id 1147 appears regularly late at night, indicating a potential late-night destination. Other places like 960 and 976 have been visited but less frequently, while 1003 and 517 have limited visits. The context shows recent activity at place_id 1, reinforcing its likelihood as the next destination."
40,1,"[1, 1006, 1147, 960, 976, 1003, 517, 0, 2, 3]","The user has a strong pattern of visiting place_id 1 frequently, especially on Mondays, as seen in both history and context. Place_id 1006 is also a common destination, visited multiple times throughout the week. Place_id 1147 appears regularly late at night, indicating a possible preference for evening visits. Other places like 960 and 976 have been visited but less frequently, suggesting they are less likely next choices. The context shows recent activity at place_id 1, reinforcing its likelihood as the next destination."
40,1,"[1, 1006, 1147, 960, 976, 1003, 517, 0, 0, 0]","The user has a strong pattern of visiting place_id 1 frequently, especially on Mondays and Sundays, as seen in both history and context. Place_id 1006 is also a common destination, visited multiple times throughout the week. Place_id 1147 appears regularly late at night, indicating a possible preference for evening visits. The context shows recent visits to place_id 1, reinforcing its likelihood as the next destination. Other places like 960 and 976 have been visited but less frequently, making them less likely."
40,1,"[1, 1006, 1147, 960, 976, 1003, 517, 0, 2, 3]","The user has a strong pattern of visiting place_id 1 frequently, especially on Sundays and Mondays, as seen in both history and context. Place_id 1006 is also a common destination, visited multiple times throughout the week, particularly on weekdays. Place_id 1147 is visited late at night, indicating a possible routine. The context shows recent visits to place_id 1, reinforcing its likelihood as the next destination. Other places like 960, 976, and 1003 have been visited but less frequently, making them less likely compared to the top candidates."
40,1,"[1, 1006, 1147, 960, 1003, 976, 517, 1006, 1006, 1006]","The user has a strong pattern of visiting place_id 1 frequently, especially on Sundays and Mondays, as seen in both history and context. Place_id 1006 is also a common destination, visited multiple times throughout the week, particularly on weekdays. Place_id 1147 is visited late at night, indicating a possible trend for evening visits. The context shows recent visits to place_id 1, reinforcing its likelihood as the next destination. Other places like 960 and 1003 have been visited but less frequently, making them less likely compared to the top predictions."
40,1,"[1006, 1, 1147, 960, 1003, 976, 517, 1006, 1006, 1006]","The user has a strong pattern of visiting place 1006 frequently, especially on weekdays and weekends, indicating it is a primary location. Place 1 is also visited regularly, particularly in the context stays, suggesting it is a likely next stop. Place 1147 is visited late at night, which aligns with the user's recent activities. Other places like 960 and 1003 have been visited but less frequently, making them less likely but still possible options."
40,1,"[1, 1006, 1147, 960, 1003, 976, 517, 0, 2, 3]","The user has a strong pattern of visiting place_id 1 frequently, especially on Sundays and Tuesdays, as seen in both history and context. Place_id 1006 is also a common destination, visited multiple times throughout the week, particularly on weekdays. Place_id 1147 is visited late at night, indicating a possible routine. The recent context shows the user returning to place_id 1, reinforcing its likelihood as the next destination. Other places like 960, 1003, and 976 have been visited but less frequently, making them less likely compared to the top three."
40,1,"[1006, 1, 1147, 960, 976, 1003, 682, 517, 1006, 1006]","The user has a strong pattern of visiting place 1006 frequently across various days and times, especially on weekdays. The recent context shows multiple visits to place 1, indicating a potential shift or interest in that location. Place 1147 is also visited late at night, suggesting it may be a common choice for evening activities. The user has shown a consistent pattern of visiting places 960 and 976, particularly on weekends. The recent context includes a visit to place 682, which may indicate a new interest. Overall, the predictions are based on historical frequency and recent context activities."
40,1,"[1006, 1, 1147, 960, 976, 1003, 682, 31, 46, 123]","The user has a strong pattern of visiting place 1006 frequently, especially on weekdays and weekends, indicating it is a primary location. Recent context shows visits to places 1 and 682, suggesting they are also likely candidates. Place 1147 is visited late at night, and places 960, 976, and 1003 have been visited multiple times, indicating they are also potential next locations. The context visits to places 1, 682, and the times suggest a preference for nearby or previously visited locations."
40,1,"[1, 1006, 1147, 960, 976, 1003, 682, 31, 46, 123]","The user has a strong pattern of visiting place_id 1 frequently, especially on Wednesdays, as seen in both history and context. Place_id 1006 is also a common destination, visited multiple times throughout the week. Place_id 1147 is visited late at night, indicating a possible routine. The context shows recent visits to place_id 1, reinforcing its likelihood. Other places like 960 and 976 have been visited but less frequently, while 682, 31, 46, and 123 are recent context stays that could indicate a shift in routine."
40,1,"[1, 1006, 1147, 960, 976, 1003, 517, 0, 2, 3]","The user has a strong pattern of visiting place_id 1 frequently, especially on Wednesdays and Thursdays, as seen in both history and context. Place_id 1006 is also a common destination, visited multiple times across various days, particularly on weekdays. Place_id 1147 is visited late at night, indicating a possible routine. The context shows recent visits to place_id 1, reinforcing its likelihood. Other places like 960 and 976 have been visited but less frequently, making them less probable."
40,1,"[1, 1006, 1147, 960, 976, 1003, 517, 1000, 1001, 1002]","The user has a strong pattern of visiting place_id 1 frequently, especially on Wednesdays and Thursdays, as seen in both history and context. Place_id 1006 is also a common destination, visited multiple times across various days, particularly on weekdays. Place_id 1147 appears frequently late at night, indicating a possible routine. The context shows recent visits to place_id 1, reinforcing its likelihood. Other places like 960 and 976 have been visited but less frequently, making them less probable. The remaining IDs are included based on their historical presence."
40,1,"[1, 1006, 1147, 960, 976, 1003, 517, 0, 2, 3]","The user has a strong pattern of visiting place_id 1 frequently, especially on Thursdays, as seen in both history and context. Place_id 1006 is also a common destination, visited multiple times throughout the week. Place_id 1147 appears regularly late at night, indicating a possible preference for evening visits. Other places like 960 and 976 have been visited but less frequently, while 1003 and 517 have limited visits. The context shows recent activity at place_id 1, reinforcing its likelihood as the next destination."
40,1,"[1, 1006, 1147, 960, 976, 1003, 517, 0, 2, 3]","The user has a strong pattern of visiting place_id 1 frequently, especially on Thursdays, as seen in both history and context. Place_id 1006 is also a common destination, visited multiple times throughout the week. Place_id 1147 appears regularly late at night, indicating a possible preference for evening visits. Other places like 960 and 976 have been visited but less frequently, while 1003 and 517 have limited visits. The context shows recent activity at place_id 1, reinforcing its likelihood as the next destination."
40,1,"[1, 1006, 1147, 960, 976, 1003, 517, 0, 2, 3]","The user has a strong pattern of visiting place_id 1 frequently, especially on Thursdays, as seen in both history and context. Place_id 1006 is also a common destination, visited multiple times throughout the week. Place_id 1147 appears regularly late at night, indicating a possible preference for evening visits. Other places like 960 and 976 have been visited but less frequently, while 1003 and 517 have limited visits. The context shows recent activity at place_id 1, reinforcing its likelihood as the next destination."
40,1,"[1, 1006, 1147, 960, 976, 1003, 517, 1000, 1001, 1002]","The user has a strong pattern of visiting place_id 1 frequently, especially on Thursdays, as seen in both history and context. Place_id 1006 is also a common destination, visited multiple times throughout the week. Place_id 1147 appears regularly late at night, indicating a possible preference for evening visits. Other places like 960 and 976 have been visited, but less frequently, suggesting they are less likely next choices. The context shows recent activity at place_id 1, reinforcing its likelihood as the next destination."
40,1,"[1, 1006, 1147, 960, 976, 1003, 517, 0, 2, 3]","The user has a strong pattern of visiting place_id 1 frequently, especially on Thursdays, as seen in both history and context. Place_id 1006 is also a common destination, visited multiple times across various days, particularly on weekdays. Place_id 1147 appears frequently late at night, indicating a possible routine. Other places like 960 and 976 have been visited but less frequently, while 1003 and 517 are less common but still relevant. The context shows recent visits to place_id 1, reinforcing its likelihood as the next destination."
40,1,"[1, 1006, 1147, 960, 976, 1003, 517, 0, 2, 3]","The user has a strong pattern of visiting place_id 1 frequently, especially on weekends and Thursdays, as seen in both history and context. Place_id 1006 is also a common location for the user, visited multiple times throughout the week. Place_id 1147 appears regularly late at night, indicating a possible preference for evening visits. The context shows recent visits to place_id 1, reinforcing its likelihood. Other places like 960 and 976 have been visited but less frequently, making them less probable. The prediction includes a mix of the most visited places based on historical patterns and recent context."
40,1,"[1, 1006, 1147, 960, 976, 1003, 517, 0, 2, 3]","The user has a strong pattern of visiting place_id 1 frequently, especially on weekends and late evenings. The recent context shows multiple visits to place_id 1, indicating a preference for this location. Place_id 1006 is also a common choice, visited multiple times throughout the week, particularly on weekdays. Place_id 1147 is visited late at night, suggesting it may be a popular spot for evening activities. Other places like 960 and 976 have been visited but less frequently, while 1003 and 517 have limited visits, making them less likely. The user seems to favor places with high visit frequency, especially on Fridays and weekends."
40,1006,"[1006, 1, 1147, 960, 1003, 976, 517, 1006, 1006, 1006]","The user has a strong pattern of visiting place_id 1006 frequently across various days and times, especially on weekdays. The recent context shows multiple visits to place_id 1, indicating a potential shift or additional interest in that location. Place_id 1147 is also visited regularly, particularly late at night. The user has shown a consistent pattern of returning to familiar places, especially during the mornings and afternoons, which supports the prediction of these locations."
40,1,"[1, 1006, 960, 1147, 1003, 976, 517, 1006, 1006, 1006]","The user has a strong pattern of visiting place_id 1 and 1006 frequently, especially on Fridays and weekends. Recent context shows multiple visits to place_id 1 on Friday, indicating a likelihood of returning there. Place_id 1006 is also a common destination in the user's history, particularly on weekdays. Other places like 960 and 1147 are visited less frequently but still appear in the user's history, making them potential candidates as well."
40,1,"[1, 1006, 1147, 960, 1003, 976, 517, 1006, 1006, 1006]","The user has a strong pattern of visiting place_id 1 and 1006 frequently, especially on weekends and weekdays. Recent context shows visits to place_id 1, indicating a preference for this location. Place_id 1006 is also a common choice in both history and context, making it a likely next destination. Place_id 1147 appears frequently in the history, especially late at night, suggesting it could be a potential choice as well. Other places like 960, 1003, and 976 have been visited but less frequently, making them less likely but still possible options."
40,1,"[1006, 1, 1147, 960, 1003, 976, 517, 1006, 1006, 1006]","The user has a strong pattern of visiting place 1006 frequently, especially on weekdays and weekends, indicating it is a primary location. Place 1 is also visited often, particularly in the context stays, suggesting a likelihood of returning there. Place 1147 is visited late at night, which aligns with the context stays. Other places like 960 and 1003 have been visited but less frequently, while 976 appears in the context, indicating potential interest. The repetition of 1006 in both history and context suggests it is the most probable next location."
40,1,"[1006, 1, 1147, 960, 976, 1003, 517, 1006, 1006, 1006]","The user has a strong pattern of visiting place_id 1006 frequently across various days and times, especially on weekdays and weekends. Recent context shows visits to place_id 1, which is also a common location in the user's history. Place_id 1147 appears regularly in the user's history, particularly at night, indicating a potential late visit. Other places like 960 and 976 have been visited but less frequently, suggesting they are less likely next choices. The consistent pattern of returning to 1006 makes it the most probable next location."
40,1147,"[1006, 1, 1147, 960, 1003, 976, 517, 1006, 1006, 1006]","The user has a strong pattern of visiting place 1006 frequently across various days and times, especially on weekdays. Recent context shows visits to place 1, which is also a common location in their history. Place 1147 is visited late at night, and place 960 has been visited in the morning. The user seems to favor these places, indicating a likelihood of returning to them."
40,1006,"[1006, 1, 1147, 960, 976, 1003, 517, 1006, 1006, 1006]","The user has a strong pattern of visiting place_id 1006 frequently across various days and times, especially on weekdays. The recent context shows visits to place_id 1, which is also a frequent location in the user's history. Place_id 1147 is visited late at night, indicating a possible pattern for evening visits. The user also has a history of visiting place_id 960 and 976, suggesting they are likely candidates for the next visit. Overall, the predictions are based on the frequency and timing of past visits."
40,1147,"[1006, 1, 1147, 960, 1003, 976, 517, 1006, 1006, 1006]","The user has a strong pattern of visiting place_id 1006 frequently across various days and times, especially on Mondays and Tuesdays. Recent context shows visits to place_id 1 and 1147, indicating a likelihood of returning to these places. The user also has a history of visiting place_id 960 and 1003, which may suggest they are potential next locations. The consistent visits to place_id 1006 reinforce its high probability as the next location."
40,1006,"[1006, 1147, 1, 960, 976, 1003, 665, 250, 304, 776]","The user has a strong pattern of visiting places 1006 and 1147 frequently, especially on weekdays and weekends. Recent context shows visits to place 1 and 1147, indicating a preference for these locations. The user also visited place 960 and 976 in the past, suggesting they may return to these places. The context data reinforces the likelihood of visiting 1 and 1147 again, while 1006 remains a consistent choice."
40,1147,"[1006, 1147, 1, 960, 976, 1003, 517, 1006, 1006, 1006]","The user has a strong pattern of visiting place_id 1006 frequently across various days and times, especially on weekdays. Recent context shows visits to place_id 1 and 1147, indicating they are also likely candidates. The user has also visited place_id 960 and 976, but less frequently. The consistent pattern of returning to 1006 suggests it is the most probable next location."
40,1006,"[1006, 1147, 1, 960, 976, 1003, 665, 811, 776, 592]","The user has a strong pattern of visiting places 1006 and 1147 frequently, especially on weekdays and during morning hours. Recent context shows visits to 1147 and 1006, reinforcing their likelihood. Place 1 is also visited regularly, particularly on weekends. Other places like 960 and 976 have occasional visits, but less frequently than the top candidates."
40,1147,"[1006, 1147, 1, 960, 976, 1003, 517, 1006, 1006, 1006]","The user has a strong pattern of visiting place 1006 frequently across various days and times, especially on weekdays. Recent context shows visits to 1006 and 1147, indicating a preference for these locations. Place 1 is also visited regularly, particularly on weekends. The user has shown a consistent pattern of returning to these places, making them the most likely next destinations."
40,1006,"[1006, 1147, 1, 960, 976, 1003, 517, 1006, 1006, 1006]","The user has a strong pattern of visiting places 1006 and 1147 frequently, especially on weekdays and weekends. Recent context shows visits to 1147 and 1006, indicating a preference for these locations. The user also has a history of visiting place 1, which is a common stop. The other places have less frequent visits but are still relevant based on the user's overall activity pattern."
40,1147,"[1006, 1147, 1, 960, 976, 1003, 833, 601, 569, 811]","The user has a strong pattern of visiting place_id 1006, especially on weekdays and weekends, as seen in both history and context. Place_id 1147 is frequently visited late at night, while place_id 1 is a recurring location on Sundays. The context shows recent visits to 1006 and 1147, indicating these are likely next stops. Other places like 960, 976, and 1003 have occasional visits, but their likelihood is lower compared to the top three."
40,1144,"[1006, 1147, 1, 960, 976, 1003, 517, 1006, 1006, 1006]","The user has a strong pattern of visiting place 1006 frequently across various days and times, especially on weekdays. Place 1147 is also visited regularly, particularly late at night. Recent context shows visits to both places 1147 and 1006, indicating a likelihood of returning to these locations. Other places like 1, 960, 976, and 1003 have been visited but less frequently, making them less probable for the next visit."
40,1006,"[1006, 1147, 1, 960, 976, 1003, 1144, 1006, 1147, 1]","The user has a strong pattern of visiting place_id 1006, especially on weekdays and weekends, indicating it is a preferred location. Place_id 1147 is also frequently visited late at night, suggesting it may be a common stop after other activities. The context shows recent visits to both 1006 and 1147, reinforcing their likelihood. Place_id 1 appears multiple times, indicating it may be a secondary location. Other places like 960, 976, and 1003 have less frequent visits but are still relevant based on historical data."
40,1,"[1006, 1147, 1, 960, 976, 1003, 1144, 1005, 1002, 1001]","The user has a strong pattern of visiting place 1006 frequently, especially on weekdays and weekends, indicating a high likelihood of returning there. Place 1147 is also visited regularly, particularly late at night, which aligns with the recent context stays. Place 1 is visited multiple times, especially on Sundays, suggesting it may be a common destination. Other places like 960 and 976 have been visited but less frequently, making them less likely but still possible options."
40,1006,"[1006, 1147, 1, 960, 1144, 1003, 976, 1005, 1002, 1001]","The user has a strong pattern of visiting place 1006 frequently across various days and times, especially on weekdays and weekends. Recent context shows visits to 1006 and 1147, indicating a preference for these places. The user also visited 1 and 960 multiple times, suggesting they are likely candidates for the next location. The context indicates a visit to 1144, which may also be relevant. Overall, the predictions are based on historical frequency and recent activity."
40,1126,"[1006, 1147, 1, 960, 1144, 1003, 976, 1004, 1005, 1007]","The user has a strong pattern of visiting place 1006 frequently, especially on weekdays and weekends, indicating it is a preferred location. Place 1147 is also visited regularly, particularly late at night. Recent context shows a visit to 1147 on Saturday morning and 1006 on Saturday evening, suggesting a likelihood of returning to these places. The user has also shown interest in place 1, which is visited multiple times, especially on weekends. Other places like 960 and 1144 have been visited but less frequently, making them less likely but still possible options."
40,1006,"[1006, 1, 1147, 960, 1126, 517, 1003, 976, 1144, 1004]","The user has a strong pattern of visiting place_id 1006 frequently across various days and times, especially on weekends and Mondays. Recent context shows a visit to place_id 1006 on Saturday evening and again on Sunday night, indicating a continued preference. Place_id 1 is also visited regularly, particularly on Sundays, making it a likely next stop. Place_id 1147 has been visited late at night multiple times, suggesting it could be a late-night option. Other places like 960 and 1126 have been visited recently, indicating potential interest. The user has shown varied activity across different places, but the strong historical preference for 1006 and 1 makes them the top predictions."
40,1147,"[1006, 1, 1147, 960, 1126, 1003, 976, 517, 1000, 1001]","The user has a strong pattern of visiting place_id 1006, especially on weekdays and weekends, as seen in both history and context. Place_id 1 is also frequently visited, particularly on Sundays. Place_id 1147 appears regularly late at night, while 960 is visited in the morning. The recent context shows continued activity at 1006 and 1, suggesting these are likely next destinations. Other places like 1126 and 1003 have less frequent visits but are still relevant based on recent context."
40,1006,"[1006, 1, 1147, 960, 1126, 1003, 976, 517, 1001, 1002]","The user has a strong pattern of visiting place_id 1006, especially on weekdays and weekends, indicating it is a frequent destination. Recent context shows visits to place_id 1 and 1006, reinforcing their likelihood. Place_id 1147 is also frequently visited late at night, while 960 appears in the history as a morning destination. The user has shown interest in place_id 1126 recently, suggesting it may be a new frequent spot. Other places like 1003 and 976 have been visited recently, but with less frequency."
40,1147,"[1006, 1147, 1, 960, 1126, 1003, 976, 517, 1000, 1001]","The user has a strong pattern of visiting place_id 1006, especially on weekdays and during morning hours, as seen in both history and context. Place_id 1147 is frequently visited late at night, while place_id 1 is a recurring location on weekends. The recent context shows continued visits to 1006 and 1147, indicating these are likely candidates for the next location. Other places like 960 and 1126 have also been visited recently, suggesting they could be potential next stops."
40,1006,"[1006, 1147, 1, 960, 1126, 1003, 976, 517, 1000, 1001]","The user has a strong pattern of visiting place_id 1006, especially on weekdays and weekends, indicating it is a preferred location. Place_id 1147 is frequently visited late at night, suggesting it may be a social or leisure spot. Recent context shows visits to 1006 and 1147, reinforcing their likelihood. Place_id 1 is also visited regularly, particularly on Sundays. Other places like 960 and 1126 appear in the context, indicating potential new interests. The ranking reflects the frequency and recency of visits."
40,1147,"[1006, 1147, 1, 960, 976, 1003, 517, 1006, 1006, 1006]","The user has a strong pattern of visiting place 1006, especially on weekdays and during morning hours, as seen in both history and context. Place 1147 is also frequently visited late at night, while place 1 appears multiple times on weekends. The recent context shows continued visits to 1006 and 1147, reinforcing their likelihood as next destinations."
40,1006,"[1006, 1147, 1, 960, 976, 1003, 517, 1006, 1006, 1006]","The user has a strong pattern of visiting places 1006 and 1147 frequently across various days and times, particularly on Wednesdays and Mondays. Recent context stays also indicate visits to 1147 and 1006, reinforcing their likelihood. The user has shown less frequent visits to places like 1, 960, 976, and 1003, but they still remain potential options based on historical data."
40,1147,"[1006, 1147, 1, 960, 976, 1003, 517, 1006, 1006, 1006]","The user has a strong pattern of visiting place_id 1006 frequently across various days and times, especially on weekdays. Recent context shows visits to 1006 in the evening, indicating a likelihood of returning there. Place_id 1147 is also visited frequently, particularly late at night, making it a probable next location. Place_id 1 has been visited multiple times on weekends, suggesting it could be a potential choice as well. Other places like 960 and 976 have less frequent visits but are still relevant based on historical data."
40,1006,"[1006, 1147, 1, 960, 976, 1003, 517, 1006, 1006, 1006]","The user has a strong pattern of visiting places 1006 and 1147 frequently, especially on weekdays and weekends. Recent context shows visits to 1147 and 1006, indicating a preference for these locations. The user also has a history of visiting place 1, which is a common stop. The other places have less frequent visits but are still relevant based on the user's overall activity pattern."
40,1147,"[1006, 1147, 1, 960, 976, 1003]","The user has a strong pattern of visiting place_id 1006, especially on weekdays and weekends, as seen in both history and context. Place_id 1147 is frequently visited late at night, while place_id 1 is a recurring location on Sundays. The user also visits place_id 960 and 976, but less frequently. The recent context shows continued visits to 1006 and 1147, reinforcing their likelihood as the next destination."
40,1006,"[1006, 1147, 1, 960, 976, 1003, 517, 1006, 1006, 1006]","The user has a strong pattern of visiting place 1006 frequently, especially on weekdays and during morning hours. Place 1147 is also visited regularly, particularly late at night. Recent context shows visits to both places on Monday and Tuesday mornings, indicating a likelihood of returning to these locations. Place 1 is visited often on weekends, suggesting it may be a potential choice as well. Other places like 960 and 976 have occasional visits but are less frequent compared to the top places."
40,1147,"[1006, 1147, 1, 960, 976, 1003, 517, 1006, 1006, 1006]","The user has a strong pattern of visiting place_id 1006, especially on weekdays and weekends, as seen in both history and context. Place_id 1147 is also frequently visited late at night, while place_id 1 appears multiple times, indicating a possible home or frequently visited location. The context shows recent visits to 1006 and 1147, reinforcing their likelihood. Other places like 960 and 976 have less frequent visits but are still relevant."
40,1006,"[1006, 1147, 1, 960, 976, 1003, 517, 1006, 1006, 1006]","The user has a strong pattern of visiting place_id 1006, especially on weekdays and weekends, indicating it is a preferred location. Place_id 1147 is also frequently visited late at night, suggesting it may be a common destination for evening activities. The context shows recent visits to both 1147 and 1006, reinforcing their likelihood as next destinations. Place_id 1 appears multiple times, indicating it may be a fallback option. Other places like 960 and 976 have less frequent visits but are still relevant based on historical data."
40,1147,"[1006, 1147, 1, 960, 976, 1003, 517, 1006, 1006, 1006]","The user has a strong pattern of visiting place_id 1006, especially on weekdays and mornings, as seen in both history and context. Place_id 1147 is frequently visited late at night, while place_id 1 is a recurring location on weekends. The recent context shows continued visits to 1006 and 1147, indicating these are likely next stops."
40,1006,"[1006, 1147, 1, 960, 976, 1003, 517, 1006, 1006, 1006]","The user has a strong pattern of visiting place_id 1006, especially on weekdays and weekends, indicating it is a preferred location. Place_id 1147 is also frequently visited late at night, suggesting it may be a common destination after other activities. Recent context shows visits to both 1147 and 1006, reinforcing their likelihood as next destinations. Other places like 1, 960, 976, and 1003 have less frequent visits but are still relevant based on historical data."
40,1,"[1006, 1147, 1, 960, 976, 1003, 517, 1006, 1006, 1006]","The user has a strong pattern of visiting place_id 1006 frequently across various days and times, especially on weekdays. Recent context shows visits to 1006 in the evening, indicating a likelihood of returning there. Place_id 1147 is also visited regularly, particularly late at night, suggesting it may be a secondary option. Place_id 1 appears multiple times, indicating it could be a fallback location. Other places like 960 and 976 have less frequent visits but are still considered due to their presence in the history."
40,1006,"[1006, 1147, 1, 960, 976, 1003, 517, 1006, 1006, 1006]","The user has a strong pattern of visiting place 1006 frequently across various days and times, especially on weekdays. Place 1147 is also visited regularly, particularly late at night. Recent context shows visits to both places 1147 and 1006, indicating a likelihood of returning to these locations. Place 1 is visited often on Sundays, and places 960 and 976 have been visited multiple times, suggesting they could also be potential next locations."
40,1147,"[1006, 1147, 1, 960, 976, 1003, 517, 1006, 1147, 1]","The user has a strong pattern of visiting place 1006 frequently across various days and times, especially on weekdays. Place 1147 is also visited regularly, particularly late at night. The recent context shows continued visits to these places, reinforcing their likelihood as the next destination. Place 1 appears frequently as well, especially on weekends, making it a probable choice. Other places like 960 and 976 have less frequent visits but are still relevant based on the user's history."
40,1006,"[1006, 1147, 1, 960, 976, 1003, 517, 1006, 1006, 1006]","The user has a strong pattern of visiting place 1006 frequently across various days and times, especially on weekdays. Place 1147 is also visited regularly, particularly late at night. The context shows recent visits to both places, reinforcing their likelihood as the next destination. Place 1 is visited often on weekends, while places 960 and 976 have occasional visits, making them less likely but still possible. The user has a consistent routine that favors these locations."
40,1147,"[1006, 1, 1147, 960, 976, 1003, 517, 1006, 1006, 1006]","The user has a strong pattern of visiting place ID 1006 frequently across various days and times, especially on weekdays. Recent context shows a visit to 1006 on Friday evening, reinforcing its likelihood. Place ID 1 is also visited regularly, particularly on weekends, making it a probable next location. Place ID 1147 has been visited late at night, indicating potential for late visits. Other places like 960 and 976 have occasional visits, but less frequently than the top candidates."
40,1006,"[1006, 1147, 1, 960, 1003, 976, 517, 1006, 1006, 1006]","The user has a strong pattern of visiting place 1006 frequently across various days and times, especially on weekdays. Place 1147 is also visited regularly, particularly late at night. The recent context shows visits to places 1 and 1006, indicating a likelihood of returning to these locations. The user has a consistent routine that suggests they may revisit familiar places, especially those they have been to recently."
40,1147,"[1006, 1147, 1, 960, 976, 1003, 517, 1006, 1006, 1006]","The user has a strong pattern of visiting place_id 1006 frequently across various days and times, especially on weekdays. Recent context stays also indicate visits to 1006 and 1147, suggesting these are likely candidates for the next location. The user has shown less frequent visits to other places, making them less likely."
40,1006,"[1006, 1147, 1, 960, 976, 1003, 517, 1006, 1006, 1006]","The user has a strong pattern of visiting place 1006 frequently across various days and times, especially on weekdays. Place 1147 is also visited regularly, particularly late at night. Recent context shows the user visiting both places 1147 and 1006, indicating a likelihood of returning to these locations. Other places like 1, 960, and 976 have occasional visits but are less frequent compared to 1006 and 1147."
40,1,"[1006, 1147, 1, 960, 976, 1003, 517, 1006, 1006, 1006]","The user has a strong pattern of visiting place_id 1006 frequently across various days and times, especially on weekdays. Recent context shows visits to 1006 in the evening, indicating a preference for this location. Place_id 1147 is also visited regularly, particularly late at night, making it a likely candidate. Place_id 1 appears multiple times, suggesting it is a common stop as well. Other places like 960 and 976 have less frequent visits but are still relevant based on historical data."
40,1,"[1006, 1147, 1, 960, 976, 1003, 517, 1006, 1006, 1006]","The user has a strong pattern of visiting place 1006 frequently, especially on weekdays and weekends, indicating it is a primary location. Place 1147 is also visited regularly, particularly late at night. The context shows recent visits to both 1147 and 1006, reinforcing their likelihood as next destinations. Place 1 is visited often as well, particularly on Sundays, making it a probable choice. Other places like 960, 976, and 1003 have less frequent visits but are still relevant based on historical data."
40,1,"[1006, 1147, 1, 960, 976, 1003, 517, 1006, 1006, 1006]","The user has a strong pattern of visiting place_id 1006, especially on weekdays and weekends, as seen in both history and context. Place_id 1147 is frequently visited late at night, while place_id 1 is visited multiple times on weekends. The recent context shows continued visits to 1006 and 1147, indicating these are likely candidates for the next location."
40,1,"[1006, 1147, 1, 960, 976, 1003, 517, 1006, 1006, 1006]","The user has a strong pattern of visiting place 1006 frequently across various days and times, especially on weekdays. Place 1147 is also visited regularly, particularly late at night. Recent context shows the user visited place 1147 in the morning and place 1006 in the evening on Friday, indicating a preference for these locations. Place 1 is visited multiple times, especially on weekends, suggesting it may be a fallback option. Other places like 960, 976, and 1003 have less frequent visits but are still relevant based on historical data."
40,1,"[1006, 1, 1147, 960, 976, 1003, 517, 1006, 1006, 1006]","The user has a strong pattern of visiting place_id 1006 frequently across various days and times, especially on weekdays. Recent context shows visits to place_id 1, indicating a possible shift or interest in that location, but the historical data suggests a higher likelihood of returning to 1006. Place_id 1147 is also visited regularly, particularly late at night, which may suggest a preference for that location during those hours. Other places like 960 and 976 have been visited but less frequently, making them less likely as the next destination."
40,1006,"[1, 1006, 1147, 960, 976, 1003, 517, 1000, 1001, 1002]","The user has a strong pattern of visiting place_id 1 frequently, especially on Sundays and Mondays, as seen in both history and context. Place_id 1006 is also a common destination, visited multiple times throughout the week, particularly on weekdays. Place_id 1147 appears frequently late at night, indicating a possible preference for evening visits. The context shows recent stays at place_id 1, reinforcing its likelihood as the next destination. Other places like 960, 976, and 1003 have been visited but less frequently, making them less likely but still possible options."
40,332,"[1006, 1, 1147, 960, 1003, 976, 517, 1006, 1006, 1006]","The user has a strong pattern of visiting place 1006 frequently across various days and times, especially on weekdays. Recent context shows a visit to place 1, which is also a common location in the user's history. Place 1147 is visited late at night, indicating a potential for evening visits. Place 960 and 1003 have been visited in the past, suggesting they may also be considered. The user has a consistent routine that favors certain places, particularly 1006, which is likely to be the next destination."
40,1006,"[1006, 1, 1147, 960, 332, 1003, 976, 517, 1000, 1001]","The user has a strong pattern of visiting place 1006 frequently across various days and times, especially on weekdays. Recent context shows visits to place 1, which is also a common location in the user's history. Place 1147 is visited late at night, indicating a potential for evening visits. Place 960 appears in the history and context, suggesting it may be a secondary option. Other places like 332 and 1003 have been visited recently, indicating they could be considered as well."
40,960,"[1006, 1, 1147, 960, 332, 1003, 976, 517, 1006, 1006]","The user has a strong pattern of visiting place_id 1006 frequently across various days and times, especially on weekdays. Recent context shows visits to place_id 1 and 1006, indicating a likelihood of returning to these places. Place_id 1147 is also visited often, particularly late at night. The user has shown some activity at place_id 960 and 332, suggesting they may also be potential next locations. Overall, the consistent visits to 1006 and the recent context strongly support its prediction as the next likely place."
40,976,"[1006, 1, 960, 332, 1147, 1003, 976, 517, 1006, 1006]","The user has a strong pattern of visiting place_id 1006 frequently across various days and times, especially on weekdays. Recent context shows visits to place_id 1 and 1006, indicating a likelihood of returning to these places. Place_id 960 has also been visited recently, suggesting it may be a potential next stop. The user has a consistent routine that favors these locations."
40,74,"[1006, 960, 1, 1147, 332, 976, 517, 1003, 1006, 1006]","The user has a strong pattern of visiting place_id 1006 frequently across various days and times, especially on weekdays. Recent context shows visits to 1006 on Thursday and Friday, indicating a preference for this location. Place_id 960 is also visited recently, suggesting it may be a secondary option. Place_id 1 and 1147 are visited regularly but less frequently than 1006. Other places like 332 and 976 appear in the context but have less historical significance."
40,1006,"[1006, 960, 1, 1147, 976, 332, 74, 517, 1003, 1000]","The user has a strong pattern of visiting place_id 1006 frequently across various days and times, especially on weekdays. Recent context shows a visit to place_id 332 on Friday, which may indicate a shift in routine but still aligns with the user's tendency to visit nearby or related places. Place_id 960 and 1 are also recurrent in the user's history, suggesting they are likely candidates for the next visit. The user has shown some interest in place_id 976 and 74 recently, which could indicate a potential new pattern. Overall, the predictions are based on the frequency of visits and the recent context."
40,1147,"[1006, 960, 976, 1147, 1, 517, 74, 1003, 1006, 1006]","The user has a strong pattern of visiting place 1006 frequently across various days and times, especially on weekends and Mondays. Recent context shows a visit to 1006 on Friday evening, indicating a likelihood of returning there. Place 960 is also visited recently on Saturday, suggesting it may be a secondary option. Other places like 976 and 1147 have been visited multiple times in the past, making them potential candidates as well."
40,1006,"[1006, 1147, 1, 960, 976, 517, 74, 1003, 1006, 960]","The user has a strong pattern of visiting place 1006 frequently across various days and times, especially on weekends. Recent context shows a visit to place 960 and 976, indicating potential interest in these locations. Place 1147 is also visited regularly, particularly late at night. The user tends to return to familiar places, which supports the prediction of these locations as the next likely stops."
40,1006,"[1006, 1, 1147, 976, 960, 74, 1003, 517, 1006, 1006]","The user has a strong pattern of visiting place_id 1006 frequently across various days and times, especially on weekends and Mondays. Recent context shows a visit to place_id 1006 on Saturday evening, indicating continued interest. Place_id 1 and 1147 are also recurrent in the user's history, suggesting they are likely candidates for the next visit. Place_id 976 appears in both history and context, indicating potential interest, while 960 and 74 are less frequent but still relevant based on recent context. Overall, the predictions are based on the frequency and recency of visits."
40,1006,"[1006, 1147, 1, 960, 74, 1003, 976, 517, 1006, 1006]","The user has a strong pattern of visiting place_id 1006, especially on weekdays and weekends, as seen in both history and context. Place_id 1147 is frequently visited late at night, while place_id 1 is a recurring location on Sundays. The recent context shows visits to place_id 1006 and 1147, indicating a preference for these places. Place_id 960 is also visited in the morning, and place_id 74 was visited recently, suggesting it could be a potential next stop."
40,1147,"[1006, 1147, 1, 960, 976, 1003, 517, 1006, 1006, 1006]","The user has a strong pattern of visiting place_id 1006 frequently across various days and times, especially on weekends and Mondays. The recent context also shows multiple visits to 1006, indicating a high likelihood of returning there. Place_id 1147 is also visited frequently, particularly late at night, making it a probable next location. Place_id 1 has been visited multiple times on Sundays, suggesting it could be a potential choice as well. Other places like 960 and 976 have less frequent visits but are still relevant based on the user's history."
40,1147,"[1006, 1147, 1, 960, 976, 1003, 517, 1006, 1006, 1006]","The user has a strong pattern of visiting place_id 1006, especially on weekdays and weekends, indicating it is a preferred location. Place_id 1147 is frequently visited late at night, suggesting it may be a social or leisure spot. Recent context shows continued visits to both 1006 and 1147, reinforcing their likelihood as next destinations. Place_id 1 is also visited regularly, particularly on Sundays, making it a probable choice. Other places like 960, 976, and 1003 have less frequent visits but are still relevant based on historical patterns."
40,1006,"[1006, 1147, 1, 960, 976, 1003, 517, 1006, 1006, 1006]","The user has a strong pattern of visiting place_id 1006 frequently across various days and times, especially on weekdays. Recent context shows the user visited 1006 on Sunday and Monday evenings, indicating a preference for this location. Place_id 1147 is also visited regularly, particularly late at night, suggesting it may be a secondary choice. Place_id 1 appears multiple times, indicating it is a common location as well. Other places like 960 and 976 have less frequent visits but are still part of the user's history."
40,1147,"[1006, 1147, 1, 960, 976, 1003, 517, 1006, 1006, 1006]","The user has a strong pattern of visiting place 1006 frequently across various days and times, especially on Mondays and Wednesdays. Recent context stays also indicate visits to 1006, reinforcing its likelihood as the next destination. Place 1147 is also visited regularly, particularly late at night, making it a probable next location. Place 1 has been visited multiple times on weekends, suggesting it could be a potential choice as well. Other places like 960 and 976 have occasional visits, but their frequency is lower compared to the top candidates."
40,1006,"[1006, 1147, 1, 960, 976, 1003, 517, 1006, 1006, 1006]","The user has a strong pattern of visiting place 1006, especially on weekdays and during morning hours, as seen in both history and context. Place 1147 is also frequently visited late at night, and place 1 is a recurring location on weekends. The recent context shows continued visits to 1006 and 1147, reinforcing their likelihood as the next destination."
40,1,"[1006, 1147, 1, 960, 976, 1003, 517, 1006, 1006, 1006]","The user has a strong pattern of visiting places 1006 and 1147 frequently across various days and times, especially on weekdays. Recent context shows visits to 1147 and 1006, indicating a likelihood of returning to these places. The user also has a history of visiting place 1, which is notable for late-night stays. Other places like 960 and 976 have been visited but less frequently, making them less likely as next destinations."
40,1006,"[1006, 1147, 1, 960, 1003, 976, 517, 1006, 1006, 1006]","The user has a strong pattern of visiting place 1006 frequently across various days and times, especially on weekdays. Place 1147 is also visited regularly, particularly late at night. Recent context shows visits to both places 1147 and 1006, indicating a likelihood of returning to these locations. Place 1 is visited often on weekends, while places 960 and 1003 have occasional visits, suggesting they may also be considered. The user’s activity pattern indicates a preference for these places, especially during morning and evening hours."
40,1,"[1006, 1147, 1, 960, 976, 1003, 517, 1006, 1006, 1006]","The user has a strong pattern of visiting place_id 1006, especially on weekdays and weekends, with multiple visits recorded in both history and context. Place_id 1147 is also frequently visited, particularly late at night. The recent context shows continued activity at these places, reinforcing their likelihood as the next destination."
40,1147,"[1006, 1, 1147, 960, 976, 1003, 517, 1006, 1006, 1006]","The user has a strong pattern of visiting place_id 1006 frequently across various days and times, especially on weekdays. Recent context shows visits to place_id 1006 and 1, indicating a preference for these locations. Place_id 1147 is also visited regularly, particularly late at night. The user has shown a tendency to return to familiar places, especially on Fridays and Saturdays, which supports the prediction of these locations."
40,1,"[1006, 1, 1147, 960, 1003, 976, 517, 1006, 1006, 1006]","The user has a strong pattern of visiting place_id 1006 frequently across various days and times, especially on weekdays. Recent context shows visits to 1006 and 1, indicating a preference for these places. Place_id 1147 is also visited regularly, particularly late at night. The user has shown a tendency to return to familiar places, especially on Fridays and Mondays, which supports the prediction of these locations."
40,1,"[1006, 1, 1147, 960, 1003, 976, 517, 1006, 1006, 1006]","The user has a strong pattern of visiting place 1006 frequently across various days and times, especially on weekdays. Recent context shows visits to places 1 and 1006, indicating a likelihood of returning to these locations. Place 1147 is also visited regularly, particularly late at night. The user has shown a preference for place 960 on Fridays, and places 1003 and 976 have been visited recently, suggesting they may also be considered. Overall, the predictions are based on the frequency and recency of visits to these places."
40,1,"[1006, 1, 1147, 960, 976, 1003, 517, 1006, 1006, 1006]","The user has a strong pattern of visiting place_id 1006 frequently across various days and times, especially on weekdays. Recent context shows a visit to place_id 1006 on Friday night, indicating continued interest. Place_id 1 is also visited regularly, particularly on weekends, making it a likely candidate. Place_id 1147 has been visited late at night multiple times, suggesting it could be a preferred location for late visits. Other places like 960, 976, and 1003 have less frequent visits but are still relevant based on the user's overall activity pattern."
40,1147,"[1006, 1, 1147, 960, 1003, 976, 517, 1006, 1006, 1006]","The user has a strong pattern of visiting place_id 1006 frequently across various days and times, especially on weekdays. Recent context shows visits to place_id 1, which is also a common location in the user's history. Place_id 1147 is visited late at night, indicating a potential for late visits. The user has also shown some activity at place_id 960 and 1003, suggesting they might be considered as alternatives. Overall, the predictions are based on the frequency and timing of past visits."
40,1006,"[1006, 1, 1147, 960, 976, 1003, 517, 1006, 1006, 1006]","The user has a strong pattern of visiting place_id 1006 frequently across various days and times, especially on weekdays. Recent context shows visits to place_id 1 and 1147, indicating a likelihood of returning to these places. The user also has a history of visiting place_id 960 and 976, which suggests they may consider these locations as well. The consistent visits to place_id 1006 make it the most probable next location."
40,1,"[1006, 1, 1147, 960, 1003, 976, 517, 1006, 1006, 1006]","The user has a strong pattern of visiting place_id 1006 frequently across various days and times, especially on weekdays. Recent context shows visits to place_id 1, which is also a common location in the user's history. Place_id 1147 is visited late at night, indicating a potential for evening visits. The user also has a history of visiting place_id 960 and 1003, suggesting they may return to these places. Overall, the predictions are based on the frequency and timing of past visits."
40,1006,"[1006, 1, 1147, 960, 1003, 976, 517, 1006, 1006, 1006]","The user has a strong pattern of visiting place_id 1006 frequently across various days and times, especially on weekdays. Recent context shows a visit to place_id 1, which is also a common location in the user's history. Place_id 1147 is visited late at night, indicating a potential for evening visits. The user also has a history of visiting place_id 960 and 1003, suggesting they may return to these places. Overall, the predictions are based on the frequency and timing of past visits."
40,961,"[1006, 1, 1147, 960, 976, 1003, 956, 517, 1006, 1006]","The user has a strong pattern of visiting place_id 1006 frequently across various days and times, especially on weekdays. Recent context shows visits to place_id 1 and 1147, indicating a likelihood of returning to these places. The user also visited place_id 960 and 976, suggesting they are part of their routine. The prediction reflects the most visited places in the user's history and recent context."
40,1147,"[1006, 1147, 1, 960, 976, 961, 1003, 956, 517, 1000]","The user has a strong pattern of visiting place 1006 frequently across various days and times, especially on weekdays. Place 1147 is also visited late at night, indicating a possible routine. Recent context shows visits to places 1147 and 1006, reinforcing their likelihood. Place 1 is visited often on weekends, while 960 and 976 have been visited in the past, suggesting they could be potential next stops. Place 961 was visited recently, making it a candidate as well."
40,1147,"[1006, 1, 1147, 960, 961, 976, 1003, 956, 517, 0]","The user has a strong pattern of visiting place_id 1006 frequently across various days and times, especially on weekdays. Recent context shows a visit to 1006 on Friday evening, indicating continued interest. Place_id 1 is also visited regularly, particularly on weekends. Place_id 1147 is visited late at night, suggesting it may be a popular choice for evening activities. Other places like 960 and 961 have been visited recently, indicating potential for future visits. The user has a consistent routine that favors certain locations, particularly 1006."
40,1006,"[1006, 1, 1147, 960, 961, 1003, 976, 517, 1000, 1001]","The user has a strong pattern of visiting place_id 1006 frequently across various days and times, especially on weekdays. Recent context shows a visit to place_id 1 on Saturday, which is also a common location in the user's history. Place_id 1147 is visited late at night, indicating a potential for late-night visits. The user also has a history of visiting place_id 960 and 961, suggesting they are likely candidates for the next visit. Other places like 1003 and 976 have been visited recently, making them relevant as well."
40,1147,"[1006, 1147, 1, 960, 961, 1003, 976, 517, 1006, 1006]","The user has a strong pattern of visiting place_id 1006 frequently across various days and times, especially on weekdays. Recent context shows a stay at 1006 on Saturday night, indicating continued interest. Place_id 1147 is also visited regularly, particularly late at night, suggesting it may be a common destination after other activities. Place_id 1 appears multiple times, indicating it may serve as a fallback or secondary location. Other places like 960 and 961 have less frequent visits but are still relevant based on recent context."
40,1147,"[1006, 1147, 961, 960, 1, 1003, 976, 1001, 1002, 1004]","The user has a strong pattern of visiting place 1006 frequently across various days and times, especially on weekdays. Place 1147 is also visited regularly, particularly late at night. The recent context shows a visit to place 961, which may indicate a shift in preference. The user has also been to places 960 and 1 multiple times, suggesting they are likely candidates for the next visit. The other places are less frequent but still possible based on the user's varied history."
40,1,"[1006, 1147, 1, 960, 976, 1003, 517, 1006, 1006, 1006]","The user has a strong pattern of visiting places 1006 and 1147 frequently across various days and times, especially on Mondays and Wednesdays. Recent context shows continued visits to 1147 and 1006, indicating these are likely to be the next locations. The user also has a history of visiting place 1, which is another potential candidate. Other places like 960 and 976 have been visited but less frequently, making them less likely."
40,375,"[1006, 1147, 1, 960, 1003, 976, 517, 1006, 1006, 1006]","The user has a strong pattern of visiting places 1006 and 1147 frequently across various days and times, especially on weekdays. Recent context shows visits to 1147 and 1006, indicating a likelihood of returning to these places. Place 1 is also visited regularly, particularly on weekends. The user has shown a consistent preference for these locations, making them the most probable next stops."
40,1006,"[1006, 1147, 1, 960, 375, 1003, 976, 517, 1006, 1006]","The user has a strong pattern of visiting place_id 1006, especially on weekdays and weekends, indicating it is a primary location. Place_id 1147 is frequently visited late at night, suggesting it may be a popular spot for evening activities. Place_id 1 is visited multiple times on Sundays, indicating a possible routine. The context shows recent visits to 1006 and 1147, reinforcing their likelihood. Other places like 960 and 375 appear less frequently but are still relevant based on recent context."
40,1147,"[1006, 1147, 1, 960, 375, 1003, 976, 517, 1006, 1006]","The user has a strong pattern of visiting place 1006 frequently, especially on weekdays and weekends, indicating it is a primary location. Place 1147 is also visited regularly, particularly late at night. Recent context shows the user visited 1147 in the morning and 1 in the afternoon, suggesting these places are likely candidates for the next visit. The user has also shown interest in place 960 and 375, which were visited recently, making them potential next locations as well."
40,1,"[1006, 1, 1147, 960, 375, 517, 1003, 976, 0, 0]","The user has a strong pattern of visiting place_id 1006 frequently across various days and times, especially on weekdays. Recent context shows a visit to place_id 1147, which is also a common location in the user's history. Place_id 1 is visited often on weekends, and place_id 960 appears on weekdays. The user has also visited place_id 375 recently, indicating a potential interest in that location. Overall, the predictions are based on the frequency and recency of visits to these places."
40,1006,"[1006, 1, 1147, 375, 960, 517, 1003, 976, 1006, 1]","The user has a strong pattern of visiting place_id 1006 frequently, especially on weekdays and weekends, indicating it is a preferred location. Recent context shows a visit to place_id 1, which is also a common location in the user's history. Place_id 1147 appears regularly in the user's history, particularly at night, suggesting it may be a late-night destination. The context also includes a visit to place_id 375, which could indicate a new interest. Other places like 960, 517, 1003, and 976 have been visited but less frequently, making them less likely but still possible options."
40,1006,"[1006, 1, 1147, 375, 960, 976, 1003, 517, 1006, 1006]","The user has a strong pattern of visiting place_id 1006 frequently across various days and times, especially on weekdays. Recent context shows a visit to 1006 on Sunday, reinforcing its likelihood. Place_id 1 is also visited often, particularly on weekends, making it a probable next location. Place_id 1147 is visited late at night, which aligns with the recent context of evening visits. Other places like 375, 960, 976, and 1003 have less frequent visits but are still relevant based on the user's history."
40,1147,"[1006, 1147, 1, 960, 1003, 976, 517, 1006, 1006, 1006]","The user has a strong pattern of visiting place_id 1006 frequently across various days and times, especially on Mondays and Wednesdays. Recent context stays also indicate a visit to 1006, reinforcing its likelihood. Place_id 1147 is another frequent location, particularly during late hours, while place_id 1 appears multiple times, especially on weekends. The user has shown less frequent visits to place_ids 960, 1003, and 976, but they remain potential candidates due to occasional visits."
40,1006,"[1006, 1147, 1, 960, 976, 1003, 517, 1006, 1006, 1006]","The user has a strong pattern of visiting place 1006 frequently across various days and times, especially on Mondays and Wednesdays. Place 1147 is also visited late at night on multiple occasions, indicating a potential preference for evening visits. The recent context shows visits to both places 1147 and 1006, reinforcing their likelihood as the next destination. Place 1 is visited often as well, particularly on weekends, making it a probable choice. Other places like 960, 976, and 1003 have less frequent visits but are still considered based on historical data."
40,1147,"[1006, 1, 1147, 960, 976, 1003, 517, 1006, 1006, 1006]","The user has a strong pattern of visiting place_id 1006, especially on weekdays and weekends, as seen in both history and context. Place_id 1 is also frequently visited, particularly late at night. Place_id 1147 is visited during late hours, indicating a preference for nighttime activities. The recent context shows visits to 1006 and 1, reinforcing their likelihood. Other places like 960 and 976 have occasional visits but are less frequent compared to the top places."
40,1147,"[1006, 1147, 1, 960, 976, 1003, 517, 1006, 1006, 1006]","The user has a strong pattern of visiting place_id 1006 frequently across various days and times, especially on weekdays. Recent context stays also indicate continued visits to 1006 and 1147, suggesting these are likely next locations. Place_id 1 appears multiple times as well, indicating it may be a secondary option. Other places like 960 and 976 have been visited but less frequently, making them less likely."
40,1006,"[1006, 1147, 1, 960, 976, 1003, 1006, 1006, 1006, 1006]","The user has a strong pattern of visiting place_id 1006, especially on weekdays and weekends, with multiple visits recorded in both history and context. Place_id 1147 is also frequently visited, particularly late at night. The recent context shows visits to both 1006 and 1147, indicating a likelihood of returning to these places. Place_id 1 appears as a secondary option due to its presence in the history and context, while 960 and 976 have fewer visits but are still relevant based on the user's activity pattern."
40,960,"[1006, 1147, 1, 960, 976, 1003]","The user has a strong pattern of visiting place_id 1006, especially on weekdays and weekends, indicating it is a preferred location. Place_id 1147 is frequently visited late at night, suggesting it may be a social or leisure spot. The recent context shows visits to both 1147 and 1006, reinforcing their likelihood. Place_id 1 appears multiple times, indicating it may serve as a secondary location. Other places like 960, 976, and 1003 have less frequent visits but are still relevant based on historical data."
40,1147,"[1006, 1147, 960, 1, 976, 1003, 1006, 1147, 960, 1]","The user has a strong pattern of visiting place_id 1006, especially on weekdays and weekends, as seen in both history and context. Place_id 1147 is also frequently visited, particularly late at night. The user has shown some visits to place_id 960 and 1, but less frequently. The recent context indicates continued activity at 1006 and 1147, suggesting these are the most likely next locations."
40,1006,"[1006, 1147, 960, 1, 976, 1003, 517, 1006, 1006, 1006]","The user has a strong pattern of visiting places 1006 and 1147 frequently across various days and times, especially on weekdays. Recent context shows visits to 1147 and 1006, indicating a preference for these locations. Place 960 also appears in the context, suggesting a potential visit. The user tends to return to familiar places, especially during morning hours, which aligns with the recent context stays."
40,1147,"[1006, 1147, 960, 1, 1003, 976, 517, 1006, 1006, 1006]","The user has a strong pattern of visiting place 1006 frequently across various days and times, especially on weekdays. Place 1147 is also visited regularly, particularly late at night. Recent context shows visits to 1147 and 1006, indicating a likelihood of returning to these places. Place 960 has been visited recently as well, suggesting it could be a potential next location. The user has a consistent routine that favors these locations."
40,1006,"[1006, 1147, 960, 1, 976, 1003, 1006, 1006, 1006, 1006]","The user has a strong pattern of visiting place_id 1006 frequently across various days and times, especially on weekdays. Recent context shows a visit to 1006 on Friday evening, indicating continued interest. Place_id 1147 is also visited regularly, particularly late at night, suggesting it may be a popular choice for evening activities. Place_id 960 has been visited recently on Saturday, indicating potential for future visits. Other places like 1, 976, and 1003 have less frequent visits but are still part of the user's history."
40,1147,"[1006, 1147, 960, 1, 1003, 976, 1006, 1006, 1006, 1006]","The user has a strong pattern of visiting place 1006 frequently across various days and times, especially on Mondays and Tuesdays. Recent context shows visits to places 960 and 1147, indicating a likelihood of returning to these locations. The user also has a history of visiting place 1, which is notable on weekends. Overall, the predictions are based on the frequency of visits and recent activities."
40,1006,"[1006, 1147, 1, 960, 976, 1003, 517, 1006, 1006, 1006]","The user has a strong pattern of visiting places 1006 and 1147 frequently across various days and times, particularly on Mondays and Wednesdays. Recent context shows visits to 1147 and 1006, reinforcing their likelihood. Place 1 is also visited regularly, especially on weekends. The user has shown a preference for early morning visits, which aligns with the recent context stays."
40,1147,"[1006, 1147, 1, 960, 976, 1003, 517, 1006, 1006, 1006]","The user has a strong pattern of visiting place_id 1006, especially on weekdays and during morning hours. Recent context shows visits to 1006 on Monday and Tuesday evenings, indicating a preference for this location. Place_id 1147 is also frequently visited late at night, suggesting it may be a popular choice for evening activities. Place_id 1 appears multiple times, indicating it may serve as a secondary location. Other places like 960, 976, and 1003 have less frequent visits but are still relevant based on historical data."
40,1006,"[1006, 1147, 1, 960, 976, 1003, 517, 1006, 1006, 1006]","The user has a strong pattern of visiting places 1006 and 1147 frequently, especially on weekdays and during morning hours. Recent context shows visits to 1147 and 1006, indicating a preference for these locations. The user also has a history of visiting place 1, which is a common stop, and place 960 appears in the history as well. The consistent visits to these places suggest they are likely candidates for the next location."
40,1147,"[1006, 1147, 1, 960, 976, 1003, 517, 1006, 1006, 1006]","The user has a strong pattern of visiting place_id 1006, especially on weekdays and mornings, as seen in both history and context. Place_id 1147 is frequently visited late at night, while place_id 1 is a recurring location on weekends. The user also visits place_id 960 and 976 occasionally, indicating some variability in their routine. The recent context shows continued visits to 1006 and 1147, reinforcing their likelihood as the next destination."
40,1006,"[1006, 1147, 1, 960, 976, 1003, 517, 1006, 1006, 1006]","The user has a strong pattern of visiting places 1006 and 1147 frequently, especially on Wednesdays and Thursdays. Recent context shows visits to 1147 and 1006, indicating a preference for these locations. The user also has a history of visiting 1 and 960, which may suggest they could be potential next stops. The consistent visits to 1006 across various days and times further solidify its likelihood as the next destination."
40,993,"[1006, 1147, 1, 960, 976, 1003, 517, 1006, 1006, 1006]","The user has a strong pattern of visiting place_id 1006 frequently across various days and times, especially on weekdays. Recent context shows visits to 1006 in the evening on Wednesday and Thursday, indicating a continued preference. Place_id 1147 is also visited frequently, particularly late at night, suggesting it may be a common destination after other activities. Place_id 1 appears multiple times, indicating it is a fallback location. Other places like 960 and 976 have less frequent visits but are still relevant based on historical data."
40,993,"[1006, 1147, 1, 960, 993, 517, 1003, 976, 1006, 1006]","The user has a strong pattern of visiting place 1006 frequently across various days and times, especially on weekdays. Place 1147 is also visited regularly, particularly late at night. Recent context shows visits to both places 1147 and 1006, indicating a likelihood of returning to these locations. Place 1 is visited often on weekends, while places 960 and 993 have recent context visits, suggesting they could also be potential next locations."
40,1147,"[1006, 1147, 993, 517, 960, 1, 1003, 976, 1006, 1006]","The user has a strong pattern of visiting place_id 1006 frequently across various days and times, especially on weekdays. Recent context shows visits to 1006 and 1147, indicating a preference for these locations. Place_id 993 is also noted in recent context, suggesting a potential new interest. Other places like 517 and 960 have been visited but less frequently, making them less likely choices."
40,1006,"[1006, 1147, 1, 960, 993, 976, 1003, 517, 1006, 1006]","The user has a strong pattern of visiting place_id 1006 frequently across various days and times, especially on weekdays. Place_id 1147 is also visited regularly, particularly late at night. Recent context shows visits to 1147 and 1006, reinforcing their likelihood. Place_id 1 is visited on weekends, while 960 appears on weekdays. The recent visits to 993 suggest a potential new interest, but the established patterns for 1006 and 1147 dominate the predictions."
40,1006,"[1006, 1147, 1, 993, 960, 1003, 976, 517, 1006, 1006]","The user has a strong pattern of visiting place_id 1006 frequently across various days and times, especially on weekdays. Recent context shows a visit to 1006 on Friday night, indicating continued interest. Place_id 1147 is also visited frequently, particularly late at night, suggesting it may be a common destination after other activities. Place_id 1 appears multiple times, indicating it is a regular stop. The context includes visits to place_id 993, which may suggest a new interest. Other places like 960 and 1003 have been visited but less frequently, making them less likely next stops."
40,1147,"[1006, 1147, 993, 1, 960, 1003, 976, 517, 1006, 1006]","The user has a strong pattern of visiting place_id 1006 frequently across various days and times, especially on weekdays. Recent context shows visits to place_id 993 on Saturday, which may indicate a shift in routine but still aligns with the user's tendency to visit familiar places. Place_id 1147 is also visited regularly, particularly late at night, suggesting it could be a fallback option. The user has shown a preference for place_id 1 and 960 as well, indicating they are also likely candidates for the next visit."
40,1147,"[1006, 1147, 1, 960, 993, 976, 1003, 517, 1006, 1006]","The user has a strong pattern of visiting place_id 1006 frequently across various days and times, especially on weekdays. Place_id 1147 is also visited regularly, particularly late at night. Recent context shows visits to both 1006 and 1147, reinforcing their likelihood as next locations. Place_id 1 appears multiple times in the history, indicating it may also be a potential next stop. Other places like 960, 993, 976, and 1003 have less frequent visits but are still relevant based on the user's activity pattern."
40,1147,"[1006, 1147, 1, 960, 976, 1003, 517, 1006, 1006, 1006]","The user has a strong pattern of visiting place_id 1006, especially on weekdays and weekends, indicating it is a preferred location. Place_id 1147 is also frequently visited late at night, suggesting it may be a common stop after other activities. The context shows recent visits to both 1006 and 1147, reinforcing their likelihood as next destinations. Place_id 1 appears multiple times, indicating it may be a secondary option. Other places like 960, 976, and 1003 have less frequent visits but are still relevant based on historical data."
40,1006,"[1006, 1147, 1, 960, 976, 1003, 1006, 1147, 1, 960]","The user has a strong pattern of visiting place_id 1006, especially on weekdays and during morning hours. Recent context shows multiple visits to 1006, indicating a high likelihood of returning there. Place_id 1147 is also frequently visited, particularly late at night, making it a probable next location. Place_id 1 appears in the history and context, suggesting it could be a fallback option. Other places like 960 and 976 have been visited but less frequently, making them less likely."
40,1147,"[1006, 1147, 1, 960, 976, 1003, 517, 1006, 1006, 1006]","The user has a strong pattern of visiting place_id 1006, especially on weekdays and weekends, with multiple visits recorded in both history and context. Place_id 1147 is also frequently visited, particularly late at night. The recent context shows visits to both 1006 and 1147, indicating a likelihood of returning to these places. Place_id 1 appears multiple times in history, suggesting it is a secondary option. Other places like 960 and 976 have fewer visits but are still relevant due to their occasional appearances."
40,1006,"[1006, 1147, 1, 960, 976, 1003, 517, 1006, 1006, 1006]","The user has a strong pattern of visiting places 1006 and 1147 frequently across various days and times, especially on weekdays. Recent context shows visits to 1147 and 1006, indicating a preference for these locations. The user also has a history of visiting place 1, which is a common stop, and place 960 appears on Mondays, suggesting it may be a secondary option. The consistent visits to 1006 reinforce its high probability as the next location."
40,1147,"[1006, 1147, 1, 960, 976, 1003, 517, 1006, 1006, 1006]","The user has a strong pattern of visiting place 1006 frequently across various days and times, especially on weekdays. Place 1147 is also visited regularly, particularly late at night. Recent context shows visits to both places 1147 and 1006, indicating a likelihood of returning to these locations. Place 1 is visited occasionally, and places 960, 976, and 1003 have some historical presence but less frequency. The prediction prioritizes places based on historical frequency and recent context."
40,1006,"[1006, 1147, 1, 960, 976, 1003, 517, 1006, 1006, 1006]","The user has a strong pattern of visiting places 1006 and 1147 frequently, especially on weekdays and during morning hours. Recent context shows visits to 1147 and 1006, indicating a preference for these locations. The user also has a history of visiting place 1, which is notable on weekends. Other places like 960 and 976 have been visited but less frequently, making them less likely for the next visit."
40,1147,"[1006, 1147, 1, 960, 976, 1003, 517, 1006, 1006, 1006]","The user has a strong pattern of visiting place_id 1006, especially on weekdays and weekends, as seen in both history and context. Place_id 1147 is also frequently visited late at night, while place_id 1 appears multiple times, indicating a possible preference. The recent context shows continued visits to 1006 and 1147, reinforcing their likelihood as next destinations."
40,327,"[1006, 1147, 1, 960, 976, 1003, 517, 1006, 1006, 1006]","The user has a strong pattern of visiting places 1006 and 1147 frequently, especially on Wednesdays and Thursdays. Recent context shows visits to 1147 and 1006 in the morning and evening, indicating a likelihood of returning to these places. The user also has a history of visiting place 1, which is a common location, and place 960 appears in the history as well. The consistent pattern of visits to these places suggests they are the most probable next locations."
40,1006,"[1006, 1147, 1, 960, 327, 976, 1003, 517, 1006, 1006]","The user has a strong pattern of visiting place_id 1006, especially on weekdays and weekends, indicating it is a preferred location. Place_id 1147 is frequently visited late at night, suggesting it may be a social or dining spot. Place_id 1 is visited multiple times, indicating it may be a common stop. Recent context shows visits to 1006 and 1147, reinforcing their likelihood. Place_id 960 appears in the history, suggesting it may be a secondary location. The recent visit to place_id 327 indicates a potential new interest."
40,1147,"[1006, 1147, 1, 960, 327, 976, 1003, 517, 1006, 1006]","The user has a strong pattern of visiting place_id 1006, especially on weekdays and weekends, indicating it is a preferred location. Place_id 1147 is also frequently visited late at night, suggesting it may be a common destination for evening activities. The recent context shows visits to both 1147 and 1006, reinforcing their likelihood. Place_id 1 appears multiple times, indicating it is a secondary option. Other places like 960, 327, 976, and 1003 have less frequent visits but may still be considered based on recent context."
40,1147,"[1006, 1147, 1, 960, 327, 976, 1003, 1001, 1002, 1004]","The user has a strong pattern of visiting place_id 1006, especially on weekdays and weekends, indicating it is a frequent destination. Place_id 1147 is also visited regularly, particularly late at night. Recent context shows the user visited 1006 again on Thursday evening and Monday evening, reinforcing its likelihood as the next destination. Place_id 1 is visited frequently as well, especially on Sundays. The other places have less frequent visits but are included based on recent context and historical patterns."
40,1006,"[1006, 1147, 1, 960, 327, 976, 1003, 517, 1006, 1006]","The user has a strong pattern of visiting places 1006 and 1147 frequently across various days and times, particularly on weekdays. Recent context shows a visit to 1147 on Friday morning and 1006 on Monday evening, reinforcing their popularity. Place 1 is also visited regularly, especially on weekends. Other places like 960, 327, 976, and 1003 have less frequent visits but are still relevant based on the user's history."
40,1147,"[1006, 1147, 1, 960, 327, 976, 1003, 1001, 1002, 1004]","The user has a strong pattern of visiting place_id 1006, especially on weekdays and during morning hours. Recent context shows a visit to 1006 on Monday evening and a stay at 1147 on Tuesday morning, indicating a preference for these locations. Place_id 1 is frequently visited on weekends, while 960 appears on weekdays. The recent visit to 327 suggests it could be a potential next stop, but less likely than the top places."
40,1006,"[1006, 1147, 1, 960, 976, 1003, 517, 1006, 1006, 1006]","The user has a strong pattern of visiting place 1006 frequently across various days and times, especially on weekdays. Recent context shows visits to places 1006 and 1147, indicating a preference for these locations. Place 1 is also visited regularly, particularly on weekends. The user seems to favor these places, especially during morning and late-night hours."
40,1147,"[1006, 1147, 1, 960, 976, 1003, 517, 1006, 1006, 1006]","The user has a strong pattern of visiting place 1006 frequently across various days and times, especially on weekdays. Place 1147 is also visited regularly, particularly late at night. Recent context shows the user has been to 1147 and 1006, reinforcing their likelihood of returning to these places. Other places like 1, 960, 976, and 1003 have less frequent visits but are still relevant based on historical data."
40,1147,"[1006, 1147, 1, 960, 976, 1003, 517, 1006, 1006, 1006]","The user has a strong pattern of visiting places 1006 and 1147 frequently, especially on Wednesdays and Thursdays. Recent context shows visits to 1147 and 1006, indicating a likelihood of returning to these places. The user also has a history of visiting place 1, which is a common location, and place 960 appears in the history as well. The consistent pattern of visits to these places suggests they are the most probable next locations."
40,1147,"[1006, 1147, 1, 960, 976, 1003, 517, 1006, 1006, 1006]","The user has a strong pattern of visiting place_id 1006, especially on weekdays and weekends, indicating it is a preferred location. Place_id 1147 is also frequently visited late at night, suggesting it may be a common destination for evening activities. Place_id 1 appears multiple times, indicating it is a secondary location of interest. The context shows recent visits to 1006 and 1147, reinforcing their likelihood as the next destination."
40,1006,"[1006, 1147, 1, 960, 976, 1003, 517, 1006, 1006, 1006]","The user has a strong pattern of visiting place_id 1006 frequently across various days and times, especially on weekdays. Recent context shows visits to place_id 1147 and 1006, indicating a likelihood of returning to these places. The user also has a history of visiting place_id 1, which is notable for late-night stays. The consistent pattern of visiting these places suggests they are the most probable next locations."
40,1147,"[1006, 1147, 1, 960, 976, 1003, 517, 1006, 1006, 1006]","The user has a strong pattern of visiting place 1006 frequently across various days and times, especially on weekdays. Place 1147 is also visited regularly, particularly late at night. Recent context shows the user visited both places 1006 and 1147, indicating a likelihood of returning to these locations. Other places like 1, 960, 976, and 1003 have less frequent visits but are still part of the user's history, making them potential candidates."
40,1006,"[1006, 1147, 1, 960, 1003, 976, 517, 1006, 1006, 1006]","The user has a strong pattern of visiting places 1006 and 1147 frequently across various days and times, particularly on weekdays. Recent context shows continued visits to 1147 and 1006, indicating a preference for these locations. The user also has a history of visiting place 1, which is a common stop, especially on weekends. Other places like 960 and 1003 have been visited but less frequently, making them less likely as the next destination."
40,1147,"[1006, 1147, 1, 960, 976, 1003, 517, 1006, 1006, 1006]","The user has a strong pattern of visiting place 1006 frequently across various days and times, especially on weekdays. Recent context shows visits to places 1147 and 1006, indicating a preference for these locations. Place 1 is also visited regularly, particularly on weekends. The user tends to return to familiar places, especially during morning hours, which aligns with the recent context stays."
40,1006,"[1006, 1147, 1, 960, 976, 1003, 517, 1006, 1006, 1006]","The user has a strong pattern of visiting places 1006 and 1147 frequently, especially on weekdays and during morning hours. Recent context shows visits to 1147 and 1006, indicating a preference for these locations. The user also has a history of visiting place 1, which is notable on weekends. The prediction reflects the most visited places in the user's history and context."
40,1147,"[1006, 1147, 1, 960, 976, 1003, 517, 1006, 1006, 1006]","The user has a strong pattern of visiting place_id 1006, especially on weekdays and during morning hours. Recent context shows visits to 1006 in the evening, indicating a preference for this location. Place_id 1147 is also frequently visited late at night, suggesting it may be a secondary choice. Place_id 1 appears multiple times, indicating it is a common stop as well. Other places like 960 and 976 have less frequent visits but are still relevant."
40,1,"[1006, 1147, 1, 960, 976, 1003, 517, 1006, 1006, 1006]","The user has a strong pattern of visiting place 1006 frequently across various days and times, especially on weekdays. Place 1147 is also visited regularly, particularly late at night. Recent context stays indicate continued activity at both places, suggesting a high likelihood of returning to them. Other places like 1, 960, and 976 have occasional visits but are less frequent compared to the top two places."
40,1006,"[1006, 1147, 1, 960, 976, 1003, 517, 1006, 1006, 1006]","The user has a strong pattern of visiting place_id 1006, especially on weekdays and weekends, as seen in both history and context. Place_id 1147 is also frequently visited late at night, while place_id 1 appears in the context as a recent visit. The user has shown a consistent pattern of returning to these places, particularly 1006, which is the most likely next location."
40,1147,"[1006, 1147, 1, 960, 1003, 976, 517, 1006, 1006, 1006]","The user has a strong pattern of visiting places 1006 and 1147 frequently, especially on weekdays. Recent context shows visits to 1147 and 1006, indicating a preference for these locations. The user also has a history of visiting place 1, particularly on weekends, which may suggest a potential visit. The other places have less frequent visits, making them less likely."
40,1006,"[1006, 1147, 1, 960, 976, 1003, 832, 658, 607, 94]","The user has a strong pattern of visiting place_id 1006 frequently across various days and times, especially on weekdays. Recent context shows visits to 1006 and 1147, indicating a preference for these places. Place_id 1 is also visited regularly, particularly on weekends. The user has shown a tendency to visit 1147 after 1006, suggesting a possible sequence. Other places like 960 and 976 have been visited but less frequently, making them less likely. The context data reinforces the likelihood of returning to 1006 and 1147."
40,1006,"[1006, 1147, 1, 960, 976, 1003, 517, 658, 607, 588]","The user has a strong pattern of visiting place 1006 frequently across various days and times, especially on weekdays. Recent context shows visits to places 1147 and 1, indicating they are also likely candidates. The user has also visited places 960 and 976, which are less frequent but still relevant. The context data suggests a recent visit to place 658, which may influence the next location choice. Overall, the predictions are based on historical frequency and recent activity."
40,1,"[1006, 1, 1147, 960, 1003, 976, 517, 1006, 1006, 1006]","The user has a strong pattern of visiting place_id 1006 frequently across various days and times, especially on weekdays. Recent context shows visits to place_id 1 and 1006, indicating a likelihood of returning to these places. Place_id 1147 is also visited regularly, particularly late at night. The user has shown a preference for these locations, making them the most probable next destinations."
40,1006,"[1006, 1147, 1, 960, 976, 1003, 517, 1006, 1006, 1006]","The user has a strong pattern of visiting place 1006 frequently across various days and times, especially on weekdays and weekends. Recent context shows continued visits to 1006, indicating it remains a preferred location. Place 1147 is also visited regularly, particularly late at night, suggesting it may be a secondary choice. Place 1 appears multiple times in both history and context, indicating it is a potential option as well. Other places like 960, 976, and 1003 have less frequent visits but are still relevant based on historical data."
40,946,"[1006, 1147, 1, 960, 976, 1003, 517, 1006, 1006, 1006]","The user has a strong pattern of visiting place 1006 frequently across various days and times, especially on weekdays. Place 1147 is also visited regularly, particularly late at night. Recent context shows visits to both places 1006 and 1147, indicating a likelihood of returning to these locations. Place 1 is visited on multiple occasions, suggesting it may also be a potential next stop. Other places like 960, 976, and 1003 have less frequent visits but are still considered based on historical data."
40,946,"[1006, 1, 1147, 960, 976, 1003, 946, 517, 1006, 1006]","The user has a strong pattern of visiting place_id 1006 frequently across various days and times, especially on weekdays. Recent context shows visits to 1006 on Saturday and Sunday, indicating a preference for this location. Place_id 1 is also visited regularly, particularly on weekends, making it a likely next stop. Place_id 1147 is visited late at night, suggesting it could be a common choice for evening activities. Other places like 960 and 976 have been visited but less frequently, while 946 appears in the context, indicating potential interest."
40,1006,"[1006, 1, 1147, 960, 946, 517, 1003, 976, 1006, 1006]","The user has a strong pattern of visiting place_id 1006 frequently across various days and times, especially on weekdays. Recent context shows a visit to 1006 on Sunday evening, reinforcing its likelihood. Place_id 1 is also visited regularly, particularly on weekends. Place_id 1147 appears frequently late at night, indicating a possible late-night destination. Other places like 960 and 946 have been visited recently, suggesting they could be potential next stops as well."
40,1,"[1006, 1, 1147, 960, 946, 947, 1003, 976, 517, 1000]","The user has a strong pattern of visiting place_id 1006, especially on weekdays and during morning hours. Recent context shows a visit to place_id 1, which is also frequently visited in the history. Place_id 1147 is visited late at night, indicating a potential for evening visits. The user also has recent context visits to place_id 946 and 947, suggesting they may be exploring these locations. Overall, the predictions are based on historical frequency and recent activity."
40,1158,"[1006, 1, 1147, 960, 946, 947, 1003, 976, 517, 1000]","The user has a strong pattern of visiting place_id 1006 frequently, especially on weekdays and weekends, indicating it is a preferred location. Recent context shows visits to 1006 and 1, suggesting these are likely next stops. Place_id 1147 is also visited often late at night, while 960 appears in the history as a morning visit. Contextual visits to 946 and 947 indicate potential interest in these places as well. The user has shown varied activity across different places, but the consistent returns to 1006 and 1 make them the most probable next locations."
40,1,"[1006, 1, 1147, 946, 960, 976, 1158, 517, 1003, 947]","The user has a strong pattern of visiting place_id 1006 frequently across various days and times, especially on weekdays. Recent context shows visits to place_id 946 and 1006, indicating a likelihood of returning to these places. Place_id 1 and 1147 are also recurrent in the user's history, suggesting they are potential next locations. The user has shown varied activity at different times, but the consistent visits to 1006 make it the most probable next location."
40,1006,"[1006, 1, 1147, 960, 946, 947, 1158, 1003, 976, 517]","The user has a strong pattern of visiting place_id 1006 frequently across various days and times, particularly on weekdays. Recent context shows visits to place_id 1006 and nearby places, indicating a preference for these locations. Place_id 1 is also visited regularly, especially on weekends, making it a likely candidate. Place_id 1147 is frequently visited late at night, while 960 appears in the morning. The context includes visits to place_ids 946, 947, and 1158, suggesting they are also potential next locations. Overall, the predictions are based on historical frequency and recent activity."
40,1,"[1006, 1, 1147, 960, 976, 1158, 1003, 517, 1006, 1006]","The user has a strong pattern of visiting place_id 1006 frequently across various days and times, especially on Wednesdays and Mondays. Recent context shows a visit to 1006 on Tuesday evening, indicating a likelihood of returning there. Place_id 1 is also visited multiple times, particularly on Sundays and Wednesdays, making it a probable next location. Place_id 1147 has been visited late at night on multiple occasions, suggesting it could be a late-night option. Other places like 960 and 976 have been visited but less frequently, while 1158 was recently visited, indicating potential interest."
40,1006,"[1006, 1, 1147, 960, 1158, 1003, 976, 517, 1000, 1001]","The user has a strong pattern of visiting place 1006 frequently, especially on Wednesdays and Thursdays, as seen in both history and context. Place 1 is also visited multiple times, particularly on Sundays and Wednesdays. Place 1147 is visited late at night, indicating a possible routine. The recent context shows visits to places 1 and 1006, reinforcing their likelihood. Other places like 960 and 1158 are less frequent but still relevant based on recent activity."
40,1147,"[1006, 1, 1147, 960, 1158, 1003, 976, 517, 1000, 1001]","The user has a strong pattern of visiting place_id 1006 frequently across various days and times, especially on Wednesdays and Thursdays. Recent context shows visits to place_id 1 and 1006, indicating a likelihood of returning to these places. Place_id 1147 is also visited late at night, suggesting it may be a common choice for evening activities. The user has shown some interest in place_id 1158 recently, which could indicate a new pattern forming."
40,1006,"[1006, 1, 1147, 960, 976, 1003, 517, 1006, 1006, 1006]","The user has a strong pattern of visiting place 1006 frequently across various days and times, especially on Wednesdays and Thursdays. Recent context stays also indicate visits to places 1 and 1006, reinforcing their likelihood. Place 1147 is also visited regularly, particularly late at night. The user has shown a preference for these locations, making them the most probable next places."
40,1147,"[1006, 1, 1147, 960, 976, 1003, 517, 1006, 1006, 1006]","The user has a strong pattern of visiting place_id 1006 frequently across various days and times, especially on weekdays. Recent context shows continued visits to 1006, indicating it is a likely next location. Place_id 1 is also visited regularly, particularly on weekends, making it a probable choice. Place_id 1147 appears frequently in the history, especially late at night, suggesting it could be a potential next stop. Other places like 960 and 976 have been visited but less frequently, thus they are lower in the ranking."
40,1006,"[1006, 1147, 1, 960, 976, 1003, 1006, 1006, 1006, 1006]","The user has a strong pattern of visiting place 1006 frequently across various days and times, especially on weekdays. Place 1147 is also visited regularly, particularly late at night. The recent context shows visits to places 1 and 1147, indicating a likelihood of returning to these locations. The user has shown a preference for early morning and late-night visits, which aligns with the recent stays in the context."
40,961,"[1006, 1147, 1, 960, 976, 1003, 1006, 1147, 1, 960]","The user has a strong pattern of visiting place_id 1006 frequently across various days and times, especially on weekdays. Recent context shows visits to 1006 and 1147, indicating a preference for these places. The user also has a history of visiting 1 and 960, but less frequently. Given the recent activities and historical patterns, 1006 is the most likely next place."
40,1006,"[1006, 1147, 961, 1, 517, 960, 1003, 976, 1006, 1006]","The user has a strong pattern of visiting place 1006 frequently across various days and times, especially on weekdays. Recent context shows visits to places 1147 and 1006, indicating a preference for these locations. Place 961 was visited recently on Saturday, suggesting it may also be a potential next stop. The user has a consistent pattern of returning to familiar places, particularly 1006 and 1147, which are likely to be the next locations."
40,1,"[1006, 1147, 961, 1, 960, 1003, 976, 517, 1000, 1001]","The user has a strong pattern of visiting place_id 1006, especially on weekdays and weekends, as seen in both history and context. Place_id 1147 is also frequently visited late at night, indicating a possible preference for it during those hours. The recent context shows continued visits to 1006 and 1147, along with a visit to 961, suggesting it may be a new interest. Other places like 1 and 960 have been visited but less frequently, making them less likely. The user has shown varied interests, but the strong historical data favors 1006 and 1147 as the most probable next locations."
40,1006,"[1006, 1147, 1, 961, 517, 960, 1003, 976, 1006, 1006]","The user has a strong pattern of visiting place 1006 frequently across various days and times, especially on weekends. Recent context shows visits to 1147 and 1, indicating they are also likely candidates. The user visited 961 recently, suggesting a potential interest in that location as well. Overall, the predictions are based on the frequency of past visits and recent activities."
40,1147,"[1006, 1, 1147, 961, 960, 976, 1003, 517, 1000, 1001]","The user has a strong pattern of visiting place 1006 frequently across various days and times, especially on weekends and Mondays. Recent context shows continued visits to 1006, indicating it is likely to be their next destination. Place 1 is also frequently visited, particularly on Sundays, making it a strong candidate. Place 1147 has been visited late at night, suggesting it could be a potential choice as well. Other places like 961 and 960 have been visited recently, adding to their likelihood."
40,1006,"[1006, 1, 1147, 961, 960, 1003, 976, 517, 1006, 1006]","The user has a strong pattern of visiting place_id 1006 frequently across various days and times, especially on weekdays and weekends. Recent context shows a visit to place_id 1006 on Saturday evening, indicating continued interest. Place_id 1 is also visited regularly, particularly on Sundays, making it a likely next stop. Place_id 1147 is visited late at night, suggesting it could be a common choice for evening activities. Place_id 961 was visited recently, indicating potential interest. Other places like 960 and 1003 have been visited but less frequently, making them less likely but still possible options."
40,1,"[1006, 1, 1147, 960, 976, 1003, 517, 1006, 1006, 1006]","The user has a strong pattern of visiting place_id 1006 frequently across various days and times, especially on weekdays. Recent context shows visits to 1006 on Saturday and Sunday, indicating a preference for this location. Place_id 1 is also visited regularly, particularly on weekends, making it a likely next stop. Place_id 1147 appears frequently in the user's history, especially late at night, suggesting it could be a common destination. Other places like 960 and 976 have been visited but less frequently, making them less likely but still possible options."
40,1006,"[1006, 1, 1147, 960, 976, 1003, 1006, 1, 1147, 960]","The user has a strong pattern of visiting place_id 1006 frequently, especially on weekdays and weekends, indicating it is a preferred location. Recent context shows visits to place_id 1 and 1006, suggesting these are also likely next stops. Place_id 1147 is visited late at night, and place_id 960 has been visited in the morning, indicating potential for morning visits. The user has a consistent pattern of returning to familiar places, especially 1006 and 1."
40,1,"[1006, 1147, 1, 960, 1003, 976, 517, 1006, 1006, 1006]","The user has a strong pattern of visiting place_id 1006 frequently across various days and times, especially on weekdays. Recent context shows visits to 1006 and 1147, indicating a preference for these locations. Place_id 1 is also visited regularly, particularly on weekends. The user tends to return to familiar places, especially during morning and evening hours."
40,1006,"[1006, 1147, 1, 960, 976, 1003, 517, 685, 721, 631]","The user has a strong pattern of visiting place_id 1006, especially on weekdays and weekends, indicating it is a preferred location. Place_id 1147 is frequently visited late at night, suggesting it may be a common late-night spot. Place_id 1 appears multiple times, indicating it is also a significant location for the user. Recent context shows visits to 1147 and 1006, reinforcing their likelihood. Other places like 960 and 976 have been visited but less frequently, making them less likely than the top three."
40,1,"[1006, 1, 1147, 960, 976, 1003, 517, 1006, 1006, 1006]","The user has a strong pattern of visiting place_id 1006 frequently across various days and times, especially on weekdays. Recent context shows visits to 1006 and 1, indicating a preference for these places. Place_id 1147 is also visited regularly, particularly late at night. The user has shown a tendency to return to familiar places, especially during morning and evening hours."
40,1006,"[1006, 1, 1147, 960, 976, 1003, 517, 1006, 1006, 1006]","The user has a strong pattern of visiting place_id 1006 frequently across various days and times, especially on weekdays. Recent context shows visits to place_id 1 and 1006, indicating a likelihood of returning to these places. Place_id 1147 is also visited regularly, particularly late at night. The user has shown a preference for early morning visits to place_id 1, suggesting it may be a common stop. Overall, the consistent pattern of stays at these locations supports their ranking in the prediction."
40,1006,"[1006, 1, 1147, 960, 976, 1003, 517, 1006, 1006, 1006]","The user has a strong pattern of visiting place_id 1006 frequently across various days and times, especially on weekdays. Recent context shows continued visits to 1006, indicating it is a likely next location. Place_id 1 is also visited regularly, particularly on weekends, making it a probable choice. Place_id 1147 appears frequently in the history, especially late at night, suggesting it could be a potential next stop. Other places like 960 and 976 have been visited but less frequently, thus they are lower in the ranking."
40,1147,"[1, 1006, 960, 1147, 1003, 976, 517, 1006, 1006, 1006]","The user has a strong pattern of visiting place 1 and 1006 frequently, especially on Tuesdays. The recent context shows visits to place 1, indicating a likelihood of returning there. Place 960 and 1147 are also visited regularly, particularly at night, which aligns with the user's recent activity. The user has a consistent pattern of returning to familiar places, especially on the same day of the week."
40,1136,"[1006, 1, 1147, 960, 976, 1003, 517, 1006, 1006, 1006]","The user has a strong pattern of visiting place 1006 frequently, especially on weekdays and weekends, indicating a high likelihood of returning there. Recent context shows visits to places 1 and 1147, suggesting they are also potential next locations. The user has also visited places 960 and 976, which could be relevant based on their historical patterns. Overall, the predictions are based on the frequency and timing of past visits."
40,1147,"[1006, 1, 1147, 960, 976, 1003, 1136, 517, 1001, 1002]","The user has a strong pattern of visiting place 1006 frequently across various days and times, especially on weekdays. Recent context shows visits to places 1 and 1006, indicating a preference for these locations. Place 1147 is also visited regularly, particularly late at night. The user has shown some activity at places 960 and 976, suggesting they may also be considered. The context includes a recent visit to place 1136, which could indicate a new interest. Overall, the predictions are based on the frequency and timing of past visits."
40,1006,"[1006, 1147, 1, 960, 976, 1003, 1136, 517, 1001, 1002]","The user has a strong pattern of visiting place 1006, especially on weekdays and weekends, as seen in both history and context. Place 1147 is also frequently visited late at night, while place 1 is visited during various times, indicating its significance. The recent context shows visits to 1 and 1147, reinforcing their likelihood. Other places like 960 and 976 have occasional visits, but less frequently than the top three."
40,1,"[1006, 1147, 1, 960, 976, 1003, 1136, 517, 1006, 1006]","The user has a strong pattern of visiting place 1006 frequently across various days and times, especially on weekdays. Recent context shows a visit to 1006 on Tuesday evening, reinforcing its likelihood. Place 1147 is also visited regularly, particularly late at night, and has recent context visits as well. Place 1 is visited multiple times on weekends, indicating a potential for future visits. Other places like 960 and 976 have occasional visits, but their frequency is lower compared to the top three."
40,1159,"[1006, 1147, 1, 960, 976, 1003, 1136, 1001, 1002, 1004]","The user has a strong pattern of visiting place_id 1006, especially on weekdays and weekends, indicating it is a preferred location. Place_id 1147 is frequently visited late at night, suggesting it may be a social or leisure spot. Recent context shows visits to 1147 and 1006, reinforcing their likelihood. Place_id 1 appears multiple times, indicating it may serve as a secondary location. Other IDs like 960 and 976 have occasional visits, but less frequently than the top candidates."
40,1,"[1006, 1147, 1, 960, 976, 1136, 1159, 1003, 1001, 1002]","The user has a strong pattern of visiting place_id 1006, especially on weekdays and weekends, indicating it is a preferred location. Place_id 1147 is frequently visited late at night, suggesting it may be a social or leisure spot. Place_id 1 is visited multiple times, often on weekends, indicating it may be a common destination. Recent context shows visits to place_id 1136 and 1159, suggesting they may be emerging preferences. Other IDs like 960, 976, 1003, 1001, and 1002 are less frequent but could be potential options based on historical patterns."
40,1,"[1006, 1147, 1, 960, 976, 1003, 1159, 517, 1006, 1006]","The user has a strong pattern of visiting place 1006 frequently across various days and times, especially on weekdays. Recent context shows a visit to place 1147 on Friday morning and a stay at place 1006 later that day, indicating a preference for these locations. The user also has multiple visits to place 1, particularly on weekends, suggesting it may be a common destination. The prediction reflects the user's established patterns and recent activities."
40,1,"[1006, 1, 1147, 960, 1159, 1003, 976, 517, 1000, 1001]","The user has a strong pattern of visiting place_id 1006 frequently across various days and times, especially on weekdays. Recent context shows a visit to place_id 1006 on Friday evening, indicating continued interest. Place_id 1 is also visited often, particularly on weekends, making it a likely next stop. Place_id 1147 is visited late at night, suggesting it could be a common choice for evening activities. Other places like 960 and 1159 have been visited recently, indicating potential for future visits."
40,1,"[1006, 1, 1147, 960, 1159, 1003, 976, 517, 1006, 1006]","The user has a strong pattern of visiting place 1006 frequently across various days and times, especially on weekends and Mondays. Recent context shows multiple visits to place 1, indicating a possible shift in preference. Place 1147 is also visited late at night, suggesting it could be a common choice for evening activities. The user has shown some activity at place 960 and 1159 recently, which may indicate emerging preferences. Overall, the predictions are based on historical frequency and recent context."
40,1,"[1006, 1, 1147, 960, 1159, 1003, 976, 517, 1006, 1006]","The user has a strong pattern of visiting place 1006 frequently across various days and times, especially on Sundays and Mondays. The recent context shows multiple visits to place 1, indicating a potential shift in preference, but the historical data suggests that place 1006 remains the most likely next location. Place 1147 is also frequently visited late at night, while place 960 has been visited in the morning. The context includes a recent visit to place 1159, which may indicate a new interest, but the established patterns favor the previously mentioned places."
40,1,"[1, 1006, 1147, 960, 976, 1003, 517, 1000, 1001, 1002]","The user has a strong pattern of visiting place_id 1 frequently, especially on Sundays, as seen in both history and context. Place_id 1006 is also a common destination, visited multiple times throughout the week. Place_id 1147 appears regularly late at night, indicating a possible preference for evening visits. Other places like 960 and 976 have been visited, but less frequently, suggesting they are less likely next choices. The context shows recent visits to place_id 1, reinforcing its likelihood as the next destination."
40,1,"[1, 1006, 1147, 960, 976, 1003, 517, 1000, 1001, 1002]","The user has a strong pattern of visiting place_id 1 frequently, especially on Sundays, as seen in both history and context. Place_id 1006 is also a common destination, visited multiple times throughout the week, particularly on Mondays and Tuesdays. Place_id 1147 is visited late at night, indicating a possible trend for evening visits. The context shows recent visits to place_id 1, reinforcing its likelihood. Other places like 960 and 976 have been visited but less frequently, making them less probable. The remaining IDs are included based on their historical presence and potential relevance."
40,1,"[1, 1006, 1147, 960, 976, 1003, 517, 1000, 1001, 1002]","The user has a strong pattern of visiting place_id 1 frequently, especially on Sundays and Mondays, as seen in both history and context. Place_id 1006 is also a common destination, visited multiple times throughout the week, particularly on Mondays and Tuesdays. Place_id 1147 appears frequently late at night, indicating a possible late-night destination. Other places like 960, 976, and 1003 have been visited but less frequently, suggesting they are less likely next choices. The recent context stays at place_id 1 reinforce its likelihood as the next destination."
40,1,"[1, 1006, 1147, 960, 976, 1003, 517, 0, 2, 3]","The user has a strong pattern of visiting place_id 1 frequently, especially on Sundays and Mondays, as seen in both history and context. Place_id 1006 is also a common destination, visited multiple times throughout the week, particularly on Mondays and Tuesdays. Place_id 1147 appears regularly late at night, indicating a possible trend for evening visits. The context shows recent visits to place_id 1, reinforcing its likelihood. Other places like 960 and 976 have been visited but less frequently, making them less probable. The remaining IDs are included for completeness but are less likely based on the user's established patterns."
40,1,"[1, 1006, 1147, 960, 976, 1003, 517, 1000, 1001, 1002]","The user has a strong pattern of visiting place_id 1 frequently, especially on Mondays, as seen in both history and context. Place_id 1006 is also a common destination, visited multiple times throughout the week. Place_id 1147 is visited late at night, indicating a potential preference for evening visits. Other places like 960 and 976 have been visited but less frequently, while 1003 has recent context visits. The remaining IDs are less likely but included for variety."
40,1,"[1, 1006, 1147, 960, 976, 1003, 517, 0, 2, 3]","The user has a strong pattern of visiting place_id 1 frequently, especially on Mondays, as seen in both history and context. Place_id 1006 is also a common destination, visited multiple times throughout the week. Place_id 1147 appears regularly late at night, indicating a possible preference for evening visits. Other places like 960 and 976 have been visited but less frequently, while 1003 and 517 are less common but still relevant. The context shows recent visits to place_id 1, reinforcing its likelihood as the next destination."
40,1,"[1, 1006, 1147, 960, 976, 1003, 517, 1000, 1001, 1002]","The user has a strong pattern of visiting place_id 1 frequently, especially on Mondays, as seen in both history and context. Place_id 1006 is also a common location for the user, with multiple visits throughout the week. Place_id 1147 is visited late at night, indicating a possible routine. The context shows recent stays at place_id 1, reinforcing its likelihood as the next destination. Other places like 960, 976, and 1003 have been visited but less frequently, making them less likely than the top predictions."
40,1,"[1, 1006, 1147, 960, 976, 1003, 517, 0, 2, 3]","The user has a strong pattern of visiting place_id 1 frequently, especially on Mondays, as seen in both history and context. Place_id 1006 is also a common destination, visited multiple times throughout the week. Place_id 1147 appears regularly late at night, indicating a possible preference for evening visits. Other places like 960 and 976 have been visited but less frequently, while 1003 and 517 have limited visits. The context shows recent stays at place_id 1, reinforcing its likelihood as the next destination."
40,1,"[1, 1006, 1147, 960, 976, 1003, 517, 0, 0, 0]","The user has a strong pattern of visiting place_id 1 frequently, especially on Sundays and Mondays, as seen in both history and context. Place_id 1006 is also a common destination, visited multiple times throughout the week. Place_id 1147 appears regularly late at night, indicating a possible preference for late visits. The context shows recent visits to place_id 1, reinforcing its likelihood as the next destination. Other places like 960 and 976 have been visited but less frequently, making them less likely compared to the top predictions."
40,1,"[1, 1006, 1147, 960, 976, 1003, 517, 954, 85, 53]","The user has a strong pattern of visiting place_id 1 frequently, especially on Sundays and Mondays, as seen in both history and context. Place_id 1006 is also a common destination, visited multiple times throughout the week, particularly on weekdays. Place_id 1147 is visited late at night, indicating a possible routine. The context shows recent visits to place_id 1, reinforcing its likelihood. Other places like 960 and 976 have been visited but less frequently, making them less probable. The prediction reflects the user's established patterns and recent activities."
40,1,"[1, 1006, 1147, 960, 976, 1003, 954, 53, 903, 197]","The user has a strong pattern of visiting place_id 1 frequently, especially on Sundays and Mondays, as seen in both history and context. Place_id 1006 is also a common destination, visited multiple times throughout the week, particularly on weekdays. Place_id 1147 appears frequently late at night, indicating a possible preference for evening visits. The context shows recent visits to place_id 1, reinforcing its likelihood. Other places like 960, 976, and 1003 have been visited but less frequently, while the context indicates recent activities at place_id 954, suggesting it could be a potential next stop."
40,1,"[1, 1006, 1147, 960, 976, 1003, 517, 0, 2, 3]","The user has a strong pattern of visiting place_id 1 frequently, especially on Sundays and Mondays, as seen in both history and context. Place_id 1006 is also a common destination, visited multiple times throughout the week, particularly on weekdays. Place_id 1147 appears frequently late at night, indicating a possible preference for late visits. The context shows recent visits to place_id 1, reinforcing its likelihood. Other places like 960 and 976 have been visited but less frequently, making them less likely than the top three."
40,1,"[1, 1006, 1147, 960, 976, 1003, 517, 1000, 1001, 1002]","The user has a strong pattern of visiting place_id 1 frequently, especially on Sundays and Tuesdays, as seen in both history and context. Place_id 1006 is also a common destination, visited multiple times throughout the week, particularly on weekdays. Place_id 1147 is visited late at night, indicating a possible routine. The context shows recent visits to place_id 1, reinforcing its likelihood as the next destination. Other places like 960 and 976 have been visited but less frequently, making them less likely than the top choices."
40,1,"[1, 1006, 1147, 960, 976, 1003, 517, 1000, 1001, 1002]","The user has a strong pattern of visiting place_id 1 frequently, especially on Sundays and Tuesdays, as seen in both history and context. Place_id 1006 is also a common destination, visited multiple times throughout the week, particularly on weekdays. Place_id 1147 is visited late at night, indicating a possible routine. The context shows recent visits to place_id 1, reinforcing its likelihood. Other places like 960 and 976 have been visited but less frequently, making them less probable."
40,1,"[1, 1006, 1147, 960, 976, 1003, 517, 1000, 1001, 1002]","The user has a strong pattern of visiting place_id 1 frequently, especially on Wednesdays, as seen in both history and context. Place_id 1006 is also a common destination, visited multiple times across various days, particularly on weekdays. Place_id 1147 appears frequently late at night, indicating a possible routine. The context shows recent visits to place_id 1, reinforcing its likelihood. Other places like 960 and 976 have been visited but less frequently, making them less probable. The remaining IDs are included based on their historical presence and potential relevance."
40,1,"[1, 1006, 1147, 960, 976, 1003, 517, 0, 2, 3]","The user has a strong pattern of visiting place_id 1 frequently, especially on Wednesdays, as seen in both history and context. Place_id 1006 is also a common destination, visited multiple times throughout the week. Place_id 1147 appears regularly late at night, indicating a possible preference for evening visits. Other places like 960 and 976 have been visited but less frequently, while 1003 and 517 are less common but still relevant. The context shows recent visits to place_id 1, reinforcing its likelihood as the next destination."
40,1,"[1, 1006, 1147, 960, 976, 1003, 517, 0, 0, 0]","The user has a strong pattern of visiting place_id 1 frequently, especially on Wednesdays, as seen in both history and context. Place_id 1006 is also a common destination, visited multiple times throughout the week. Place_id 1147 appears regularly late at night, indicating a possible trend for evening visits. Other places like 960 and 976 have been visited but less frequently, while 1003 and 517 have limited visits. The context shows recent stays at place_id 1, reinforcing its likelihood as the next destination."
40,1,"[1, 1006, 1147, 960, 976, 1003, 517, 0, 2, 3]","The user has a strong pattern of visiting place_id 1 frequently, especially on Wednesdays and Thursdays, as seen in both history and context. Place_id 1006 is also a common destination, visited multiple times across various days, particularly on weekdays. Place_id 1147 appears frequently late at night, indicating a possible trend for evening visits. The context shows recent visits to place_id 1, reinforcing its likelihood. Other places like 960 and 976 have been visited but less frequently, making them less probable. The user tends to return to familiar places, especially those visited recently."
40,1,"[1, 1006, 1147, 960, 976, 1003, 517, 0, 2, 3]","The user has a strong pattern of visiting place_id 1, especially on Wednesdays and Thursdays, as seen in both history and context. Place_id 1006 is frequently visited across various days and times, indicating it is a primary location for the user. Place_id 1147 also shows consistent late-night visits. The context data reinforces the likelihood of returning to place_id 1, as recent stays have occurred there. Other places like 960 and 976 have been visited but less frequently, making them less likely next choices."
40,1,"[1, 1006, 1147, 960, 976, 1003, 671, 517, 1000, 1001]","The user has a strong pattern of visiting place_id 1 frequently, especially on Thursdays, as seen in both history and context. Place_id 1006 is also a common destination, visited multiple times throughout the week. Place_id 1147 is visited late at night, indicating a possible routine. The context shows recent visits to place_id 1, reinforcing its likelihood. Other places like 960 and 976 have been visited but less frequently, making them less probable. The predictions are ranked based on frequency and recency of visits."
40,1,"[1006, 1, 1147, 960, 976, 1003, 671, 282, 190, 112]","The user has a strong pattern of visiting place_id 1006 frequently across various days and times, especially on weekdays. Recent context shows visits to place_id 1, which is also a common location in the user's history. Place_id 1147 appears frequently during late hours, indicating a potential late-night visit. Other places like 960 and 976 have been visited but less frequently, while the context suggests recent activity at place_id 671, 282, 190, and 112, which may indicate a shift in the user's routine."
40,1,"[1, 1006, 1147, 960, 976, 1003, 517, 671, 181, 66]","The user has a strong pattern of visiting place_id 1 and 1006 frequently, especially on weekdays. Recent context shows multiple stays at place_id 1, indicating a high likelihood of returning there. Place_id 1147 is also visited late at night, suggesting it may be a common choice for evening activities. Other places like 960 and 976 have been visited in the past, but less frequently, making them less likely. The context also indicates recent stays at place_id 671 and activities around 181 and 66, which could suggest potential new interests."
40,1,"[1, 1006, 1147, 960, 976, 1003, 517, 0, 2, 3]","The user has a strong pattern of visiting place_id 1 and 1006 frequently, especially on Fridays and Wednesdays. Recent context shows multiple stays at place_id 1, indicating a high likelihood of returning there. Place_id 1147 is also visited late at night, which aligns with the user's recent activities. Other places like 960 and 976 have been visited but less frequently, making them less likely. The prediction reflects the user's established patterns and recent context."
40,1,"[1, 1006, 1147, 960, 976, 1003, 517, 0, 2, 3]","The user has a strong pattern of visiting place_id 1 frequently, especially on Fridays, as seen in both history and context. Place_id 1006 is also a common destination, visited multiple times throughout the week. Place_id 1147 appears regularly late at night, indicating a possible preference for late visits. Other places like 960 and 976 have been visited but less frequently, while 1003 and 517 are less common but still relevant. The context shows recent visits to place_id 1, reinforcing its likelihood as the next destination."
40,1,"[1, 1006, 1147, 960, 976, 1003, 517, 0, 2, 3]","The user has a strong pattern of visiting place_id 1 frequently, especially on Fridays, as seen in both history and context. Place_id 1006 is also a common location for the user, visited multiple times throughout the week. Place_id 1147 is visited late at night, indicating a potential preference for this location during evening hours. Other places like 960 and 976 have been visited but less frequently, while 1003 and 517 are less common but still relevant. The context shows recent visits to place_id 1, reinforcing its likelihood as the next destination."
40,1,"[1, 1006, 1147, 960, 976, 1003, 517, 0, 2, 3]","The user has a strong pattern of visiting place_id 1 frequently, especially on weekends and Fridays, as seen in both history and context. Place_id 1006 is also a common location for the user, visited multiple times during weekdays. Place_id 1147 appears regularly late at night, indicating a possible preference for evening visits. Other places like 960 and 976 have been visited but less frequently, while 1003 and 517 are less common but still relevant. The context shows recent visits to place_id 1, reinforcing its likelihood as the next destination."
40,1,"[1, 1006, 1147, 960, 976, 1003, 517, 0, 2, 3]","The user has a strong pattern of visiting place_id 1 frequently, especially on weekends and Fridays, as seen in both history and context. Place_id 1006 is also a common location for the user, visited multiple times during the week. Place_id 1147 appears frequently late at night, indicating a possible preference for evening visits. Other places like 960 and 976 have been visited but less frequently, while 1003 and 517 are less common but still relevant. The context shows recent visits to place_id 1, reinforcing its likelihood as the next destination."
40,1,"[1, 1006, 1147, 960, 976, 1003, 517, 0, 0, 0]","The user has a strong pattern of visiting place_id 1 frequently, especially on weekends and late evenings, as seen in both history and context. Place_id 1006 is also a common location for the user, visited multiple times throughout the week. Place_id 1147 is visited late at night, indicating a potential preference for evening activities. The context shows recent visits to place_id 1, reinforcing its likelihood as the next destination. Other places like 960 and 976 have been visited but less frequently, making them less likely."
40,1,"[1, 1006, 1147, 960, 976, 1003, 517, 0, 2, 3]","The user has a strong pattern of visiting place_id 1 frequently, especially on weekends, as seen in both history and context. Place_id 1006 is also a common location for the user, visited multiple times during weekdays. Place_id 1147 appears regularly late at night, indicating a potential preference for evening visits. The context shows recent activity at place_id 1, reinforcing its likelihood as the next destination. Other places like 960 and 976 have been visited but less frequently, making them less probable."
40,1,"[1, 1006, 1147, 960, 976, 1003, 517, 677, 38, 34]","The user has a strong pattern of visiting place_id 1 frequently, especially on weekends, as seen in both history and context. Place_id 1006 is also a common location for the user, visited multiple times during weekdays. Place_id 1147 appears frequently late at night, indicating a possible preference for evening visits. Other places like 960 and 976 have been visited, but less frequently. The context shows recent visits to place_id 1, reinforcing its likelihood as the next destination."
40,1,"[1, 1006, 1147, 960, 976, 1003, 517, 1000, 1001, 1002]","The user has a strong pattern of visiting place_id 1 frequently, especially on weekends, as seen in both history and context. Place_id 1006 is also a common location for the user, visited multiple times during weekdays. Place_id 1147 appears frequently late at night, indicating a possible nightlife pattern. Other places like 960 and 976 have been visited but less frequently, while 1003 was visited recently, suggesting it could be a potential next stop. The user seems to prefer returning to familiar places, especially on weekends."
40,1,"[1, 1006, 1147, 960, 976, 1003, 517, 0, 2, 3]","The user has a strong pattern of visiting place_id 1 and 1006 frequently, especially on weekends and Mondays. Recent context shows multiple visits to place_id 1 on Saturday and Sunday, indicating a preference for this location. Place_id 1147 is also visited late at night, suggesting it may be a common choice for evening activities. Other places like 960 and 976 have been visited but less frequently, making them less likely. The user tends to return to familiar places, especially those visited recently."
40,1,"[1, 1006, 1147, 960, 976, 1003, 517, 673, 57, 52]","The user has a strong pattern of visiting place_id 1 frequently, especially on Sundays, as seen in both history and context. Place_id 1006 is also a common destination, visited multiple times throughout the week. Place_id 1147 appears regularly late at night, indicating a possible nightlife pattern. Other places like 960 and 976 have been visited in the mornings, suggesting they may be morning destinations. The context shows recent visits to place_id 1, reinforcing its likelihood as the next destination."
40,1,"[1, 1006, 1147, 960, 976, 1003, 517, 0, 2, 3]","The user has a strong pattern of visiting place_id 1 frequently, especially on Sundays, as seen in both history and context. Place_id 1006 is also a common destination, visited multiple times throughout the week. Place_id 1147 appears regularly late at night, indicating a possible preference for evening visits. Other places like 960 and 976 have been visited but less frequently, while 1003 and 517 have limited visits. The context shows recent stays at place_id 1, reinforcing its likelihood as the next destination."
40,1,"[1, 1006, 1147, 960, 976, 1003, 517, 0, 2, 3]","The user has a strong pattern of visiting place_id 1 frequently, especially on Sundays and Mondays, as seen in both history and context. Place_id 1006 is also a common destination, visited multiple times throughout the week. Place_id 1147 appears regularly late at night, indicating a possible preference for evening visits. The context shows recent visits to place_id 1, reinforcing its likelihood. Other places like 960 and 976 have been visited but less frequently, making them less probable."
40,1,"[1, 1006, 1147, 960, 976, 1003, 517, 0, 0, 0]","The user has a strong pattern of visiting place_id 1 frequently, especially on Sundays and Mondays, as seen in both history and context. Place_id 1006 is also a common destination, visited multiple times throughout the week. Place_id 1147 appears regularly late at night, indicating a possible preference for evening visits. The context shows recent activity at place_id 1, reinforcing its likelihood as the next destination. Other places like 960 and 976 have been visited but less frequently, making them less likely."
40,1,"[1, 1006, 1147, 960, 976, 1003, 517, 0, 2, 3]","The user has a strong pattern of visiting place_id 1 frequently, especially on Mondays, as seen in both history and context. Place_id 1006 is also a common destination, visited multiple times throughout the week. Place_id 1147 is visited late at night, indicating a potential preference for evening activities. Other places like 960 and 976 have been visited but less frequently, while 1003 and 517 are less common but still relevant. The context shows recent visits to place_id 1, reinforcing its likelihood as the next destination."
40,1,"[1, 1006, 1147, 960, 976, 1003, 517, 0, 2, 3]","The user has a strong pattern of visiting place_id 1 frequently, especially on Mondays, as seen in both history and context. Place_id 1006 is also a common destination, visited multiple times throughout the week. Place_id 1147 appears regularly late at night, indicating a possible preference for evening visits. Other places like 960 and 976 have been visited but less frequently, while 1003 and 517 have limited visits. The context shows recent activity at place_id 1, reinforcing its likelihood as the next destination."
40,1,"[1, 1006, 1147, 960, 976, 1003, 517, 0, 2, 3]","The user has a strong pattern of visiting place_id 1 frequently, especially on Mondays, as seen in both history and context. Place_id 1006 is also a common destination, visited multiple times throughout the week. Place_id 1147 appears regularly late at night, indicating a possible preference for evening visits. Other places like 960 and 976 have been visited but less frequently, while 1003 and 517 are less common but still relevant. The context shows recent visits to place_id 1, reinforcing its likelihood as the next destination."
40,1,"[1, 1006, 1147, 960, 976, 1003, 517, 1000, 1001, 1002]","The user has a strong pattern of visiting place_id 1 frequently, especially on Sundays and Mondays, as seen in both history and context. Place_id 1006 is also a common destination, visited multiple times throughout the week, particularly on Mondays and Tuesdays. Place_id 1147 is visited late at night, indicating a possible trend for evening visits. The context shows recent visits to place_id 1, reinforcing its likelihood as the next destination. Other places like 960, 976, and 1003 have been visited but less frequently, making them less likely compared to the top predictions."
40,1,"[1, 1006, 1147, 960, 976, 1003, 517, 0, 2, 3]","The user has a strong pattern of visiting place_id 1 frequently, especially on Mondays, as seen in both history and context. Place_id 1006 is also a common destination, visited multiple times throughout the week. Place_id 1147 is visited late at night, indicating a possible routine. The context shows recent visits to place_id 1, reinforcing its likelihood. Other places like 960 and 976 have been visited but less frequently, making them less probable."
40,1,"[1, 1006, 1147, 960, 976, 1003, 517, 1000, 1001, 1002]","The user has a strong pattern of visiting place_id 1 frequently, especially on Sundays and Mondays, as seen in both history and context. Place_id 1006 is also a common destination, visited multiple times throughout the week, particularly on Mondays and Tuesdays. Place_id 1147 is visited late at night, indicating a possible trend for evening visits. The context shows recent visits to place_id 1, reinforcing its likelihood. Other places like 960, 976, and 1003 have been visited but less frequently, making them less probable. The remaining IDs are included for variety based on historical data."
40,1,"[1, 1006, 1147, 960, 976, 1003, 517, 1000, 1001, 1002]","The user has a strong pattern of visiting place_id 1 frequently, especially on Sundays and Mondays, as seen in both history and context. Place_id 1006 is also a common destination, visited multiple times throughout the week, particularly on weekdays. Place_id 1147 appears frequently late at night, indicating a possible preference for late visits. The context shows recent visits to place_id 1, reinforcing its likelihood. Other places like 960, 976, and 1003 have been visited but less frequently, making them less likely compared to the top three."
40,1,"[1006, 1, 1147, 960, 976, 1003, 704, 35, 85, 124]","The user has a strong pattern of visiting place 1006 frequently across various days and times, particularly on weekdays. Recent context shows visits to place 1, indicating a possible shift or interest in that location. Place 1147 is also visited late at night, suggesting it may be a common choice for evening activities. The user has shown a consistent pattern of returning to familiar places, especially 1006, which is likely to be their next destination."
40,1,"[1, 1006, 1147, 960, 976, 1003, 517, 1000, 1001, 1002]","The user has a strong pattern of visiting place_id 1 and 1006 frequently across various days and times, especially on Tuesdays and Wednesdays. The recent context also shows multiple visits to place_id 1, indicating a high likelihood of returning there. Place_id 1147 is also visited late at night, aligning with the user's recent activity. Other places like 960 and 976 have been visited but less frequently, making them less likely but still possible options."
40,1,"[1, 1006, 1147, 960, 976, 1003, 517, 1000, 1001, 1002]","The user has a strong pattern of visiting place_id 1 frequently, especially on Tuesdays, as seen in both history and context. Place_id 1006 is also a common destination, visited multiple times across various days, particularly on weekdays. Place_id 1147 is visited late at night, indicating a possible routine. Other places like 960 and 976 have been visited but less frequently, while 1003 has a recent context visit. The remaining IDs are less likely based on the user's historical patterns."
40,1,"[1, 1006, 1147, 960, 976, 1003, 517, 0, 2, 3]","The user has a strong pattern of visiting place_id 1 and 1006 frequently, especially on Tuesdays and Wednesdays. The recent context shows multiple visits to place_id 1, indicating a high likelihood of returning there. Place_id 1147 is also visited late at night, suggesting it could be a common destination. Other places like 960 and 976 have been visited but less frequently, making them less likely. The user tends to return to familiar places, especially those visited recently."
40,1147,"[1, 1006, 1147, 960, 976, 1003, 517, 1000, 1001, 1002]","The user has a strong pattern of visiting place_id 1 frequently, especially on weekends and Tuesdays, as seen in both history and context. Place_id 1006 is also a common location for the user, visited multiple times during weekdays. Place_id 1147 is visited late at night, indicating a possible preference for evening activities. The context shows recent visits to place_id 1, reinforcing its likelihood as the next destination. Other places like 960 and 976 have been visited but less frequently, making them less likely."
40,770,"[1006, 1, 1147, 960, 1003, 976, 517, 1006, 1006, 1006]","The user has a strong pattern of visiting place_id 1006 frequently across various days and times, especially on weekdays. Recent context shows visits to place_id 1 and 1147, indicating a likelihood of returning to these places. The user also has a history of visiting place_id 960 and 1003, which may suggest they are potential next locations. The consistent visits to place_id 1006 reinforce its high probability as the next location."
40,1014,"[1006, 1, 1147, 960, 976, 770, 1003, 517, 1006, 1006]","The user has a strong pattern of visiting place_id 1006 frequently across various days and times, especially on weekdays. Recent context shows visits to place_id 1 and 1147, indicating a likelihood of returning to these places. The user also has a history of visiting place_id 960 and 976, which suggests they may consider these locations as well. The context stay at place_id 770 further supports the prediction of diverse locations, but the primary focus remains on the most frequently visited places."
40,1030,"[1006, 1, 1147, 960, 976, 1003, 770, 1014, 517, 1006]","The user has a strong pattern of visiting place_id 1006 frequently across various days and times, especially on weekdays. Recent context shows visits to place_id 1 and 1147, indicating a likelihood of returning to these places. The user also has a history of visiting place_id 960 and 976, which suggests they may consider these locations as well. The recent context includes visits to place_id 770 and 1014, which could also influence the next location choice."
40,1006,"[1006, 1147, 1, 960, 976, 1003, 1014, 1030, 770, 517]","The user has a strong pattern of visiting place 1006 frequently across various days and times, especially on weekdays. Place 1147 is also visited regularly, particularly late at night. Recent context shows a visit to place 1, which is also a common location in the user's history. The user tends to visit places in the morning and late evening, suggesting a preference for these times. Other places like 960 and 976 have been visited but less frequently, while places 1014 and 1030 are recent context stays that may indicate a shift in preference."
40,1147,"[1006, 1147, 1, 960, 976, 1003, 1014, 1030, 770, 517]","The user has a strong pattern of visiting place 1006 frequently across various days and times, especially on Wednesdays and Mondays. Recent context shows a visit to place 1147, which is also a common location in the user's history. Place 1 is visited multiple times, indicating it may be a fallback option. Other places like 960 and 976 have been visited but less frequently, while places 1014 and 1030 are recent context visits that could indicate a shift in preference."
40,1006,"[1006, 1147, 1, 960, 770, 1014, 1030, 1003, 976, 1015]","The user has a strong pattern of visiting place 1006 frequently, especially on Wednesdays and Mondays, and has also visited place 1147 multiple times late at night. Recent context shows a visit to place 1006 in the afternoon on Wednesday, indicating a likelihood of returning there. Place 1 is also visited regularly, particularly on weekends. Other places like 960, 770, 1014, and 1030 are less frequent but have been visited recently, suggesting they could be potential next locations."
40,1147,"[1006, 1147, 1, 960, 1014, 1030, 1003, 976, 517, 1006]","The user has a strong pattern of visiting place_id 1006, especially on weekdays and weekends, indicating it is a preferred location. Place_id 1147 is frequently visited late at night, suggesting it may be a common late-night spot. Recent context shows visits to place_id 1014 and 1030, indicating potential interest in these locations. Place_id 1 is also recurrent in the user's history, particularly on Sundays. Place_id 960 has been visited multiple times in the morning, making it a likely candidate as well."
40,1147,"[1006, 1147, 1, 960, 1165, 1003, 976, 517, 1000, 1001]","The user has a strong pattern of visiting place_id 1006, especially on weekdays and weekends, indicating it is a frequent destination. Place_id 1147 is also visited regularly, particularly late at night. Recent context shows a visit to place_id 1165 in the morning, suggesting a potential new interest. Place_id 1 is visited multiple times, indicating it may be a fallback option. Other places like 960, 1003, and 976 have been visited but less frequently, making them less likely but still possible options."
40,1147,"[1006, 1147, 1, 960, 976, 1003, 1165, 709, 1006, 1147]","The user has a strong pattern of visiting place_id 1006 frequently across various days and times, particularly on weekdays. Place_id 1147 is also visited regularly, especially late at night. Recent context shows visits to place_id 1165 and 709, indicating potential new interests. The user tends to return to familiar places, hence the high ranking of 1006 and 1147."
40,1147,"[1006, 1147, 1, 960, 976, 1003, 1165, 709, 1000, 1001]","The user has a strong pattern of visiting place_id 1006, especially on weekdays and during morning hours. Recent context shows visits to place_id 1147 and 1006, indicating a preference for these locations. The user also frequently visits place_id 1, which is notable in both history and context. Other places like 960 and 976 have been visited but less frequently, while 1165 and 709 are recent context visits that may indicate emerging preferences."
40,1006,"[1006, 1147, 1, 960, 976, 1003, 517, 1006, 1006, 1006]","The user has a strong pattern of visiting place_id 1006 frequently across various days and times, especially on weekdays. Recent context shows visits to place_id 1147, indicating a possible shift in preference but still within the same time frame. Place_id 1 is also visited regularly, particularly on weekends. The user tends to visit places in the morning and late evening, which aligns with the recent context stays."
40,1147,"[1006, 1147, 1, 960, 976, 1003, 517, 1006, 1006, 1006]","The user has a strong pattern of visiting place_id 1006 frequently across various days and times, especially on weekdays. The recent context shows continued visits to place_id 1147 and 1006, indicating a preference for these locations. The user also has a history of visiting place_id 1 and 960, which suggests they may consider these as options as well. The ranking reflects the frequency and recency of visits to these places."
40,1006,"[1006, 1147, 1, 960, 976, 1003, 517, 1006, 1006, 1006]","The user has a strong pattern of visiting places 1006 and 1147 frequently across various days and times, especially on weekdays. Recent context shows a visit to 1147 on Friday morning, indicating a likelihood of returning there. Place 1 is also visited regularly, particularly on weekends. The user has shown a consistent preference for these locations, making them the most probable next places."
40,1147,"[1006, 1147, 1, 960, 976, 1003, 517, 1006, 1006, 1006]","The user has a strong pattern of visiting places 1006 and 1147 frequently across various days and times, especially on Mondays and Wednesdays. Recent context shows visits to 1147 and 1006, indicating a likelihood of returning to these places. Place 1 is also visited regularly, particularly on weekends, while 960 and 976 have occasional visits. The user seems to favor these locations, especially during morning hours."
40,1006,"[1006, 1147, 1, 960, 1003, 976, 517, 1006, 1006, 1006]","The user has a strong pattern of visiting places 1006 and 1147 frequently, especially on weekdays and weekends. Recent context shows visits to 1147 and 1006, indicating a preference for these locations. The user also has a history of visiting place 1, which is a common stop. The other places have less frequent visits but are still relevant based on the user's overall activity pattern."
40,332,"[1006, 1147, 1, 960, 976, 1003, 517, 1006, 1006, 1006]","The user has a strong pattern of visiting place_id 1006, especially on weekdays and weekends, as seen in both history and context. Place_id 1147 is also frequently visited late at night, indicating a possible routine. Place_id 1 appears multiple times, suggesting it is a common location as well. The recent context shows visits to 1006 and 1147, reinforcing their likelihood as next destinations."
40,1006,"[1006, 1147, 1, 960, 332, 517, 1003, 976, 1006, 1006]","The user has a strong pattern of visiting place 1006 frequently across various days and times, especially on weekdays. Recent context shows visits to places 1147 and 1006, indicating a preference for these locations. Place 1 is also visited regularly, particularly on weekends. The user has shown a tendency to return to familiar places, especially during morning and evening hours."
40,1,"[1006, 1147, 1, 960, 332, 517, 1003, 976, 1006, 1006]","The user has a strong pattern of visiting place 1006 frequently across various days and times, especially on weekdays. Recent context shows visits to 1006 and 1147, indicating a preference for these locations. Place 1 is also visited regularly, while 960 and 332 appear in the context, suggesting potential interest. The user has a consistent routine that favors these places."
40,1,"[1006, 1147, 1, 960, 332, 517, 1003, 976, 1006, 1006]","The user has a strong pattern of visiting place 1006 frequently across various days and times, especially on weekdays. Place 1147 is also visited regularly, particularly late at night. Recent context shows visits to both places 1147 and 1006, indicating a likelihood of returning to these locations. Place 1 is visited often on weekends, while place 960 appears on weekdays, suggesting a diverse set of potential next locations. The user has also shown interest in place 332 recently, which could indicate a new pattern emerging."
40,1,"[1006, 1, 1147, 960, 332, 1003, 976, 517, 1006, 1006]","The user has a strong pattern of visiting place 1006 frequently across various days and times, especially on weekdays and weekends. Recent context shows visits to 1006 and 1, indicating a preference for these places. Place 1147 is also visited regularly, particularly late at night. The user has shown some activity at place 332 recently, which could suggest a new interest. Overall, the predictions are based on the frequency and recency of visits to these places."
