user_id,ground_truth,prediction,reason
42,1,"[1006, 1, 1147, 988, 332, 790, 59, 327, 660, 9]","The user has a strong pattern of visiting place 1006, especially on weekends and Mondays, indicating a preference for this location. Place 1 is frequently visited during early mornings and late nights, suggesting it may be a common stop. Recent context shows the user visited place 1 on Monday evening, reinforcing its likelihood. Place 1147 is also visited multiple times, particularly late at night, making it a probable choice. Other places like 988 and 332 have been visited in the mornings, while 790 and 59 have occasional visits, indicating they could be considered as well. Overall, the predictions are based on the frequency and timing of past visits."
42,1,"[1006, 1, 1147, 332, 988, 790, 59, 327, 660, 9]","The user has a strong pattern of visiting place 1006, especially on weekends and Mondays, indicating a preference for this location. Place 1 is frequently visited during early mornings and late nights, suggesting it is a common stop. Place 1147 is also visited multiple times, particularly late at night. The context shows recent visits to place 1, reinforcing its likelihood. Other places like 332 and 988 have been visited but less frequently, making them less probable. The ranking reflects the frequency and recency of visits."
42,1,"[1006, 1, 1147, 332, 988, 790, 327, 59, 660, 9]","The user has a strong pattern of visiting place_id 1006 frequently, especially on weekends and Mondays, indicating a preference for this location. Place_id 1 is also visited regularly, particularly in the early mornings and late nights. Recent context stays show continued activity at place_id 1, reinforcing its likelihood. Place_id 1147 has been visited late at night, suggesting it may be a popular choice for late activities. Other places like 332, 988, and 790 have been visited but less frequently, making them less likely but still possible options."
42,1,"[1006, 1, 1147, 332, 988, 790, 59, 327, 660, 9]","The user has a strong pattern of visiting place 1006 frequently, especially on weekends and Mondays, indicating a high likelihood of returning there. Place 1 is also visited often, particularly in the context stays, suggesting it is a common location for the user. Place 1147 has been visited recently, which may indicate a current interest. Other places like 332 and 988 have been visited multiple times, but less frequently than the top candidates. The user's activity shows a preference for certain places during specific times, particularly on weekends and early mornings."
42,1,"[1006, 1, 1147, 988, 332, 790, 59, 327, 660, 9]","The user has a strong pattern of visiting place_id 1006 frequently, especially on weekends and Mondays, indicating a preference for this location. Place_id 1 is also visited regularly, particularly during early mornings and late nights. Recent context stays show continued activity at place_id 1, reinforcing its likelihood. Other places like 1147 and 988 have been visited but less frequently, while 332 and 790 appear in the history, suggesting they could be potential next stops. The user’s activity suggests a preference for familiar locations, especially those visited recently."
42,1,"[1006, 1, 1147, 988, 332, 790, 59, 327, 660, 9]","The user has a strong pattern of visiting place_id 1006, especially on weekends and Mondays, indicating a preference for this location. Place_id 1 is frequently visited during early mornings and late nights, suggesting it is a common stop. Recent context stays also show a return to place_id 1, reinforcing its likelihood. Other places like 1147 and 988 have been visited multiple times, but less frequently than the top two. The user seems to favor certain places during specific times, particularly on weekends, which influences the predictions."
42,1,"[1006, 1, 1147, 988, 332, 790, 59, 327, 660, 9]","The user has a strong pattern of visiting place_id 1006 frequently across various days and times, especially on weekends. Recent context stays also indicate a return to place_id 1, which has been visited multiple times in the past. The other places have been visited less frequently but are still relevant based on the user's activity pattern."
42,1,"[1006, 1, 1147, 988, 332, 790, 59, 327, 660, 9]","The user has a strong pattern of visiting place_id 1006 frequently across various days and times, especially on Saturdays and Mondays. Place_id 1 is also visited regularly, particularly in the recent context. The user has shown a tendency to return to familiar places, which supports the prediction of these locations as the most likely next stops."
42,1,"[1006, 1, 1147, 988, 332, 790, 59, 327, 660, 9]","The user has a strong pattern of visiting place 1006 frequently, especially on Saturdays and Mondays, indicating a preference for this location. Place 1 is also visited often, particularly in the context stays, suggesting it is a likely next destination. Place 1147 has been visited recently, which increases its probability. Other places like 988, 332, and 790 have been visited multiple times, but less frequently than the top candidates. The context shows recent activity at place 1, reinforcing its likelihood. Overall, the predictions are based on the frequency and recency of visits."
42,1,"[1006, 1, 1147, 988, 332, 790, 59, 327, 660, 9]","The user has a strong pattern of visiting place_id 1006, especially on Saturdays and Sundays, with multiple long stays. Recent context also shows visits to place_id 1, which is frequently visited in the history. The user has shown a tendency to return to familiar places, particularly during weekends, which supports the prediction of these places as the next likely locations."
42,1,"[1006, 1, 1147, 988, 332, 327, 790, 59, 660, 9]","The user has a strong pattern of visiting place_id 1006 frequently across various days and times, especially on Saturdays and Mondays. The context shows recent stays at place_id 1, which is also a common location in the user's history. Other places like 1147 and 988 have been visited multiple times, indicating they are also likely candidates. The user tends to visit places early in the morning and late at night, which aligns with the recent context stays."
42,1,"[1, 1006, 327, 1147, 988, 332, 790, 59, 9, 660]","The user has a strong pattern of visiting place 1 frequently, especially on weekends, as seen in both history and context. Place 1006 is also a recurring location, visited multiple times during the week. The recent context shows continued activity at place 1, indicating a likelihood of returning there. Other places like 327 and 1147 have been visited during specific times, suggesting they may also be potential next locations."
42,1144,"[1006, 1, 1147, 988, 332, 790, 59, 327, 660, 9]","The user has a strong pattern of visiting place 1006, especially on Saturdays and Sundays, with multiple long stays. Recent context shows visits to place 1, which is also frequently visited in the history. Place 1147 is visited late at night, aligning with the recent context. Other places like 988 and 332 have been visited in the past, indicating potential future visits. The ranking reflects the frequency and recency of visits."
42,332,"[1006, 332, 1, 1147, 988, 327, 790, 59, 660, 9]","The user has a strong pattern of visiting place_id 1006, especially on weekends and Mondays, indicating a preference for this location. Recent context shows visits to 1006 and 332, suggesting these are likely next stops. Place_id 1 is frequently visited early in the morning, while 1147 and 988 have also been visited multiple times, making them probable options. The user has a diverse routine but consistently returns to certain places, particularly 1006."
42,1006,"[1006, 332, 1, 1147, 988, 790, 327, 59, 660, 9]","The user has a strong pattern of visiting place_id 1006, especially on weekends and Mondays, indicating a preference for this location. Recent context shows visits to 1006 and 332, suggesting these are likely next destinations. Place_id 1 is frequently visited early in the morning, while 332 has been visited recently, indicating potential for future visits. Other places like 1147, 988, and 790 have also been visited but less frequently, making them less likely but still possible options."
42,332,"[1006, 332, 1, 1147, 988, 790, 59, 327, 660, 9]","The user has a strong pattern of visiting place 1006, especially on weekends and Mondays, as seen in both history and context. Place 332 is also frequently visited on Tuesdays, indicating a possible routine. Other places like 1 and 1147 have been visited multiple times, but less frequently than 1006 and 332. The recent context stays reinforce the likelihood of returning to these places."
42,1006,"[1006, 332, 1, 327, 1147, 988, 790, 59, 660, 9]","The user has a strong pattern of visiting place 1006, especially on weekends and Mondays, indicating a preference for this location. Recent context shows visits to places 332 and 1006, suggesting they are likely to continue visiting these places. Place 1 is frequently visited during early mornings, while place 327 has been visited on Sundays. The other places have less frequent visits but are still relevant based on the user's history."
42,332,"[1006, 332, 1, 1147, 988, 790, 59, 327, 660, 1146]","The user has a strong pattern of visiting place_id 1006, especially on weekends and early mornings, as seen in both history and context. Place_id 332 is also frequently visited, particularly in the mornings and on weekdays. Other places like 1 and 1147 have occasional visits, but less frequently. The recent context shows continued activity at 1006 and 332, reinforcing their likelihood as next destinations."
42,1006,"[1006, 332, 1, 1147, 988, 790, 59, 327, 660, 9]","The user has a strong pattern of visiting place 1006, especially on weekends and Mondays, indicating a high likelihood of returning there. Place 332 has also been visited recently in the context, suggesting it may be a preferred location. Other places like 1 and 1147 have been visited multiple times, but less frequently than 1006 and 332. The user shows a tendency to visit certain places early in the morning, which aligns with the recent context stays."
42,332,"[1006, 332, 1, 1147, 988, 790, 59, 661, 327, 9]","The user has a strong pattern of visiting place 1006, especially on weekends and Mondays, as seen in both history and context. Place 332 is also frequently visited, particularly on Thursdays and Tuesdays. Place 1 appears often in the history, indicating a possible regular stop. The recent context shows continued visits to 1006 and 332, reinforcing their likelihood as the next destination."
42,1006,"[1006, 332, 1, 1147, 988, 790, 59, 327, 660, 9]","The user has a strong pattern of visiting place 1006 frequently across various days and times, especially on weekends and Mondays. Recent context shows visits to places 332 and 1006, indicating a preference for these locations. Place 1 is also visited often, particularly in the early morning. The user has shown less frequent but notable visits to places 1147, 988, and 790, which could also be considered. Overall, the predictions are based on the frequency and recency of visits."
42,1128,"[1006, 332, 1, 1147, 988, 327, 790, 59, 671, 699]","The user has a strong pattern of visiting place 1006 frequently across various days and times, including recent visits in the context. Place 332 is also visited recently and has been part of the user's history. Other places like 1 and 1147 have been visited multiple times, indicating potential future visits. The user shows a preference for certain places on specific days, particularly on weekends."
42,1006,"[1006, 332, 1, 1147, 988, 790, 59, 1128, 327, 660]","The user has a strong pattern of visiting place 1006 frequently across various days and times, especially on weekends. Recent context shows visits to places 332 and 1006, indicating a preference for these locations. Place 1 is also a common stop, visited multiple times in the history. The user has shown interest in place 1147 and 988, which were visited recently, while place 790 and 59 have been visited less frequently but still appear in the history. Place 1128 is a recent context visit, suggesting it may be a new interest."
42,332,"[1006, 1, 332, 1147, 988, 790, 1128, 59, 327, 660]","The user has a strong pattern of visiting place_id 1006 frequently across various days and times, especially on weekends and Fridays. The context also shows recent visits to 1006, reinforcing its likelihood. Place_id 1 is another common location visited multiple times, particularly early in the morning. Place_id 332 appears in the context as well, indicating recent activity. Other places like 1147, 988, and 790 have been visited but less frequently, making them less likely but still possible options."
42,1006,"[1006, 332, 1, 1147, 988, 327, 790, 1128, 59, 660]","The user has a strong pattern of visiting place 1006 frequently across various days and times, especially on weekends. Recent context shows visits to places 332 and 1006, indicating a preference for these locations. Place 1 is also visited often, particularly in the early morning. The user has shown interest in place 1147 and 988 in the past, which supports their potential as next locations. Place 1128 was recently visited, suggesting it could be a new interest. Overall, the predictions are based on historical frequency and recent context."
42,332,"[1006, 1, 332, 1147, 988, 1128, 790, 59, 327, 660]","The user has a strong pattern of visiting place_id 1006, especially on weekends and Mondays, as seen in both history and context. Place_id 1 is frequently visited during early mornings and late nights, while place_id 332 has recent visits on Monday. Other places like 1147 and 988 have also been visited multiple times, indicating potential future visits. The context shows recent activity at 1006 and 332, reinforcing their likelihood as next destinations."
42,1006,"[1006, 332, 1, 1147, 327, 988, 1128, 59, 790, 660]","The user has a strong pattern of visiting place_id 1006 frequently across various days and times, especially on weekends and Mondays. Recent context shows visits to place_id 332 and 1006, indicating a preference for these locations. Place_id 1 is also visited often, particularly early in the morning. The user has shown interest in place_id 1147 and 327, which were visited during late hours. Place_id 988 and 1128 are also relevant due to recent context visits. Overall, the predictions are based on historical frequency and recent activity."
42,332,"[1006, 332, 1, 1147, 988, 790, 59, 327, 660, 9]","The user has a strong pattern of visiting place 1006, especially on weekends and Mondays, as seen in both history and context. Place 332 is also frequently visited on Mondays and Tuesdays, indicating a potential routine. Other places like 1 and 1147 have been visited multiple times, but less frequently than 1006 and 332. The user shows a preference for certain places during specific times, particularly on weekends and early mornings."
42,1006,"[1006, 332, 1, 327, 1147, 988, 790, 59, 660, 9]","The user has a strong pattern of visiting place 1006, especially on weekends and Mondays, as seen in both history and context. Place 332 is also frequently visited on Mondays and Tuesdays, indicating a preference for this location. Place 1 appears consistently in various contexts, suggesting it is a common stop. Other places like 327 and 1147 have been visited multiple times, particularly during late hours, which may indicate a nightlife or late activity pattern."
42,332,"[1006, 332, 1, 1147, 988, 327, 790, 59, 660, 9]","The user has a strong pattern of visiting place_id 1006, especially on weekends and Mondays, as seen in both history and context. Place_id 332 is also frequently visited on Tuesdays and Wednesdays, indicating a potential next visit. Other places like 1 and 1147 have been visited multiple times, but with less frequency. The user tends to return to familiar places, especially those with longer stays."
42,1006,"[1006, 332, 1, 327, 1147, 988, 790, 59, 660, 9]","The user has a strong pattern of visiting place 1006, especially on weekends and Mondays, indicating a preference for this location. Recent context shows visits to place 332 on Tuesday and Wednesday mornings, suggesting a potential shift or additional interest in this location. Place 1 is frequently visited during early mornings, while place 327 has been visited on Sundays. The other places have less frequent visits but are still relevant based on the user's history."
42,1,"[1006, 332, 1, 1147, 988, 790, 59, 327, 660, 9]","The user has a strong pattern of visiting place_id 1006, especially on weekends and early mornings, as seen in both history and context. Place_id 332 is also frequently visited in the mornings, particularly on weekdays. Place_id 1 appears often in the history, indicating a possible regular stop. The context shows recent visits to 1006 and 332, reinforcing their likelihood. Other places like 1147, 988, and 790 have been visited but less frequently, making them less likely but still possible options."
42,1006,"[1006, 332, 1, 1147, 988, 790, 59, 660, 327, 9]","The user has a strong pattern of visiting place 1006, especially on weekends and Mondays, indicating a high likelihood of returning there. Place 332 has also been visited recently in the context, suggesting it may be a preferred location. Place 1 appears frequently in both history and context, making it a probable choice as well. Other places like 1147 and 988 have been visited multiple times, but less frequently than the top three."
42,332,"[1006, 1, 332, 1147, 988, 790, 59, 327, 1146, 660]","The user has a strong pattern of visiting place_id 1006, especially on weekends and early mornings, as seen in both history and context. Place_id 1 is frequently visited as well, particularly during early hours. Place_id 332 appears in the context and has been visited recently, indicating potential for future visits. Other places like 1147, 988, and 790 have also been visited multiple times, but less frequently than the top candidates."
42,1006,"[1006, 332, 1, 327, 1147, 988, 790, 59, 660, 9]","The user has a strong pattern of visiting place 1006 frequently across various days and times, including recent visits in the context. Place 332 is also visited recently and has been a recurring location in the history. Place 1 is a common location with multiple visits, especially on weekends. Other places like 327 and 1147 have been visited but less frequently, while 988 and 790 have some historical significance. The user seems to prefer certain places on specific days, particularly on weekends."
42,1006,"[1006, 1, 332, 1147, 988, 790, 327, 660, 59, 9]","The user has a strong pattern of visiting place_id 1006, especially on weekends and Mondays, as seen in both history and context. Place_id 1 is frequently visited during early mornings and has a consistent presence in the user's history. Place_id 332 appears in the context and has been visited recently, indicating potential for a return. Other places like 1147, 988, and 790 have also been visited multiple times, but with less frequency compared to the top places."
42,332,"[1006, 1, 332, 1147, 988, 790, 327, 59, 660, 9]","The user has a strong pattern of visiting place_id 1006, especially on weekends and Mondays, as seen in both history and context. Place_id 1 is frequently visited early in the morning and on weekends. Place_id 332 appears in the context and has been visited recently. Other places like 1147, 988, and 790 have also been visited multiple times, but with less frequency compared to 1006 and 1."
42,1006,"[1006, 332, 1, 1147, 988, 790, 59, 327, 660, 9]","The user has a strong pattern of visiting place_id 1006, especially on weekends and Mondays, as seen in both history and context. Place_id 332 is also frequently visited, particularly on weekdays. Other places like 1 and 1147 appear in the history but less frequently. The recent context shows continued visits to 1006 and 332, indicating a preference for these locations."
42,332,"[1006, 332, 1, 1147, 988, 790, 59, 327, 1146, 660]","The user has a strong pattern of visiting place_id 1006, especially on weekends and weekdays, as seen in both history and context. Place_id 332 is also frequently visited, particularly on weekdays. Other places like 1 and 1147 appear in the history but less frequently. The recent context shows continued visits to 1006 and 332, reinforcing their likelihood as the next destination."
42,1006,"[1006, 332, 1, 1147, 988, 790, 327, 59, 660, 9]","The user has a strong pattern of visiting place 1006 frequently across various days and times, especially on weekends and Mondays. Recent context shows visits to places 332 and 1006, indicating a likelihood of returning to these locations. Place 1 is also visited often, particularly in the early morning. The user has shown varied activity but consistently returns to certain places, suggesting these are the most probable next locations."
42,1006,"[1006, 332, 1, 1147, 988, 790, 59, 327, 660, 9]","The user has a strong pattern of visiting place_id 1006, especially on weekends and Mondays, indicating a high likelihood of returning there. Recent context shows visits to 1006 and 332, suggesting these are preferred locations. Place_id 1 is frequently visited as well, making it a probable next stop. Other places like 1147, 988, and 790 have also been visited but less frequently, thus ranking lower."
42,1,"[1006, 332, 1, 1147, 988, 790, 59, 327, 660, 9]","The user has a strong pattern of visiting place 1006 frequently across various days and times, especially on weekends and Mondays. Recent context shows visits to places 332 and 1006, indicating a preference for these locations. Place 1 is also visited often, particularly in the early morning hours. The user has shown less frequent visits to places 1147, 988, and 790, but they are still relevant due to their historical presence. The prediction reflects a combination of historical patterns and recent context activities."
42,1,"[1006, 1, 332, 1147, 327, 988, 790, 59, 660, 9]","The user has a strong pattern of visiting place_id 1006, especially on weekends and during mornings, as seen in both history and context. Place_id 1 is frequently visited during early mornings and late nights, making it a likely candidate. Place_id 332 was visited recently on a Friday morning, indicating potential for return. Place_id 1147 has been visited late at night, suggesting it may be a preferred location for late activities. Other places like 327, 988, and 790 have also been visited multiple times, contributing to their likelihood."
42,332,"[1006, 1, 332, 327, 1147, 988, 790, 59, 660, 9]","The user has a strong pattern of visiting place 1006 frequently across various days and times, especially on weekends. Recent context shows continued visits to 1006 and 1, indicating these are likely preferred locations. Place 332 was visited recently, suggesting it may also be a potential next stop. Other places like 327 and 1147 have been visited multiple times, making them plausible options as well."
42,1006,"[1006, 1, 332, 327, 1147, 988, 790, 59, 660, 9]","The user has a strong pattern of visiting place_id 1006, especially on weekends and Mondays, as seen in both history and context. Place_id 1 is frequently visited as well, particularly on Sundays. Place_id 332 has recent context visits, indicating potential interest. Other places like 327 and 1147 have historical significance but less frequency. The user shows a preference for certain places during specific times, which influences the predictions."
42,332,"[1006, 1, 332, 327, 1147, 988, 790, 59, 660, 9]","The user has a strong pattern of visiting place_id 1006, especially on Saturdays and Mondays, as seen in both history and context. Place_id 1 is frequently visited as well, particularly on weekends. Place_id 332 appears in the context on Monday, indicating recent interest. Other places like 327 and 1147 have been visited multiple times, suggesting they are also likely candidates. The user shows a preference for certain places during specific times, which reinforces these predictions."
42,1006,"[1006, 1, 332, 1147, 988, 790, 59, 327, 660, 9]","The user has a strong pattern of visiting place 1006, especially on weekends and Mondays, as seen in both history and context. Place 1 is frequently visited during early mornings and has recent context stays. Place 332 appears in the context on Monday and has been visited multiple times in history. Other places like 1147 and 988 have also been visited recently, but less frequently. The ranking reflects the frequency and recency of visits."
42,859,"[1006, 1, 332, 1147, 988, 790, 327, 59, 660, 9]","The user has a strong pattern of visiting place 1006 frequently across various days and times, especially on weekends and Mondays. Recent context shows visits to places 1 and 332, indicating a likelihood of returning to these locations. Place 1 has been visited multiple times in the past, while 332 has recent context visits. The user also has a history of visiting place 1147, which aligns with their activity pattern. Overall, the predictions are based on the frequency and recency of visits to these places."
42,1006,"[1006, 332, 1, 1147, 988, 790, 59, 9, 660, 327]","The user has a strong pattern of visiting place 1006 frequently, especially on weekends and Mondays, indicating a high likelihood of returning there. Place 332 has also been visited recently in the context, suggesting it may be a preferred location. Other places like 1 and 1147 have been visited multiple times, but less frequently than 1006 and 332. The recent context stays further reinforce the likelihood of these places being revisited."
42,1006,"[1006, 1, 332, 1147, 988, 790, 859, 59, 327, 660]","The user has a strong pattern of visiting place_id 1006, especially on weekends and Mondays, as seen in both history and context. Place_id 1 is frequently visited during early mornings and late nights, while place_id 332 has recent visits on Tuesday mornings. Other places like 1147 and 988 also show some activity, but less consistently. The ranking reflects the frequency and recency of visits."
42,332,"[1006, 1, 332, 1147, 988, 859, 790, 59, 327, 660]","The user has a strong pattern of visiting place 1006 frequently across various days and times, especially on weekends and Mondays. Recent context shows continued visits to 1006, indicating it is a preferred location. Place 1 is also visited often, particularly in the early mornings. Place 332 was visited recently, suggesting it may be a secondary choice. Other places like 1147 and 988 have been visited but less frequently, while 859 and 790 have some recent context relevance. The remaining places are less likely but still possible based on historical data."
42,1006,"[1006, 1, 332, 859, 1147, 988, 790, 59, 327, 1147]","The user has a strong pattern of visiting place_id 1006 frequently across various days and times, especially on weekends and weekdays. Recent context also shows multiple visits to 1006, indicating it is a preferred location. Place_id 1 is visited often as well, particularly in the early mornings. Place_id 332 appears in the context and has been visited recently, suggesting it may be a potential next stop. Other places like 859 and 1147 have also been visited but less frequently, making them less likely but still possible options."
42,1144,"[1006, 1, 332, 859, 327, 1147, 988, 790, 59, 660]","The user has a strong pattern of visiting place_id 1006 frequently across various days and times, especially on weekends and weekdays. Recent context shows continued visits to 1006, indicating it is a preferred location. Place_id 1 is also visited often, particularly in the early mornings. Place_id 332 appears in the context and has been visited recently, suggesting it may be a potential next stop. Other places like 859 and 327 have historical significance but are less frequent. The remaining IDs are less likely but still possible based on occasional visits."
42,1,"[1006, 1, 332, 1147, 988, 1144, 790, 59, 327, 671]","The user has a strong pattern of visiting place_id 1006 frequently across various days and times, especially on weekends and weekdays. Recent context stays also indicate a return to 1006, reinforcing its likelihood. Place_id 1 is visited often as well, particularly in the early mornings and weekends. Place_id 332 appears in the context, suggesting a potential visit. Other places like 1147 and 988 have been visited but less frequently, making them less likely. The remaining IDs are included based on occasional visits or recent context relevance."
42,1006,"[1006, 1, 332, 1147, 988, 1144, 790, 59, 327, 660]","The user has a strong pattern of visiting place_id 1006, especially on weekends and early mornings, as seen in both history and context. Place_id 1 is frequently visited during various times, indicating it is a common stop. Place_id 332 appears in recent context, suggesting it may be a current interest. Other places like 1147 and 988 have also been visited multiple times, making them likely candidates. The recent visit to 1144 indicates a potential new interest, while 790 and 59 have been visited less frequently but still hold some relevance."
42,332,"[1006, 1, 332, 1147, 988, 1144, 790, 59, 327, 660]","The user has a strong pattern of visiting place 1006 frequently across various days and times, especially on weekends. Recent context shows a visit to place 332 and a return to place 1006, indicating a preference for these locations. Place 1 is also visited often, particularly in the early morning hours, making it a likely candidate. Other places like 1147 and 988 have been visited but less frequently, while 1144 was recently visited, suggesting it could be a potential next stop."
42,1006,"[1006, 1, 1147, 332, 327, 988, 1144, 59, 790, 660]","The user has a strong pattern of visiting place 1006, especially on weekends and Mondays, as seen in both history and context. Place 1 is frequently visited during early mornings and weekends, making it a likely candidate. Place 1147 appears in both history and context, indicating recent interest. Place 332 is noted in the context on Monday, suggesting a potential visit. Other places like 327, 988, and 1144 have been visited recently or frequently, while 59 and 790 have some historical visits that could indicate occasional interest. Place 660 has been visited on a Tuesday morning, which may align with the user's routine."
42,1,"[1006, 1, 1147, 332, 327, 988, 59, 790, 1144, 660]","The user has a strong pattern of visiting place_id 1006, especially on Saturdays and Mondays, as seen in both history and context. Place_id 1 is frequently visited during early mornings and has recent context visits. Place_id 1147 is also noted in history and context, indicating a potential return. Place_id 332 has recent context visits on Monday, suggesting it may be a preferred location. Other places like 327, 988, and 59 have historical significance, while 1144 is a recent context visit, indicating potential interest."
42,1006,"[1006, 1, 332, 1147, 988, 790, 59, 327, 660, 9]","The user has a strong pattern of visiting place 1006 frequently, especially on weekends and Mondays, as seen in both history and context. Place 1 is also visited often, particularly in the early mornings and weekends. Place 332 has recent visits on Monday, indicating a potential for return. Other places like 1147 and 988 have been visited multiple times, suggesting they are also likely candidates for the next visit."
42,1,"[1006, 1, 332, 1147, 327, 988, 790, 59, 671, 660]","The user has a strong pattern of visiting place 1006, especially on weekends and Mondays, as seen in both history and context. Place 1 is frequently visited during early mornings and has recent context visits. Place 332 has been visited recently on Monday morning, indicating potential for future visits. Other places like 1147, 327, 988, and 790 have historical significance but less frequent visits, while 59, 671, and 660 are less likely but still possible based on the user's varied history."
42,1006,"[1006, 1, 332, 327, 1147, 988, 790, 59, 660, 9]","The user has a strong pattern of visiting place 1006 frequently, especially on weekends and Mondays, indicating a high likelihood of returning there. Context stays also show recent visits to 1006 and 1, reinforcing their popularity. Place 332 was visited recently on a Monday, suggesting it could be a potential next stop. Other places like 327 and 1147 have been visited multiple times, making them likely candidates as well."
42,332,"[1006, 1, 327, 1147, 988, 332, 59, 790, 660, 9]","The user has a strong pattern of visiting place_id 1006, especially on weekends and Mondays, as seen in both history and context. Place_id 1 is also frequently visited, particularly in the mornings. Other places like 327 and 1147 have been visited during late hours, indicating potential for evening visits. The recent context shows continued activity at 1006, reinforcing its likelihood as the next destination."
42,1006,"[1006, 1, 332, 327, 1147, 988, 790, 59, 9, 660]","The user has a strong pattern of visiting place 1006 frequently, especially on weekends and Mondays, as seen in both history and context. Place 1 is also visited often, particularly in the mornings. Place 332 appears in the recent context, indicating a potential for future visits. Other places like 327 and 1147 have been visited but less frequently, while 988 and 790 have some historical visits. The user seems to favor certain places during specific times, which influences the predictions."
42,332,"[1006, 1, 332, 1147, 988, 790, 59, 327, 660, 9]","The user has a strong pattern of visiting place 1006, especially on weekends and Mondays, as seen in both history and context. Place 1 is frequently visited during early mornings and has recent context stays. Place 332 appears in the context on Thursday, suggesting a potential visit. Other places like 1147 and 988 have been visited multiple times, indicating they are also likely candidates."
42,1006,"[1006, 1, 332, 1147, 988, 790, 59, 327, 660, 9]","The user has a strong pattern of visiting place 1006 frequently across various days and times, especially on weekends and Mondays. Recent context shows continued visits to 1006 and 332, indicating a preference for these locations. Place 1 is also visited often, particularly in the early mornings. The user has shown less frequent but notable visits to places 1147, 988, and 790, which may also be considered. Overall, the predictions are based on the frequency and recency of visits."
42,1,"[1006, 332, 1, 1147, 988, 790, 59, 327, 1146, 660]","The user has a strong pattern of visiting place_id 1006, especially on weekends and weekdays, as seen in both history and context. Place_id 332 is also frequently visited, particularly on Thursdays and Fridays. Other places like 1 and 1147 have occasional visits but are less frequent. The recent context shows continued activity at 1006 and 332, indicating a likelihood of returning to these places."
42,332,"[1006, 332, 1, 327, 1147, 988, 790, 59, 660, 9]","The user has a strong pattern of visiting place 1006 frequently, especially on weekends and during mornings. Recent context shows visits to places 332 and 1006, indicating a preference for these locations. Place 1 is also visited often, particularly in the early hours. The user has shown a consistent pattern of returning to certain places, especially on specific days, which supports the prediction of these locations."
42,1006,"[1006, 1, 332, 1147, 988, 790, 327, 59, 660, 9]","The user has a strong pattern of visiting place_id 1006 frequently across various days and times, including recent visits in the context. Place_id 1 is also visited often, particularly on weekends. Place_id 332 has been visited recently and shows potential for future visits. Other places like 1147, 988, and 790 have been visited but less frequently, making them less likely but still possible options."
42,332,"[1006, 332, 1, 327, 1147, 988, 790, 59, 660, 9]","The user has a strong pattern of visiting place 1006 frequently, especially on weekends and Mondays, as seen in both history and context. Place 332 is also visited recently and has been a recurring location on Mondays. Place 1 is visited often and appears in both history and context, indicating it is a common stop. Other places like 327 and 1147 have been visited multiple times, suggesting they are also likely candidates for the next visit."
42,1006,"[1006, 1, 332, 327, 1147, 988, 790, 59, 671, 9]","The user has a strong pattern of visiting place_id 1006, especially on weekends and Mondays, as seen in both history and context. Place_id 1 is frequently visited during early mornings and weekends. Place_id 332 appears in recent context and has been visited on Mondays, indicating a potential for return. Other places like 327 and 1147 have been visited multiple times, suggesting they are also likely candidates."
42,332,"[1006, 1, 332, 1147, 988, 790, 59, 327, 660, 9]","The user has a strong pattern of visiting place 1006, especially on Saturdays and Mondays, as seen in both history and context. Place 1 is frequently visited during early mornings and has recent context stays. Place 332 appears in the context on Monday and Tuesday, indicating a potential preference. Place 1147 has been visited late at night, while 988 and 790 have some morning visits. The other places have less frequent visits but are still relevant based on the user's activity pattern."
42,1006,"[1006, 332, 1, 1147, 327, 988, 790, 59, 671, 660]","The user has a strong pattern of visiting place 1006 frequently, especially on weekends and Mondays, as seen in both history and context. Place 332 is also visited recently and has been a recurring location. Place 1 appears often in the history, indicating it may be a common stop. Other places like 1147 and 327 have been visited multiple times, suggesting they are also likely candidates for the next visit."
42,332,"[1006, 332, 1, 1147, 988, 327, 790, 59, 660, 9]","The user has a strong pattern of visiting place_id 1006, especially on weekends and Mondays, indicating a preference for this location. Recent context shows visits to 1006 and 332, suggesting these are likely next stops. Place_id 1 is frequently visited early in the morning, while 1147 and 988 have also been visited multiple times, making them potential candidates. The user has shown varied activity across different days, but the consistent visits to 1006 and the recent context reinforce its high probability."
42,1006,"[1006, 332, 1, 1147, 988, 790, 327, 59, 660, 9]","The user has a strong pattern of visiting place 1006 frequently, especially on weekends and Mondays, indicating a high likelihood of returning there. Place 332 has also been visited recently in the context, suggesting it may be a preferred location. Other places like 1 and 1147 have been visited multiple times, but less frequently than 1006 and 332. The user shows a tendency to visit certain places at specific times, particularly in the mornings and late evenings, which supports these predictions."
42,332,"[1006, 332, 1, 1147, 988, 790, 59, 327, 1147, 660]","The user has a strong pattern of visiting place 1006 frequently across various days and times, including recent visits in the context. Place 332 is also visited recently and has been a recurring location in the history. Other places like 1, 1147, and 988 have been visited but less frequently, making them less likely. The predictions are based on the frequency and recency of visits."
42,1006,"[1006, 332, 1, 1147, 988, 790, 59, 327, 660, 9]","The user has a strong pattern of visiting place 1006 frequently across various days and times, especially on weekends and Mondays. Recent context shows continued visits to places 332 and 1006, indicating a preference for these locations. Place 1 is also visited often, particularly in the early morning hours. The other places have less frequent visits but are still relevant based on the user's historical activity."
42,1006,"[1006, 332, 1, 1147, 988, 790, 59, 327, 660, 9]","The user has a strong pattern of visiting place_id 1006, especially on weekends and early mornings, as seen in both history and context. Place_id 332 is also frequently visited, particularly on Thursdays and Tuesdays. Other places like 1 and 1147 appear in the history but less frequently, while 988 and 790 have occasional visits. The recent context shows continued activity at 1006 and 332, reinforcing their likelihood as the next destination."
42,1006,"[1006, 332, 1, 1147, 988, 790, 59, 327, 660, 9]","The user has a strong pattern of visiting place 1006 frequently across various days and times, especially on weekends. Recent context shows visits to 332 and 1006, indicating a preference for these locations. Place 1 is also visited often, particularly in the early morning. The user has shown less frequent visits to places like 1147, 988, and 790, but they remain potential options due to occasional visits. Overall, the prediction prioritizes places with the highest historical frequency and recent context relevance."
42,1025,"[1006, 332, 1, 1147, 988, 790, 327, 59, 660, 9]","The user has a strong pattern of visiting place_id 1006 frequently across various days and times, especially on weekends and early mornings. Recent context also shows multiple visits to 1006, indicating it is a preferred location. Place_id 332 appears in the context on Friday, suggesting a potential visit. Place_id 1 is visited often in the history, making it a likely candidate as well. Other places like 1147, 988, and 790 have been visited but less frequently, hence they are lower in the ranking."
42,332,"[1006, 1, 332, 1147, 988, 327, 790, 1025, 660, 59]","The user has a strong pattern of visiting place 1006 frequently across various days and times, especially on weekends. Recent context shows continued visits to 1006, indicating a high likelihood of returning. Place 1 is also visited often, particularly in the early mornings and late nights. Place 332 was visited recently, suggesting it may be a preferred location. Other places like 1147 and 988 have been visited multiple times, but less frequently than 1006 and 1. The user seems to favor certain places on specific days, particularly weekends, which influences the predictions."
42,1006,"[1006, 1, 332, 1147, 988, 1025, 327, 59, 790, 660]","The user has a strong pattern of visiting place_id 1006 frequently across various days and times, especially on weekends. Recent context shows continued visits to 1006, indicating a high likelihood of returning. Place_id 1 is also visited often, particularly early in the morning. Place_id 332 appears in the context and has been visited recently, suggesting it may be a potential next stop. Other places like 1147, 988, and 1025 have been visited but less frequently, making them less likely but still possible options."
42,332,"[1006, 1, 332, 1147, 988, 1025, 327, 790, 59, 660]","The user has a strong pattern of visiting place_id 1006 frequently across various days and times, especially on weekends. Recent context also shows multiple visits to 1006, indicating a preference for this location. Place_id 1 is visited often as well, particularly in the early mornings and late nights. Place_id 332 appears in the context on Monday, suggesting it may be a potential next stop. Other places like 1147 and 988 have been visited but less frequently, while 1025 is a recent context stay that could indicate a new interest."
42,1006,"[1006, 332, 1, 1147, 988, 1025, 59, 790, 327, 660]","The user has a strong pattern of visiting place_id 1006, especially on weekends and Mondays, as seen in both history and context. Place_id 332 is also frequently visited on Mondays and Tuesdays, indicating a potential preference. Place_id 1 appears often in various contexts, suggesting it is a common stop. Other places like 1147 and 988 have been visited recently, which may indicate they are also likely next stops. The recent visit to 1025 on Sunday adds to its probability, while 59 and 790 have some historical presence, making them potential candidates as well."
42,1006,"[1006, 332, 1, 1147, 327, 988, 1025, 59, 790, 660]","The user has a strong pattern of visiting place 1006, especially on weekends and Mondays, as seen in both history and context. Place 332 is also frequently visited on Mondays and Tuesdays, indicating a potential for return. Place 1 is a common location across various days, suggesting it may be a fallback option. Other places like 1147 and 327 have been visited recently, which could indicate a likelihood of return. The recent visit to 1025 in the context also suggests it may be a candidate for the next location."
42,332,"[1006, 332, 1, 1147, 327, 988, 790, 59, 660, 9]","The user has a strong pattern of visiting place 1006 frequently across various days and times, especially on weekends and Mondays. Recent context shows visits to places 332 and 1006, indicating a preference for these locations. Place 1 is also visited often, particularly in the early morning hours. The user has shown less frequent visits to places 1147, 327, 988, and 790, but they remain potential options based on historical data. Overall, the predictions are based on the frequency and recency of visits to these places."
42,1006,"[1006, 332, 1, 1147, 988, 327, 790, 59, 660, 9]","The user has a strong pattern of visiting place 1006 frequently across various days and times, especially on weekends and Mondays. Recent context shows continued visits to 1006, indicating it is a preferred location. Place 332 is also visited recently, suggesting it may be a secondary choice. Other places like 1, 1147, and 988 have been visited but less frequently, making them less likely but still possible options."
42,332,"[1006, 332, 1, 327, 1147, 988, 790, 59, 660, 9]","The user has a strong pattern of visiting place 1006 frequently, especially on weekends and Mondays, indicating a high likelihood of returning there. Place 332 has also been visited recently in the context, suggesting it may be a preferred location. Other places like 1 and 327 have been visited multiple times, but with less frequency compared to 1006 and 332. The recent context stays further reinforce the likelihood of returning to 1006 and 332."
42,266,"[1006, 332, 1, 1147, 988, 790, 327, 59, 660, 9]","The user has a strong pattern of visiting place_id 1006 frequently across various days and times, especially on weekends and Mondays. Recent context stays also show visits to 1006, indicating a continued preference. Place_id 332 appears in the context and has been visited recently, suggesting it may be a next likely destination. Other places like 1 and 1147 have been visited multiple times in the past, making them potential candidates as well."
42,1006,"[1006, 332, 1, 1147, 988, 266, 327, 790, 59, 9]","The user has a strong pattern of visiting place_id 1006, especially on weekends and Mondays, indicating a high likelihood of returning there. Place_id 332 has also been visited recently, suggesting it may be a preferred location. Other places like 1 and 1147 have been visited multiple times, but less frequently than 1006 and 332. The recent context shows visits to 332 and 1006, reinforcing their likelihood as the next destination."
42,1,"[1006, 332, 1, 1147, 266, 327, 988, 790, 59, 9]","The user has a strong pattern of visiting place_id 1006 frequently across various days and times, especially on weekends. Recent context shows visits to place_id 332 and 1006, indicating a preference for these locations. Place_id 1 is also visited often, particularly in the early morning. The user has shown less frequent visits to place_id 1147 and 266, but they are still relevant due to recent context. Other places like 327, 988, 790, and 59 have been visited but less consistently, making them less likely but still possible options."
42,993,"[1006, 1, 332, 1147, 266, 327, 988, 790, 59, 660]","The user has a strong pattern of visiting place 1006, especially on weekends and during mornings, as seen in both history and context. Place 1 is frequently visited during early hours, while place 332 has recent visits on Friday. Place 1147 appears in both history and context, indicating potential for return. Place 266 is also noted in context, suggesting relevance. Other places like 327, 988, 790, 59, and 660 have historical significance but less recent activity."
42,1006,"[1006, 1, 332, 993, 266, 327, 790, 988, 1147, 59]","The user has a strong pattern of visiting place_id 1006 frequently across various days and times, especially on weekends. Recent context shows a visit to place_id 332 on Friday, indicating a possible interest in that location. Place_id 1 is also visited often, particularly on weekends. The user has shown a tendency to return to familiar places, which supports the prediction of these locations."
42,1006,"[1006, 1, 327, 1147, 993, 266, 332, 790, 988, 59]","The user has a strong pattern of visiting place 1006 frequently across various days and times, especially on Saturdays and Mondays. Recent context shows a visit to 1006 on Friday evening, reinforcing its likelihood. Place 1 is also visited often, particularly on weekends. Other places like 327 and 1147 have been visited multiple times, but less frequently than 1006. The recent context includes visits to places 993 and 266, which may indicate a shift in preference, but the established pattern suggests 1006 remains the most probable next location."
42,332,"[1006, 1, 993, 327, 1147, 988, 332, 59, 790, 660]","The user has a strong pattern of visiting place_id 1006 frequently across various days and times, especially on weekends. Recent context shows continued visits to 1006, indicating a high likelihood of returning. Place_id 1 is also visited often, particularly in the early mornings and weekends. Place_id 993 was visited recently, suggesting it may be a new interest. Other places like 327, 1147, and 988 have been visited but less frequently, making them less likely but still possible options."
42,1006,"[1006, 1, 332, 993, 327, 1147, 988, 790, 59, 660]","The user has a strong pattern of visiting place_id 1006, especially on Saturdays and Mondays, as seen in both history and context. Place_id 1 is frequently visited during early mornings and weekends. Place_id 332 appears in recent context and has been visited on Mondays. Place_id 993 was visited recently in the context, indicating potential interest. Other places like 327, 1147, 988, and 790 have historical significance but less recent activity."
42,332,"[1006, 1, 332, 993, 327, 1147, 988, 790, 59, 660]","The user has a strong pattern of visiting place_id 1006, especially on weekends and Mondays, as seen in both history and context. Place_id 1 is frequently visited early in the morning and on weekends. Place_id 332 appears in the context on Monday, indicating recent activity. Place_id 993 was visited recently on Saturday, suggesting it may be a preferred location. Other places like 327, 1147, 988, 790, 59, and 660 have been visited but less frequently, making them less likely but still possible options."
42,1006,"[1006, 332, 1, 1147, 988, 790, 327, 59, 660, 9]","The user has a strong pattern of visiting place_id 1006, especially on weekends and Mondays, as seen in both history and context. Place_id 332 is also frequently visited on Mondays and Tuesdays, indicating a potential next visit. Place_id 1 appears often in the history, suggesting it could be a fallback option. Other places like 1147 and 988 have been visited recently, making them plausible candidates as well."
42,332,"[1006, 332, 1, 1147, 988, 790, 327, 59, 660, 9]","The user has a strong pattern of visiting place_id 1006, especially on weekends and Mondays, as seen in both history and context. Place_id 332 is also frequently visited on Mondays and Tuesdays, indicating a potential preference. Other places like 1 and 1147 appear in both history and context, suggesting they are also likely candidates. The user has shown varied activity across different times, but the consistent visits to 1006 and 332 make them the top predictions."
42,1006,"[1006, 332, 1, 1147, 988, 790, 59, 327, 660, 9]","The user has a strong pattern of visiting place 1006 frequently, especially on weekends and Mondays, indicating a high likelihood of returning there. Place 332 has also been visited recently in the context, suggesting it may be a preferred location. Place 1 is visited often as well, particularly in the early mornings. The other places have varying degrees of historical visits, but 1006 and 332 stand out as the most probable next locations."
42,332,"[1006, 332, 1, 1147, 988, 790, 327, 59, 660, 9]","The user has a strong pattern of visiting place 1006 frequently across various days and times, especially on weekends and Mondays. Recent context shows continued visits to 1006, indicating a high likelihood of returning there. Place 332 is also visited recently, suggesting it may be a secondary option. Other places like 1, 1147, and 988 have been visited but less frequently, making them less likely but still possible. The ranking reflects the frequency and recency of visits."
42,332,"[1006, 332, 1, 1147, 327, 988, 790, 59, 660, 9]","The user has a strong pattern of visiting place 1006, especially on weekends and Mondays, indicating a high likelihood of returning there. Place 332 has also been visited recently in the context, suggesting it may be a preferred location. Other places like 1 and 1147 have been visited multiple times, but less frequently than 1006 and 332. The user shows a tendency to visit certain places early in the morning, which aligns with the recent context stays."
42,1147,"[1006, 332, 1, 1147, 988, 790, 59, 327, 660, 9]","The user has a strong pattern of visiting place 1006 frequently, especially on weekends and Mondays, indicating a high likelihood of returning there. Context stays also show recent visits to 1006 and 332, suggesting these are preferred locations. Place 1 appears frequently in the history, indicating it may also be a fallback option. Other places like 1147, 988, and 790 have been visited but less frequently, making them less likely but still possible options."
42,1,"[1006, 332, 1147, 1, 988, 790, 59, 327, 660, 9]","The user has a strong pattern of visiting place 1006 frequently across various days and times, especially on weekends and Mondays. Recent context shows visits to places 332 and 1147, indicating a likelihood of returning to these locations. Place 1 is also a common stop in the user's history, making it a probable next location. The user has shown less frequent visits to places 988, 790, and 59, but they remain potential options based on historical data."
42,1,"[1006, 1, 332, 1147, 327, 988, 790, 59, 660, 9]","The user has a strong pattern of visiting place 1006 frequently, especially on weekends and Mondays, as seen in both history and context. Place 1 is also visited often, particularly on weekends. Place 332 has been visited recently in the context, indicating a potential for return. Place 1147 appears in both history and context, suggesting it may be a recurring location. Other places like 327, 988, and 790 have been visited but less frequently, while 59 and 660 have some recent context relevance."
42,1,"[1006, 1, 332, 1147, 988, 790, 327, 59, 660, 9]","The user has a strong pattern of visiting place 1006 frequently across various days and times, especially on weekends. Recent context shows visits to places 332 and 1147, indicating a preference for these locations as well. Place 1 is also a common destination in both history and context, making it a likely candidate. Other places like 988 and 790 have been visited but less frequently, while 327 and 59 have some historical significance. Overall, the predictions are based on the frequency and recency of visits."
42,1,"[1006, 1, 332, 1147, 327, 988, 790, 59, 660, 9]","The user has a strong pattern of visiting place 1006 frequently, especially on Saturdays and Mondays, indicating a high likelihood of returning there. Place 1 is also visited often, particularly on weekends. The recent context shows visits to places 332 and 1147, suggesting they are currently relevant. The user has a history of visiting place 327, which adds to its probability. Other places like 988 and 790 have been visited but less frequently, while 59 and 660 are less common but still possible based on the user's varied history."
42,1,"[1006, 1, 1147, 332, 988, 59, 790, 660, 327, 9]","The user has a strong pattern of visiting place_id 1006, especially on Saturdays and Mondays, indicating a preference for this location. Recent context shows visits to place_id 1147 and 1, suggesting they are also likely candidates. The user has also visited place_id 332 and 988 in the past, which may indicate potential future visits. The ranking reflects the frequency and recency of visits to these places."
42,1,"[1006, 1, 327, 1147, 988, 332, 59, 790, 660, 9]","The user has a strong pattern of visiting place_id 1006, especially on Saturdays and Mondays, as seen in both history and context. Place_id 1 is also frequently visited, particularly on weekends. The recent context shows continued activity at place_id 1, indicating a likelihood of returning there. Other places like 327 and 1147 have been visited multiple times, suggesting they are also probable next locations."
42,1,"[1, 1006, 327, 1147, 988, 332, 790, 59, 9, 660]","The user has a strong pattern of visiting place_id 1 frequently, especially on weekends, as seen in both history and context. Place_id 1006 is also a recurring location, visited multiple times during the week. The recent context shows continued activity at place_id 1, indicating a likelihood of returning there. Other places like 327 and 1147 have been visited during specific times, suggesting they may also be potential next locations."
42,1,"[1, 1006, 327, 1147, 988, 332, 790, 59, 660, 9]","The user has a strong pattern of visiting place 1 frequently, especially on weekends, as seen in both history and context. Place 1006 is also a recurring location, visited multiple times during the week, indicating a high likelihood of return. Other places like 327 and 1147 have been visited during specific times, suggesting they may be next. The context shows recent visits to place 1, reinforcing its probability. Overall, the predictions are based on the frequency and timing of past visits."
42,1,"[1006, 1, 1147, 988, 332, 327, 790, 59, 660, 9]","The user has a strong pattern of visiting place_id 1006, especially on weekends and mornings, as seen in both history and context. Place_id 1 is frequently visited during early hours and weekends, making it a likely candidate. Place_id 1147 is also visited late at night and on weekends, while place_id 988 has recent context visits. Other places like 332, 327, and 790 have occasional visits, but less frequently than the top candidates."
42,1,"[1006, 1, 1147, 988, 332, 790, 59, 327, 660, 9]","The user has a strong pattern of visiting place_id 1006, especially on weekends and early mornings, as seen in both history and context. Place_id 1 is frequently visited at various times, indicating it is a common stop. Place_id 1147 appears in the history during late hours, suggesting it may be a nightlife destination. Place_id 988 is visited early on Sundays, while place_id 332 has been visited in the morning on Tuesdays. Other places like 790 and 59 have occasional visits, but less frequently than the top candidates. The context shows recent activity at place_id 1, reinforcing its likelihood."
42,1,"[1006, 1, 1147, 988, 332, 790, 59, 327, 660, 9]","The user has a strong pattern of visiting place 1006 frequently, especially on weekends and Mondays, indicating a preference for this location. The context shows recent visits to place 1, which is also a common location in the user's history. Other places like 1147 and 988 have been visited multiple times, suggesting they are also likely candidates. The user tends to visit places early in the morning and late in the day, which aligns with the context stays. Therefore, the predictions are based on both historical frequency and recent activity."
42,1,"[1006, 1, 1147, 988, 332, 790, 59, 327, 660, 9]","The user has a strong pattern of visiting place_id 1006, especially on weekends and Mondays, with multiple long stays. Recent context shows visits to place_id 1, which is also frequently visited in the history. The user has a consistent routine of visiting certain places at specific times, indicating a preference for these locations."
42,1,"[1, 1006, 327, 1147, 988, 332, 59, 790, 660, 9]","The user has a strong pattern of visiting place_id 1 frequently, especially on Sundays, as seen in both history and context. Place_id 1006 is also a recurring location, visited multiple times during the week, particularly on Saturdays and Mondays. The recent context shows continued activity at place_id 1, reinforcing its likelihood. Other places like 327 and 1147 have been visited during late hours, suggesting they may be considered for evening visits. The diversity in the user's history indicates a preference for various locations, but the frequency of visits to 1 and 1006 makes them the top predictions."
42,1,"[1, 1006, 327, 1147, 988, 332, 59, 790, 660, 9]","The user has a strong pattern of visiting place 1 frequently, especially on Sundays, and has also visited place 1006 multiple times during weekdays and weekends. The recent context shows visits to place 1, indicating a continued interest. Other places like 327 and 1147 have been visited during late hours, suggesting they might be considered for evening activities. The user also has a history of visiting places like 988 and 332, which could be relevant for morning or afternoon activities."
42,1,"[1006, 1, 1147, 988, 332, 327, 790, 59, 660, 9]","The user has a strong pattern of visiting place_id 1006, especially on weekends and Mondays, indicating a preference for this location. Recent context shows visits to place_id 1, which is also frequently visited in the history. The user has also visited place_id 1147 and 988 recently, suggesting they are likely candidates for the next visit. The other places have less frequent visits but are still relevant based on the user's activity pattern."
42,1,"[1006, 1, 1147, 988, 332, 790, 59, 327, 660, 9]","The user has a strong pattern of visiting place 1006, especially on weekends and Mondays, indicating a preference for this location. Place 1 is frequently visited during early mornings and has recent context stays, suggesting it is a likely next stop. Place 1147 has been visited multiple times late at night, while 988 and 332 have also seen recent activity. The other places have historical significance in the user's pattern, making them plausible options."
42,1,"[1006, 1, 1147, 332, 988, 790, 59, 327, 660, 9]","The user has a strong pattern of visiting place_id 1006, especially on weekends and Mondays, indicating a preference for this location. Recent context stays also show visits to place_id 1, which is frequently visited in the history. Other places like 1147 and 332 have been visited recently, suggesting they are also likely candidates. The user has shown varied activity across different days, but the consistent visits to 1006 and 1 make them the top predictions."
42,1,"[1, 1006, 327, 1147, 988, 332, 59, 790, 9, 660]","The user has a strong pattern of visiting place 1 frequently, especially on Mondays, as seen in both history and context. Place 1006 is also a recurring location, visited multiple times across different days, indicating a high likelihood of return. Other places like 327 and 1147 have been visited during late hours, suggesting potential for evening visits. The context shows recent activity at place 1, reinforcing its likelihood. Overall, the predictions are based on the frequency and timing of past visits."
42,1,"[1006, 1, 1147, 332, 988, 790, 59, 327, 660, 9]","The user has a strong pattern of visiting place_id 1006 frequently, especially on weekends and Mondays, indicating a preference for this location. The context shows recent visits to place_id 1, which is also a common location in the user's history. The other places listed have been visited multiple times, suggesting they are likely candidates for the next visit."
42,1,"[1, 1006, 1147, 988, 332, 790, 59, 327, 660, 9]","The user has a strong pattern of visiting place 1 frequently, especially during early mornings and late nights. Place 1006 is also a common destination, visited multiple times throughout the week, particularly on weekends. Recent context shows the user has been at place 1 again, reinforcing its likelihood. Other places like 1147 and 988 have also been visited recently, making them probable next locations. The user tends to visit places early in the day, which aligns with the context stays."
42,1,"[1006, 1, 327, 1147, 988, 332, 59, 790, 660, 9]","The user has a strong pattern of visiting place 1006, especially on weekends and Mondays, indicating a preference for this location. Recent context shows visits to place 1, which is also frequently visited in the history, suggesting a likelihood of returning there. Other places like 327 and 1147 have been visited multiple times, particularly on Sundays, which may influence the next location choice. The user also shows a tendency to visit places early in the morning and late in the evening, which aligns with the context data."
42,1,"[1006, 1, 327, 1147, 988, 332, 790, 59, 660, 9]","The user has a strong pattern of visiting place 1006, especially on weekends and Mondays, as seen in both history and context. Place 1 is also frequently visited, particularly in recent context stays. Other places like 327 and 1147 have been visited multiple times, indicating potential for future visits. The user tends to visit places early in the morning and late in the evening, which aligns with the timing of the context stays."
42,1,"[1006, 1, 327, 1147, 988, 332, 790, 59, 660, 9]","The user has a strong pattern of visiting place 1006, especially on weekends and Mondays, indicating a preference for this location. Recent context shows visits to place 1, which is also frequently visited in the history, suggesting a likelihood of returning there. Other places like 327 and 1147 have been visited multiple times, particularly on Sundays, making them probable next locations as well."
42,1,"[1006, 1, 327, 1147, 988, 332, 59, 790, 682, 1147]","The user has a strong pattern of visiting place 1006 frequently, especially on weekends and Mondays, indicating a preference for this location. The recent context shows visits to place 1, which is also a common location in the user's history. Place 327 is visited on Sundays, and place 1147 has been visited multiple times, suggesting they are also likely candidates. The user has shown interest in places like 988 and 332, which have been visited recently, while place 682 is a new context location that could be of interest."
42,1,"[1006, 1, 1147, 332, 988, 59, 790, 682, 327, 660]","The user has a strong pattern of visiting place 1006, especially on weekends and Mondays, indicating a preference for this location. Recent context shows visits to places 1 and 682, suggesting they are also likely candidates. Place 1147 appears frequently in the history, particularly late at night, making it a probable next stop. The user has also visited places 332 and 988, which could be relevant based on their recent activities."
42,1,"[1006, 1, 1147, 988, 332, 790, 59, 327, 660, 9]","The user has a strong pattern of visiting place_id 1006, especially on weekends and Mondays, indicating a preference for this location. Recent context stays also show a return to place_id 1, which is frequently visited, suggesting it may be a fallback location. The other places have been visited multiple times, but with less frequency, making them less likely as the next destination."
42,1,"[1006, 1, 1147, 988, 332, 790, 59, 327, 660, 9]","The user has a strong pattern of visiting place_id 1006, especially on weekends and Mondays, indicating a preference for this location. Place_id 1 is frequently visited during early mornings and has recent context stays, suggesting it is a common stop. Place_id 1147 appears in both history and context, indicating recent relevance. Other places like 988 and 332 have also been visited multiple times, particularly in the mornings, which aligns with the user's activity pattern."
42,1,"[1006, 1, 1147, 988, 332, 790, 59, 327, 660, 9]","The user has a strong pattern of visiting place_id 1006, especially on weekends and Mondays, indicating a preference for this location. Place_id 1 is frequently visited during early mornings and has recent context stays, suggesting it may be a common stop. Place_id 1147 is also noted in the history, particularly late on Sundays and early on Tuesdays. Other places like 988 and 332 have been visited in the mornings, while 790 and 59 have occasional visits, making them potential candidates. The user's recent context activities at place_id 1 further support its likelihood as the next destination."
42,1,"[1006, 1, 1147, 988, 332, 790, 59, 327, 660, 9]","The user has a strong pattern of visiting place_id 1006 frequently across various days and times, especially on weekends and Mondays. The recent context shows visits to place_id 1, which is also a common location in the user's history. Given the user's activity pattern, it is likely they will continue to visit these places, with 1006 being the most probable next location."
42,1,"[1, 1006, 327, 1147, 988, 332, 790, 59, 9, 660]","The user has a strong pattern of visiting place 1 frequently, especially in the mornings and on weekends. Recent context shows continued visits to place 1, indicating a high likelihood of returning. Place 1006 is also a frequent destination, particularly on Saturdays and Mondays, making it a strong candidate. Other places like 327 and 1147 have been visited multiple times, especially during late hours, suggesting they could be next as well. The user has shown varied activity across different places, but the consistent visits to 1 and 1006 dominate the pattern."
42,1,"[1, 1006, 327, 1147, 988, 332, 790, 59, 660, 9]","The user has a strong pattern of visiting place 1 frequently, especially in the mornings and on weekends. Recent context stays also indicate continued visits to place 1. Place 1006 is another frequent location, visited multiple times across different days, particularly on Saturdays. Other places like 327 and 1147 have also been visited recently, suggesting they are likely candidates for the next visit. The user tends to visit places early in the day, which aligns with the context data showing morning visits."
42,1,"[1006, 1, 1147, 988, 332, 790, 59, 327, 660, 9]","The user has a strong pattern of visiting place 1006 frequently, especially on weekends and Mondays, indicating a high likelihood of returning there. Place 1 is also visited often, particularly in the recent context, suggesting it may be a preferred location. Other places like 1147 and 988 have been visited multiple times, but with less frequency. The context shows recent activity at place 1, reinforcing its potential as the next location. Overall, the predictions are based on historical frequency and recent context activity."
42,1,"[1, 1006, 1147, 332, 988, 790, 59, 327, 660, 9]","The user has a strong pattern of visiting place_id 1 frequently, especially on weekends and early mornings. Recent context shows continued visits to place_id 1 on Thursday, indicating a preference for this location. Place_id 1006 is also a frequent choice, particularly on Saturdays and Mondays, suggesting it is a likely next destination. Other places like 1147 and 332 have been visited recently, making them probable options as well."
42,1,"[1006, 1, 1147, 988, 332, 790, 59, 327, 660, 9]","The user has a strong pattern of visiting place_id 1006 frequently across various days and times, especially on weekends. Recent context shows visits to place_id 1, which is also a common location in their history. The user has also visited place_id 1147 and 988 recently, indicating they may continue to frequent these places. The other places listed have been visited in the past, suggesting they remain potential options."
42,1,"[1006, 1, 1147, 988, 332, 327, 790, 59, 660, 9]","The user has a strong pattern of visiting place_id 1006 frequently across various days and times, especially on weekends. Recent context stays also indicate visits to place_id 1, which is a common location in both history and context. The user has shown a tendency to visit place_id 1147 and 988 as well, particularly during late hours. The other places have been visited less frequently but still hold potential based on the user's activity pattern."
42,1006,"[1006, 1, 1147, 988, 332, 327, 790, 59, 660, 9]","The user has a strong pattern of visiting place_id 1006 frequently across various days and times, especially on Saturdays and Mondays. Recent context shows visits to place_id 1, which is also a common location in the user's history. The user has a consistent routine that suggests they are likely to return to these familiar places, particularly 1006 and 1, while other places like 1147 and 988 have also been visited multiple times."
42,1,"[1006, 1, 327, 1147, 988, 332, 790, 59, 660, 9]","The user has a strong pattern of visiting place 1006 frequently across various days and times, especially on Saturdays and Mondays. Recent context stays also indicate visits to place 1, which is another frequently visited location. The user has shown a tendency to return to familiar places, particularly on weekends, which supports the prediction of these places as the next likely destinations."
42,1,"[1006, 1, 327, 1147, 988, 332, 790, 59, 660, 9]","The user has a strong pattern of visiting place_id 1006, especially on Saturdays and Mondays, as seen in both history and context. Place_id 1 is also frequently visited, particularly in the context stays. The user has shown a preference for early morning visits, which aligns with the recent context stays. Other places like 327 and 1147 have been visited multiple times, indicating they are also likely candidates for the next visit."
42,332,"[1006, 1, 327, 1147, 988, 332, 790, 59, 660, 9]","The user has a strong pattern of visiting place 1006, especially on Saturdays and Mondays, as seen in both history and context. Place 1 is also frequently visited, particularly in the context stays. Other places like 327 and 1147 have been visited multiple times, indicating potential future visits. The recent context shows activity at places 1 and 1006, reinforcing their likelihood as next destinations."
42,1006,"[1006, 1, 332, 327, 988, 1147, 790, 59, 9, 660]","The user has a strong pattern of visiting place 1006, especially on Saturdays and Mondays, as seen in both history and context. Place 1 is frequently visited as well, particularly in the mornings. Place 332 was visited recently on a Monday, indicating potential for a return. Other places like 327 and 988 have also been visited multiple times, suggesting they are likely candidates for the next visit."
42,332,"[1006, 1, 332, 327, 1147, 988, 790, 59, 9, 660]","The user has a strong pattern of visiting place 1006, especially on Saturdays and Mondays, as seen in both history and context. Place 1 is frequently visited as well, particularly in recent context stays. Place 332 has been visited recently on a Monday, indicating potential for future visits. Other places like 327 and 1147 have also been visited multiple times, suggesting they could be likely candidates for the next location."
42,1006,"[1006, 1, 332, 1147, 988, 790, 327, 59, 660, 9]","The user has a strong pattern of visiting place_id 1006, especially on Saturdays and Mondays, as seen in both history and context. Place_id 1 is frequently visited early in the morning and has recent context stays. Place_id 332 has recent context visits on Monday and Tuesday mornings, indicating a potential preference. Other places like 1147 and 988 have also been visited multiple times, but with less frequency compared to the top predictions."
42,332,"[1006, 1, 332, 1147, 327, 988, 790, 59, 660, 9]","The user has a strong pattern of visiting place 1006, especially on Saturdays and Mondays, as seen in both history and context. Place 1 is frequently visited during early mornings and has recent context stays. Place 332 appears in the context on Monday and Tuesday mornings, indicating a potential routine. Other places like 1147 and 327 have been visited multiple times, suggesting they are also likely candidates."
42,1006,"[1006, 332, 1, 327, 1147, 988, 790, 59, 660, 9]","The user has a strong pattern of visiting place 1006, especially on weekends and Mondays, as seen in both history and context. Place 332 is also frequently visited on Tuesdays and Mondays, indicating a preference for this location. Place 1 appears often in various contexts, suggesting it is a common stop. Other places like 327 and 1147 have been visited multiple times, but less frequently than the top choices."
42,1,"[1006, 332, 1, 1147, 988, 327, 790, 59, 660, 9]","The user has a strong pattern of visiting place_id 1006, especially on weekends and Mondays, as seen in both history and context. Place_id 332 is also frequently visited on Tuesdays and Wednesdays, indicating a potential for return. Other places like 1 and 1147 have been visited multiple times, but less frequently than the top two. The user shows a preference for early morning visits, which aligns with the predicted places."
42,332,"[1006, 332, 1, 327, 1147, 988, 790, 59, 660, 9]","The user has a strong pattern of visiting place 1006 frequently across various days and times, especially on weekends and Mondays. Recent context shows visits to places 332 and 1006, indicating a preference for these locations. Place 1 is also visited often, particularly in the early morning. The user has shown less frequent visits to places 327, 1147, 988, and 790, but they still appear in the history, suggesting they could be potential next locations. Place 59 and 660 have been visited less frequently but are still relevant based on the user's activity pattern."
42,332,"[1006, 1, 332, 1147, 988, 790, 59, 327, 660, 9]","The user has a strong pattern of visiting place 1006, especially on weekends and Mondays, as seen in both history and context. Place 1 is frequently visited during early mornings and late nights, while place 332 appears in recent context, indicating a potential shift in routine. Other places like 1147 and 988 have also been visited multiple times, but with less frequency. The ranking reflects the user's established preferences and recent activities."
42,1006,"[1006, 332, 1, 327, 1147, 988, 790, 59, 671, 9]","The user has a strong pattern of visiting place 1006 frequently, especially on weekends and Mondays. Recent context shows visits to places 332 and 1, indicating a preference for these locations as well. The user also has a history of visiting place 327, which is notable on Sundays. The other places listed have been visited less frequently but are still relevant based on the user's activity pattern."
42,1158,"[1006, 1, 332, 1147, 988, 790, 327, 59, 660, 9]","The user has a strong pattern of visiting place 1006, especially on weekends and Mondays, as seen in both history and context. Place 1 is frequently visited during early mornings and has recent context stays. Place 332 has been visited recently on Friday and Saturday mornings, indicating a potential preference. Other places like 1147, 988, and 790 have also been visited multiple times, but with less frequency compared to the top places."
42,1,"[1006, 1, 332, 1147, 988, 327, 790, 59, 1158, 660]","The user has a strong pattern of visiting place_id 1006 frequently across various days and times, especially on weekends. Recent context shows visits to place_id 1 and 332, indicating a likelihood of returning to these places. The user also visited place_id 1147 and 988 in the past, suggesting they may consider these as options. The presence of place_id 1158 in the recent context indicates a potential new interest, while place_id 327 and 790 have been visited previously, making them plausible choices as well."
42,1006,"[1006, 332, 1, 1147, 988, 327, 790, 1158, 59, 660]","The user has a strong pattern of visiting place 1006 frequently, especially on Saturdays and Mondays, indicating a high likelihood of returning there. Place 332 has also been visited recently in the context, suggesting it may be a preferred location. Place 1 is a common stop in the user's history, appearing multiple times across different days. The recent visit to place 1158 on Sunday indicates it could be a new interest. Other places like 1147, 988, 327, 790, 59, and 660 have been visited but less frequently, making them less likely but still possible options."
42,332,"[1006, 1, 332, 1147, 988, 1158, 790, 59, 327, 660]","The user has a strong pattern of visiting place 1006 frequently across various days and times, especially on Saturdays and Mondays. Recent context shows a visit to place 332 on Saturday morning and place 1006 on Saturday evening, indicating a preference for these locations. Place 1 is also visited often, particularly on Sundays, making it a likely candidate. The user has shown interest in place 1147 and 988 in the past, and the recent visit to place 1158 suggests it could be a new interest. Other places like 790, 59, 327, and 660 have been visited but less frequently, making them less likely but still possible options."
42,1006,"[1006, 332, 1, 1147, 988, 790, 327, 59, 660, 9]","The user has a strong pattern of visiting place 1006, especially on weekends and Mondays, as seen in both history and context. Place 332 is also frequently visited, particularly on weekdays. The user has shown a tendency to return to places 1 and 1147, which are also present in their recent context. Other places like 988 and 790 have been visited but less frequently, while places 327, 59, 660, and 9 have minimal visits but are included due to their presence in the history."
42,332,"[1006, 332, 1, 1147, 988, 327, 790, 59, 660, 9]","The user has a strong pattern of visiting place 1006, especially on weekends and Mondays, as seen in both history and context. Place 332 is also frequently visited on Mondays and Wednesdays, indicating a potential for return. Place 1 appears often in the history, suggesting it is a common stop. The context shows recent visits to 1006 and 332, reinforcing their likelihood. Other places like 1147 and 988 have been visited but less frequently, making them less probable."
42,1006,"[1006, 332, 1, 1147, 988, 790, 59, 327, 660, 9]","The user has a strong pattern of visiting place 1006, especially on weekends and Mondays, as seen in both history and context. Place 332 is also frequently visited on Mondays and Tuesdays, indicating a potential preference. Place 1 appears often in the history, suggesting it is a common stop. Other places like 1147 and 988 have been visited recently, which may indicate they are also likely candidates for the next visit."
42,332,"[1006, 332, 1, 1147, 988, 790, 59, 660, 327, 9]","The user has a strong pattern of visiting place 1006 frequently, especially on weekends and Mondays, indicating a high likelihood of returning there. Place 332 has also been visited recently in the context, suggesting it is a current interest. Place 1 is a common location in both history and context, making it a probable choice. Other places like 1147 and 988 have been visited multiple times, but less frequently than the top candidates."
42,1006,"[1006, 332, 1, 1147, 988, 790, 59, 327, 660, 9]","The user has a strong pattern of visiting place 1006, especially on weekends and Mondays, as seen in both history and context. Place 332 is also frequently visited on Mondays and Tuesdays, indicating a preference for this location. Place 1 appears often in the history, suggesting it is a common stop. The other places have varying degrees of recent visits, but 1006 and 332 are the most consistent choices."
42,332,"[1006, 332, 1, 1147, 988, 790, 327, 59, 660, 9]","The user has a strong pattern of visiting place 1006, especially on weekends and Mondays, as seen in both history and context. Place 332 is also frequently visited on Tuesdays, indicating a potential for return. Place 1 appears often in various contexts, suggesting it is a common stop. Other places like 1147 and 988 have been visited recently, which may indicate a likelihood of return."
42,332,"[1006, 332, 1, 327, 1147, 988, 790, 59, 660, 9]","The user has a strong pattern of visiting place 1006 frequently, especially on weekends and Mondays, indicating a high likelihood of returning there. Place 332 has also been visited recently in the context, suggesting it may be a preferred location. Other places like 1 and 327 have been visited multiple times, but with less frequency than 1006 and 332. The recent context stays further reinforce the likelihood of these places."
42,1006,"[1006, 332, 1, 1147, 988, 790, 59, 327, 660, 9]","The user has a strong pattern of visiting place 1006, especially on weekends and Mondays, as seen in both history and context. Place 332 is also frequently visited in recent context, indicating a potential shift in routine. Place 1 appears often in the history, suggesting it is a fallback option. Other places like 1147 and 988 have been visited but less frequently, making them less likely but still possible. The ranking reflects the frequency and recency of visits."
42,1,"[1006, 332, 1, 1147, 327, 988, 790, 59, 660, 9]","The user has a strong pattern of visiting place 1006 frequently, especially on weekends and Mondays, as seen in both history and context. Place 332 is also visited recently and has been a recurring location. Place 1 appears often in the history, indicating it is a common stop. The other places have less frequent visits but are still relevant based on the user's activity pattern."
42,1006,"[1006, 332, 1, 1147, 988, 790, 59, 327, 660, 9]","The user has a strong pattern of visiting place 1006, especially on weekends and Mondays, as seen in both history and context. Place 332 is also frequently visited, particularly on weekdays. Place 1 appears often in the history, indicating it is a common stop. The recent context shows continued visits to 1006 and 332, reinforcing their likelihood as the next destination."
42,332,"[1006, 332, 1, 1147, 327, 988, 59, 790, 660, 9]","The user has a strong pattern of visiting place 1006 frequently across various days and times, especially on weekends and Mondays. Recent context shows visits to place 332 and 1006, indicating a preference for these locations. Place 1 is also visited often, particularly in the mornings. The user has shown less frequent visits to places 1147, 327, 988, 59, 790, and 660, but they remain potential options based on historical data."
42,1006,"[1006, 1, 332, 327, 1147, 988, 790, 59, 660, 9]","The user has a strong pattern of visiting place_id 1006, especially on weekends and Mondays, as seen in both history and context. Place_id 1 is frequently visited during early mornings and has recent context visits. Place_id 332 has recent context visits and is also visited on Mondays. Place_id 327 is visited on Sundays, indicating a potential preference. Place_id 1147 appears in both history and context, suggesting continued interest. Place_id 988 and 790 have historical visits, while 59 and 660 have some context relevance. Place_id 9 has historical significance but less recent activity."
42,332,"[1006, 1, 332, 1147, 327, 988, 790, 59, 660, 9]","The user has a strong pattern of visiting place_id 1006, especially on weekends and Mondays, as seen in both history and context. Place_id 1 is frequently visited early in the morning and has recent context visits. Place_id 332 has a recent context visit on Wednesday morning, indicating potential for future visits. Other places like 1147, 327, 988, and 790 have historical significance but less frequent visits, while 59 and 660 have some recent context relevance."
42,1006,"[1006, 1, 332, 327, 1147, 988, 790, 59, 660, 9]","The user has a strong pattern of visiting place 1006, especially on weekends and Mondays, as seen in both history and context. Place 1 is frequently visited early in the morning, and place 332 has recent visits on Tuesday and Wednesday. Place 327 is also notable for its early morning visits on Sundays. The other places have less frequent but relevant visits, indicating potential interest."
42,332,"[1006, 332, 1, 1147, 988, 790, 59, 327, 660, 9]","The user has a strong pattern of visiting place 1006, especially on weekends and Mondays, as seen in both history and context. Place 332 is also frequently visited, particularly on weekdays. Other places like 1 and 1147 have been visited multiple times, but less frequently than 1006 and 332. The recent context shows continued visits to 1006 and 332, reinforcing their likelihood as the next destination."
42,1006,"[1006, 332, 1, 1147, 988, 790, 59, 327, 660, 9]","The user has a strong pattern of visiting place_id 1006, especially on weekends and Mondays, indicating a preference for this location. Recent context shows visits to place_id 332, suggesting a possible shift or additional interest in this location. Place_id 1 is frequently visited during early mornings, while 1147 and 988 have also been visited multiple times. The ranking reflects both historical frequency and recent context activity."
42,1,"[1006, 332, 1, 1147, 988, 327, 59, 790, 660, 9]","The user has a strong pattern of visiting place_id 1006, especially on weekends and weekdays, indicating it is a preferred location. Contextual stays also show recent visits to 1006, reinforcing its likelihood. Place_id 332 appears frequently in the context, suggesting it may be a secondary location of interest. Other places like 1, 1147, and 988 have been visited multiple times, but less frequently than 1006 and 332."
42,1,"[1006, 332, 1, 327, 1147, 988, 790, 59, 660, 9]","The user has a strong pattern of visiting place_id 1006, especially on weekends and Mondays, indicating a preference for this location. Recent context shows visits to place_id 332 and 1006, reinforcing their likelihood. Place_id 1 is frequently visited as well, particularly on weekends. Other places like 327 and 1147 have also been visited multiple times, but with less frequency compared to the top predictions."
42,1,"[1006, 1, 332, 1147, 327, 988, 790, 59, 660, 9]","The user has a strong pattern of visiting place_id 1006, especially on weekends and Mondays, as seen in both history and context. Place_id 1 is frequently visited as well, particularly on weekends. Place_id 332 appears in the recent context, indicating a potential interest. Other places like 1147, 327, 988, and 790 have also been visited multiple times, suggesting they could be likely next locations."
42,1,"[1006, 1, 332, 327, 1147, 988, 790, 59, 660, 9]","The user has a strong pattern of visiting place 1006 frequently, especially on weekends and Mondays, as seen in both history and context. Place 1 is also visited often, particularly on weekends. Place 332 was recently visited on a Friday, indicating potential for a return. Other places like 327 and 1147 have been visited multiple times, suggesting they are also likely candidates. The user shows a preference for certain places during specific times, which influences the predictions."
42,1,"[1006, 1, 327, 1147, 988, 790, 332, 59, 660, 9]","The user has a strong pattern of visiting place_id 1006, especially on weekends and Mondays, as seen in both history and context. Place_id 1 is also frequently visited, particularly on weekends and Mondays. The user has shown a consistent preference for these locations, making them the most likely next places. Other places like 327 and 1147 have been visited multiple times, but less frequently than 1006 and 1."
42,1,"[1006, 1, 1147, 988, 332, 790, 59, 327, 660, 9]","The user has a strong pattern of visiting place_id 1006 frequently across various days and times, especially on Saturdays and Mondays. Place_id 1 is also visited often, particularly in the context stays. The recent context activities suggest a continued interest in place_id 1, while place_id 1147 has been visited recently as well. Other places like 988 and 332 have been visited but less frequently, making them less likely. The ranking reflects the frequency and recency of visits."
42,1006,"[1006, 1, 1147, 988, 332, 790, 59, 327, 660, 9]","The user has a strong pattern of visiting place 1006 frequently, especially on weekends and Mondays, indicating a high likelihood of returning there. Place 1 is also visited often, particularly in the context stays, suggesting it is a common location for the user. Other places like 1147 and 988 have been visited multiple times, but with less frequency than 1006 and 1. The context shows recent visits to place 1, reinforcing its likelihood. The remaining places are ranked based on their historical frequency and recent context relevance."
42,332,"[1006, 1, 327, 1147, 988, 332, 790, 59, 660, 9]","The user has a strong pattern of visiting place_id 1006, especially on weekends and Mondays, indicating a preference for this location. Recent context shows a visit to place_id 1, which is also frequently visited in the history, suggesting it could be a secondary option. Other places like 327 and 1147 have been visited multiple times, particularly on Sundays, making them likely candidates as well."
42,1,"[1006, 1, 332, 1147, 988, 790, 327, 59, 660, 9]","The user has a strong pattern of visiting place 1006, especially on weekends and Mondays, as seen in both history and context. Place 1 is frequently visited as well, particularly in the recent context. Place 332 has been visited recently and aligns with the user's activity pattern. Other places like 1147, 988, and 790 have also been visited multiple times, but with less frequency compared to the top places."
42,1006,"[1006, 1, 332, 1147, 988, 790, 327, 59, 660, 9]","The user has a strong pattern of visiting place 1006 frequently, especially on weekends and Mondays, indicating a high likelihood of returning there. Place 1 is also visited often, particularly in the early morning hours. Place 332 has been visited recently in the context, suggesting it may be a current interest. Other places like 1147 and 988 have been visited multiple times, but less frequently than 1006 and 1. The user shows a preference for certain places during specific times, which supports these predictions."
42,332,"[1006, 1, 332, 327, 1147, 988, 790, 59, 660, 9]","The user has a strong pattern of visiting place 1006 frequently, especially on Saturdays and during the morning hours. Recent context shows a stay at place 1006 on Thursday evening, indicating continued interest. Place 1 is also visited often, particularly in the early morning and late night. Place 332 was visited recently on Friday, suggesting it may be a preferred location. Other places like 327 and 1147 have been visited multiple times, but less frequently than the top choices."
42,1006,"[1006, 1, 332, 1147, 327, 988, 790, 59, 660, 9]","The user has a strong pattern of visiting place 1006 frequently, especially on weekends and during mornings. Recent context shows a visit to 1006 on Saturday evening, reinforcing its likelihood. Place 1 is also visited often, particularly early in the morning and on weekends. Place 332 has been visited recently on Friday and Sunday mornings, indicating potential for future visits. Other places like 1147 and 327 have been visited but less frequently, while 988 and 790 have occasional visits, making them less likely. The user seems to prefer certain places during specific times, particularly 1006 and 1."
42,332,"[1006, 332, 1, 327, 1147, 988, 790, 59, 660, 9]","The user has a strong pattern of visiting place 1006, especially on weekends and during mornings, as seen in both history and context. Place 332 is also frequently visited, particularly on weekends. Place 1 appears often in the history, indicating it is a common stop. The recent context shows visits to places 332 and 1006, reinforcing their likelihood. Other places like 327 and 1147 have been visited but less frequently, making them less probable."
42,1006,"[1006, 1, 332, 1147, 988, 790, 59, 327, 660, 9]","The user has a strong pattern of visiting place 1006, especially on weekends and Mondays, as seen in both history and context. Place 1 is frequently visited during early mornings and late nights, while place 332 has recent visits on Sunday and Monday mornings. Other places like 1147 and 988 have also been visited multiple times, but with less frequency compared to 1006 and 1."
42,1006,"[1006, 332, 1, 1147, 988, 790, 59, 660, 327, 9]","The user has a strong pattern of visiting place_id 1006, especially on weekends and Mondays, as seen in both history and context. Place_id 332 is also frequently visited, particularly on Sundays and Mondays. Other places like 1 and 1147 appear in the history but less frequently. The recent context shows continued activity at 1006 and 332, reinforcing their likelihood as next destinations."
42,1,"[1006, 332, 1, 1147, 988, 790, 59, 327, 660, 9]","The user has a strong pattern of visiting place 1006, especially on weekends and Mondays, as seen in both history and context. Place 332 is also frequently visited in the mornings, particularly on Sundays and Mondays. Place 1 appears often in the history, indicating it is a common stop. The recent context shows continued visits to 1006 and 332, reinforcing their likelihood as the next destination."
42,1006,"[1006, 1, 332, 1147, 327, 988, 59, 790, 1147, 9]","The user has a strong pattern of visiting place 1006, especially on weekends and Mondays, as seen in both history and context. Place 1 is frequently visited early in the morning and has recent context stays. Place 332 has been visited recently on Monday morning. The user also has a history of visiting places 1147, 327, and 988, which are less frequent but still relevant. The other places are included based on occasional visits and their proximity to the user's activity patterns."
42,1,"[1006, 1, 332, 327, 1147, 988, 790, 59, 660, 9]","The user has a strong pattern of visiting place_id 1006, especially on Mondays and Saturdays, as seen in both history and context. Place_id 1 is frequently visited early in the morning and has recent context visits. Place_id 332 was visited recently on Monday morning, indicating a potential return. Other places like 327 and 1147 have historical significance but less recent activity, while 988 and 790 have occasional visits. The remaining IDs are less likely but still possible based on historical patterns."
42,1006,"[1006, 1, 327, 1147, 988, 332, 59, 790, 660, 9]","The user has a strong pattern of visiting place 1006 frequently, especially on Mondays and Tuesdays, as seen in both history and context. Place 1 is also visited often, particularly in the mornings. Other places like 327 and 1147 have been visited during late hours, indicating potential for future visits. The context shows recent stays at 1006, reinforcing its likelihood as the next destination."
42,332,"[1006, 1, 327, 1147, 988, 332, 59, 790, 660, 9]","The user has a strong pattern of visiting place_id 1006, especially on weekends and Mondays, as seen in both history and context. Place_id 1 is frequently visited during early mornings and has recent context visits. Other places like 327 and 1147 have been visited multiple times, indicating potential future visits. The user also shows interest in places like 988 and 332, which have been visited recently."
42,1006,"[1006, 1, 332, 1147, 988, 790, 327, 59, 9, 660]","The user has a strong pattern of visiting place 1006, especially on weekends and Mondays, as seen in both history and context. Place 1 is frequently visited during early mornings and has recent context stays. Place 332 appears in the context and has been visited on Tuesdays. Other places like 1147 and 988 have also been visited multiple times, but with less frequency compared to 1006."
42,1,"[1006, 1, 332, 1147, 988, 790, 59, 327, 660, 9]","The user has a strong pattern of visiting place 1006, especially on weekends and Mondays, as seen in both history and context. Place 1 is frequently visited during early mornings and has recent context stays. Place 332 appears in the context and has been visited on Tuesdays. Other places like 1147 and 988 have also been visited multiple times, but with less frequency. The user shows a preference for certain places during specific times, particularly on weekends and early mornings."
42,1,"[1006, 1, 332, 1147, 988, 790, 59, 327, 660, 9]","The user has a strong pattern of visiting place 1006, especially on weekends and Mondays, as seen in both history and context. Place 1 is frequently visited during early mornings and has recent context stays. Place 332 appears in the context on Thursday morning, indicating potential interest. Other places like 1147 and 988 have also been visited multiple times, suggesting they could be likely next stops."
42,1006,"[1006, 1, 332, 1147, 327, 988, 790, 59, 660, 9]","The user has a strong pattern of visiting place_id 1006, especially on weekends and Mondays, as seen in both history and context. Place_id 1 is frequently visited during early mornings and late nights, making it a likely candidate. Place_id 332 appears in the context on Thursday morning, indicating recent activity. Other places like 1147, 327, 988, and 790 have also been visited multiple times, but with less frequency compared to the top candidates."
42,332,"[1006, 1, 332, 327, 1147, 988, 790, 59, 660, 9]","The user has a strong pattern of visiting place_id 1006 frequently across various days and times, especially on weekends and Mondays. Recent context shows visits to 1006 and 1, indicating a preference for these places. Place_id 332 was visited recently, suggesting it may be a potential next stop. Other places like 327 and 1147 have also been visited multiple times, making them likely candidates."
42,332,"[1006, 1, 332, 327, 1147, 988, 790, 59, 9, 660]","The user has a strong pattern of visiting place_id 1006, especially on weekends and during mornings. Recent context shows multiple visits to 1006, indicating a preference. Place_id 1 is also frequently visited, particularly in the mornings and late evenings. Place_id 332 was visited recently on Saturday morning, suggesting it may be a preferred location. Other places like 327 and 1147 have been visited multiple times, but less frequently than 1006 and 1."
42,1006,"[1006, 1, 332, 1147, 988, 790, 327, 59, 660, 9]","The user has a strong pattern of visiting place 1006 frequently across various days and times, especially on Saturdays and Mondays. Recent context shows visits to places 1 and 332, indicating a likelihood of returning to these locations. Place 1 has been visited multiple times in the past, while place 332 has been visited recently, suggesting a potential preference. The user also has a history of visiting place 1147 and 988, which could be relevant for future visits."
42,332,"[1006, 1, 332, 1147, 988, 790, 59, 327, 660, 9]","The user has a strong pattern of visiting place 1006 frequently across various days and times, especially on weekends and Mondays. Recent context shows visits to places 1 and 332, indicating a likelihood of returning to these locations. Place 1 has been visited multiple times in the past, while 332 has been visited recently on Saturday and Monday, suggesting a potential trend. The user also has a history of visiting place 1147, which aligns with the recent context. Overall, the predictions are based on the frequency and recency of visits to these places."
42,1006,"[1006, 332, 1, 1147, 988, 790, 327, 59, 660, 9]","The user has a strong pattern of visiting place 1006 frequently across various days and times, especially on weekends and Mondays. Recent context shows visits to 1006 and 332, indicating a preference for these places. Place 1 is also visited often, particularly in the early morning. The user has shown less frequent visits to places 1147, 988, and 790, but they remain potential options due to occasional visits. Overall, the prediction prioritizes places based on historical frequency and recent context."
42,332,"[1006, 332, 1, 1147, 988, 790, 59, 327, 660, 9]","The user has a strong pattern of visiting place 1006, especially on Saturdays and Mondays, as seen in both history and context. Place 332 is also frequently visited recently, particularly on Monday and Tuesday mornings. Place 1 appears often in the history, indicating it is a common stop. Other places like 1147 and 988 have been visited multiple times, but less frequently than the top candidates."
42,332,"[1006, 332, 1, 1147, 988, 790, 327, 59, 660, 9]","The user has a strong pattern of visiting place 1006 frequently, especially on weekends and Mondays, indicating a high likelihood of returning there. Place 332 has also been visited recently in the context, suggesting it may be a preferred location. Other places like 1 and 1147 have been visited multiple times, but less frequently than 1006 and 332. The user's activity shows a preference for certain places during specific times, particularly on Mondays and weekends."
42,1006,"[1006, 332, 1, 1147, 988, 790, 327, 59, 660, 9]","The user has a strong pattern of visiting place 1006, especially on weekends and Mondays, as seen in both history and context. Place 332 is also frequently visited on Tuesdays and Wednesdays, indicating a possible routine. Place 1 appears often in various contexts, suggesting it is a common stop. Other places like 1147 and 988 have been visited multiple times, but less frequently than the top candidates."
42,332,"[1006, 332, 1, 327, 1147, 988, 790, 59, 660, 9]","The user has a strong pattern of visiting place 1006 frequently, especially on weekends and Mondays, indicating a high likelihood of returning there. Place 332 has also been visited recently in the context, suggesting it is a current interest. Place 1 is a common location in the history, visited multiple times, which supports its inclusion. Other places like 327 and 1147 have been visited at specific times, indicating potential for return. The recent context visits to 1006 and 332 further reinforce these predictions."
42,1006,"[1006, 332, 1, 1147, 988, 790, 59, 327, 1146, 660]","The user has a strong pattern of visiting place 1006 frequently, especially on weekends and Mondays, indicating a high likelihood of returning there. Context stays also show recent visits to 1006 and 332, suggesting these are preferred locations. Place 1 is visited often as well, while 1147 and 988 have been visited multiple times in the past, making them likely candidates too."
42,332,"[1006, 332, 1, 327, 1147, 988, 790, 59, 660, 9]","The user has a strong pattern of visiting place 1006 frequently, especially on weekends and Mondays, indicating a high likelihood of returning there. Place 332 has also been visited recently in the context, suggesting it may be a preferred location. Place 1 is visited often as well, particularly in the early morning hours. Other places like 327 and 1147 have been visited multiple times, but less frequently than the top candidates."
42,1006,"[1006, 332, 1, 1147, 988, 790, 59, 9, 660, 327]","The user has a strong pattern of visiting place 1006 frequently across various days and times, especially on weekends. Recent context shows visits to places 332 and 1006, indicating a preference for these locations. Place 1 is also visited often, particularly in the early morning. The user has shown less frequent but notable visits to places 1147, 988, and 790, which could also be considered. Overall, the predictions are based on the frequency and recency of visits to these places."
42,1,"[1006, 332, 1, 1147, 988, 790, 59, 327, 660, 9]","The user has a strong pattern of visiting place 1006 frequently across various days and times, including recent stays in the context. Place 332 is also visited recently and has been part of the user's history. Other places like 1 and 1147 have been visited multiple times, but less frequently than 1006 and 332. The user shows a preference for certain places on weekends, which influences the predictions."
42,332,"[1006, 332, 1, 1147, 988, 790, 59, 327, 660, 9]","The user has a strong pattern of visiting place 1006 frequently across various days and times, especially on Saturdays. Recent context shows visits to places 332 and 1006, indicating a preference for these locations. Place 1 is also visited often, particularly in the early morning hours. The user has shown less frequent visits to places 1147, 988, and 790, but they remain potential options due to their historical presence. Overall, the predictions are based on the frequency and timing of past visits."
42,1006,"[1006, 332, 1, 1147, 988, 790, 327, 59, 660, 9]","The user has a strong pattern of visiting place_id 1006, especially on Saturdays and Mondays, as seen in both history and context. Place_id 332 is also frequently visited on Saturdays and Mondays, indicating a preference for these locations. Place_id 1 appears multiple times in both history and context, suggesting it is a common stop. Other places like 1147, 988, and 790 have been visited but less frequently, making them less likely but still possible options."
42,332,"[1006, 332, 1, 1147, 988, 790, 59, 9, 660, 327]","The user has a strong pattern of visiting place 1006, especially on Saturdays and Mondays, as seen in both history and context. Place 332 is also frequently visited on Saturdays and Mondays, indicating a preference for these locations. Place 1 appears consistently in various contexts, suggesting it is a common stop. Other places like 1147 and 988 have been visited multiple times, but less frequently than the top three. The user seems to favor certain places during specific times, particularly on weekends."
42,1,"[1006, 1, 332, 327, 1147, 988, 790, 59, 660, 9]","The user has a strong pattern of visiting place 1006, especially on Saturdays and Mondays, as seen in both history and context. Place 1 is also frequently visited, particularly in the mornings and evenings. Place 332 appears in recent context, indicating a potential for return. Other places like 327 and 1147 have been visited multiple times, suggesting they are also likely candidates."
42,332,"[1006, 1, 332, 327, 1147, 988, 790, 59, 660, 9]","The user has a strong pattern of visiting place_id 1006, especially on Saturdays and Mondays, as seen in both history and context. Place_id 1 is frequently visited during early mornings and has recent context stays. Place_id 332 appears in the context on Monday morning and has historical visits, indicating a potential for return. Place_id 327 has a notable presence in the history on Sundays. Place_id 1147 is also visited multiple times, particularly late at night. Other places like 988 and 790 have less frequent but notable visits, while 59 and 660 have some historical relevance. Overall, the predictions are based on the frequency and timing of past visits combined with recent activities."
42,660,"[1006, 332, 1, 327, 1147, 988, 790, 59, 9, 660]","The user has a strong pattern of visiting place 1006, especially on weekends and Mondays, indicating a preference for this location. Recent context shows visits to places 332 and 1, suggesting they are also likely candidates. The user frequently visits place 1 early in the morning, and place 332 has been visited recently, making it a probable next location. Other places like 327 and 1147 have been visited multiple times, but less frequently than the top candidates."
42,1006,"[1006, 332, 1, 1147, 988, 327, 790, 660, 59, 9]","The user has a strong pattern of visiting place 1006 frequently across various days and times, especially on weekends and Mondays. Recent context shows continued visits to 1006 and 332, indicating a preference for these locations. Place 1 is also visited often, particularly in the early morning hours. The other places have less frequent visits but are still relevant based on the user's history."
42,328,"[1006, 1, 332, 1147, 660, 327, 988, 790, 59, 9]","The user has a strong pattern of visiting place_id 1006, especially on weekends and Mondays, indicating a preference for this location. Recent context shows visits to place_id 332 on Tuesday mornings, suggesting a potential for return. Place_id 1 is frequently visited during early mornings and has a consistent presence in both history and context. Other places like 1147 and 660 have also been visited recently, making them likely candidates. Overall, the predictions are based on the frequency and timing of past visits."
42,1,"[1006, 1, 332, 660, 328, 1147, 327, 988, 790, 59]","The user has a strong pattern of visiting place 1006 frequently, especially on Saturdays and Mondays, and has also visited it recently in the context. Place 1 is another frequent location, visited multiple times across different days, and is also present in the context. Place 332 was visited recently on a Wednesday morning, indicating potential for a return. Place 660 has been visited on Tuesday mornings, aligning with the context. Place 328 was visited recently on Saturday, suggesting it may be a preferred location. Other places like 1147, 327, 988, 790, and 59 have been visited but less frequently, making them less likely but still possible options."
42,1006,"[1006, 1, 332, 660, 327, 328, 1147, 988, 790, 59]","The user has a strong pattern of visiting place 1006 frequently, especially on Saturdays and Mondays, and has also recently visited it on Friday night. Place 1 is visited often as well, particularly on weekends. Place 332 was visited recently in the context, indicating a potential return. Place 660 has been visited on Tuesday mornings, suggesting it could be a candidate for the next visit. Other places like 327 and 328 have also been visited multiple times, making them likely options."
42,1,"[1006, 1, 660, 328, 327, 1147, 988, 790, 332, 59]","The user has a strong pattern of visiting place 1006 frequently across various days and times, especially on Saturdays. Recent context shows a visit to 1006 on Friday night and multiple visits on Saturday, indicating a preference for this location. Place 1 is also visited frequently, particularly on weekends, making it a likely candidate. Place 660 was visited recently, suggesting it may be a current interest. Other places like 328 and 327 have recent context visits, indicating potential for future visits."
42,375,"[1006, 1, 328, 327, 1147, 988, 790, 332, 660, 59]","The user has a strong pattern of visiting place_id 1006 frequently across various days and times, especially on weekends. Recent context shows a visit to 1006 on Friday night and Saturday, indicating a continued preference. Place_id 1 is also visited often, particularly on weekends, making it a likely next stop. Place_id 328 was visited recently on Saturday, suggesting it could be a potential next location. Other places like 327, 1147, 988, 790, 332, and 660 have been visited but less frequently, thus they are ranked lower."
42,1006,"[1006, 1, 328, 375, 327, 1147, 988, 790, 332, 660]","The user has a strong pattern of visiting place 1006 frequently, especially on Saturdays and Sundays, as seen in both history and context. Place 1 is also a common location, visited multiple times across different days. The recent context shows visits to places 328 and 375, indicating potential interest in these locations. The user has also visited place 327 and 1147, which are notable in their history. Overall, the predictions are based on the frequency and recency of visits to these places."
42,332,"[1006, 1, 375, 327, 1147, 988, 332, 59, 790, 660]","The user has a strong pattern of visiting place_id 1006, especially on Saturdays and Sundays, with multiple long stays. Recent context also shows visits to place_id 1006, reinforcing its likelihood. Place_id 1 is frequently visited as well, particularly in the mornings and on weekends. Place_id 375 appears in the context, indicating a recent interest. Other places like 327, 1147, and 988 have been visited but less frequently, making them less likely but still possible options."
42,1,"[1006, 1, 332, 375, 327, 1147, 988, 59, 790, 660]","The user has a strong pattern of visiting place 1006 frequently across various days and times, especially on weekends. Recent context shows multiple visits to 1006, indicating it is a preferred location. Place 1 is also visited often, particularly on Sundays. Place 332 appears in both history and context, suggesting it may be a secondary choice. Other places like 375 and 327 have recent context visits, making them potential candidates as well."
42,1006,"[1006, 1, 332, 375, 327, 988, 1147, 59, 790, 660]","The user has a strong pattern of visiting place 1006, especially on weekends and Mondays, as seen in both history and context. Place 1 is frequently visited during early mornings and has recent context stays. Place 332 appears on Monday mornings, indicating a potential routine. Place 375 was visited recently, suggesting it may be a new interest. Other places like 327, 988, 1147, 59, 790, and 660 have been visited but less frequently, making them less likely but still possible options."
42,332,"[1006, 1, 332, 375, 1147, 988, 790, 59, 327, 660]","The user has a strong pattern of visiting place 1006 frequently across various days and times, especially on weekends and Mondays. Recent context shows a visit to 1006 on Sunday, reinforcing its likelihood. Place 1 is also visited often, particularly in the early morning hours, making it a probable next location. Place 332 has been visited recently on Monday morning, indicating a potential return. Other places like 375 and 1147 have also been visited, but less frequently, thus ranking lower."
42,1006,"[1006, 1, 332, 1147, 988, 790, 59, 327, 660, 9]","The user has a strong pattern of visiting place 1006, especially on weekends and Mondays, as seen in both history and context. Place 1 is frequently visited during early mornings and late nights, while place 332 appears in recent context, indicating a potential shift in routine. Other places like 1147 and 988 have also been visited multiple times, but with less frequency. The ranking reflects the user's established preferences and recent activities."
42,332,"[1006, 332, 1, 1147, 327, 988, 790, 59, 660, 9]","The user has a strong pattern of visiting place 1006, especially on weekends and Mondays, as seen in both history and context. Place 332 is also visited frequently on Mondays and Tuesdays, indicating a preference for this location. Place 1 appears consistently in the history and context, suggesting it is a common stop. Other places like 1147 and 327 have been visited recently, which may indicate a likelihood of return. The user has shown varied activity across different days, but the top places reflect their most frequent visits."
42,1006,"[1006, 1, 332, 1147, 988, 790, 59, 327, 660, 9]","The user has a strong pattern of visiting place 1006, especially on weekends and Mondays, as seen in both history and context. Place 1 is frequently visited during early mornings and has recent context stays. Place 332 appears in the context on Tuesday mornings, indicating a potential preference. Other places like 1147 and 988 have also been visited multiple times, but with less frequency. The ranking reflects the user's established patterns and recent activities."
42,660,"[1006, 332, 1, 1147, 988, 790, 59, 327, 660, 9]","The user has a strong pattern of visiting place 1006, especially on weekends and Mondays, as seen in both history and context. Place 332 is also frequently visited on Tuesdays, indicating a possible routine. Place 1 appears often in various contexts, suggesting it is a common stop. Other places like 1147 and 988 have been visited recently, which may indicate they are also likely candidates for the next visit."
42,1006,"[1006, 332, 1, 660, 327, 988, 790, 1147, 59, 9]","The user has a strong pattern of visiting place 1006, especially on weekends and Mondays, indicating a high likelihood of returning there. Place 332 has also been visited recently in the context, suggesting it may be a preferred location. Other places like 1 and 660 have been visited frequently, while 327 and 988 show some historical significance. The recent context visits to 332 and 1006 reinforce their likelihood as the next destination."
42,1006,"[1006, 1, 332, 660, 1147, 988, 790, 327, 59, 9]","The user has a strong pattern of visiting place_id 1006, especially on weekends and early mornings, as seen in both history and context. Place_id 1 is frequently visited during early hours, while place_id 332 appears in the recent context. Place_id 660 has been visited recently as well, indicating potential for future visits. Other places like 988 and 790 have also been visited, but less frequently."
42,1158,"[1006, 332, 660, 1, 327, 988, 790, 1147, 59, 9]","The user has a strong pattern of visiting place_id 1006, especially on weekends and Mondays, as seen in both history and context. Place_id 332 was recently visited in the context, indicating a potential return. Place_id 660 also appears in the context and has been visited previously. Other places like 1, 327, 988, and 790 have been visited multiple times, but with less frequency. The recent context visits to 1006 suggest it remains a likely next destination."
42,1,"[1006, 660, 1, 327, 1147, 988, 790, 332, 1158, 59]","The user has a strong pattern of visiting place_id 1006, especially on weekends and early mornings, as seen in both history and context. Place_id 660 is also recently visited in the context, indicating a potential for return. Place_id 1 is frequently visited during early hours across various days, suggesting it is a common stop. Other places like 327, 1147, 988, and 790 have been visited multiple times, but with less frequency than the top candidates. The recent visit to place_id 1158 in context suggests it may also be a consideration for the next location."
42,1006,"[1006, 1, 660, 327, 1147, 988, 790, 332, 1158, 59]","The user has a strong pattern of visiting place 1006 frequently across various days and times, especially on weekends and Mondays. Recent context shows visits to 1006 and 660, indicating a preference for these locations. Place 1 is also visited often, particularly in the mornings. The user has shown a tendency to visit multiple places on Saturdays, suggesting a likelihood of returning to familiar spots like 1006 and 1. Other places like 327 and 1147 have been visited but less frequently, while 1158 is a recent context stay that could indicate a new interest."
42,332,"[1006, 1, 327, 1147, 9, 988, 332, 790, 1158, 59]","The user has a strong pattern of visiting place ID 1006, especially on weekends and Mondays, as seen in both history and context. Place ID 1 is frequently visited during early mornings and has recent context stays. Other places like 327 and 1147 have been visited multiple times, indicating potential future visits. The recent context also shows a visit to place ID 1158, suggesting it could be a new interest."
42,332,"[1006, 1, 332, 1147, 327, 988, 1158, 59, 790, 660]","The user has a strong pattern of visiting place_id 1006, especially on weekends and Mondays, as seen in both history and context. Place_id 1 is frequently visited early in the morning and on weekends. Place_id 332 appears in recent context, indicating a potential for return. Other places like 1147 and 327 have been visited multiple times, suggesting they are also likely candidates. The user has shown varied activity patterns, but the consistency of visits to 1006 and 1 makes them the top predictions."
42,1006,"[1006, 1, 332, 1147, 327, 988, 1158, 59, 790, 9]","The user has a strong pattern of visiting place_id 1006, especially on weekends and Mondays, indicating a preference for this location. Recent context shows visits to place_id 332 and 1, suggesting they are also likely candidates. Place_id 1147 appears frequently in the history, particularly late at night, making it a probable next stop. The user has also visited place_id 327 and 988 multiple times, which supports their inclusion in the predictions. Place_id 1158 was visited recently, indicating it may be a new interest. Overall, the predictions are based on historical frequency and recent activity."
42,703,"[1006, 1, 332, 1147, 988, 790, 327, 59, 660, 9]","The user has a strong pattern of visiting place 1006 frequently, especially on weekends and Mondays, as seen in both history and context. Place 1 is also visited often, particularly in the early mornings. Place 332 has recent visits in the context, indicating a potential for return. Other places like 1147 and 988 have been visited multiple times, but less frequently than the top candidates."
42,1006,"[1006, 332, 1, 1147, 988, 703, 327, 59, 790, 9]","The user has a strong pattern of visiting place 1006 frequently, especially on weekends and Mondays, as seen in both history and context. Place 332 is also visited recently on Tuesday and Wednesday mornings, indicating a potential routine. Place 1 is visited multiple times across different days, suggesting it is a common stop. Other places like 1147 and 988 have been visited but less frequently, while 703 appears in the context, indicating it might be a new interest."
42,1006,"[1006, 332, 1, 1147, 988, 703, 59, 790, 327, 660]","The user has a strong pattern of visiting place 1006 frequently, especially on weekends and Mondays, indicating it is a preferred location. Recent context shows visits to place 332, suggesting a possible trend towards this location. Place 1 is also visited often, particularly early in the morning. The user has shown varied activity across different days, but the consistent visits to 1006 and 332 make them the top predictions."
42,993,"[1006, 1, 332, 1147, 703, 988, 790, 59, 327, 660]","The user has a strong pattern of visiting place_id 1006 frequently across various days and times, especially on weekends and Mondays. Recent context shows continued visits to 1006, indicating it remains a preferred location. Place_id 1 is also visited often, particularly in the early mornings and on weekends. Place_id 332 was visited recently, suggesting it may be a current interest. Other places like 1147 and 703 have been visited in the context, indicating potential for future visits."
42,1,"[1006, 1, 703, 993, 1147, 332, 988, 790, 59, 660]","The user has a strong pattern of visiting place_id 1006 frequently across various days and times, including recent stays in the context. Place_id 1 is also visited often, particularly in the early morning hours. Place_id 703 and 993 have been visited recently, indicating potential interest. Other places like 1147, 332, 988, 790, 59, and 660 have less frequent visits but are still relevant based on the user's overall activity pattern."
42,1006,"[1006, 1, 703, 993, 1147, 988, 332, 59, 790, 327]","The user has a strong pattern of visiting place_id 1006 frequently across various days and times, especially on weekends and Mondays. Recent context shows visits to 1006 on Thursday and Friday evenings, indicating a preference for this location. Place_id 1 is also visited often, particularly in the early mornings and weekends, making it a likely candidate. Other places like 703 and 993 have recent context visits, suggesting they could be potential next locations as well."
42,332,"[1006, 1, 327, 1147, 993, 988, 332, 790, 59, 660]","The user has a strong pattern of visiting place_id 1006 frequently across various days and times, including recent stays in the context. Place_id 1 is also visited often, particularly in the early mornings. Other places like 327 and 1147 have been visited multiple times, indicating potential for future visits. The recent context shows continued activity at 1006, reinforcing its likelihood as the next destination."
42,1,"[1006, 1, 332, 993, 327, 1147, 988, 790, 59, 660]","The user has a strong pattern of visiting place_id 1006, especially on weekends and Mondays, as seen in both history and context. Place_id 1 is frequently visited during early mornings and has recent context stays. Place_id 332 appears in the context and has been visited multiple times in history. Place_id 993 has a recent context visit, indicating potential interest. Other places like 327, 1147, 988, 790, 59, and 660 have been visited but less frequently, making them less likely but still possible options."
42,332,"[1006, 1, 332, 993, 327, 1147, 988, 59, 790, 9]","The user has a strong pattern of visiting place_id 1006, especially on Saturdays and Mondays, as seen in both history and context. Place_id 1 is frequently visited early in the morning and has recent context visits. Place_id 332 has been visited recently on a Tuesday morning, indicating a potential pattern. Place_id 993 was visited recently in the context, suggesting it could be a new interest. Other places like 327, 1147, 988, 59, and 790 have historical significance but less recent activity."
42,1006,"[1006, 1, 332, 327, 1147, 988, 790, 59, 660, 9]","The user has a strong pattern of visiting place 1006, especially on weekends and Mondays, as seen in both history and context. Place 1 is frequently visited early in the morning and has recent context visits. Place 332 has been visited recently on Tuesday morning, indicating a potential pattern. Place 327 is also noted in the history, suggesting it could be a likely next stop. Other places like 1147, 988, and 790 have been visited but less frequently, while 59 and 660 have some recent context relevance."
42,1006,"[1006, 332, 1, 1147, 988, 790, 327, 59, 660, 9]","The user has a strong pattern of visiting place 1006, especially on weekends and Mondays, as seen in both history and context. Place 332 is also frequently visited on Tuesdays, indicating a possible routine. Place 1 appears often in the history, suggesting it is a common stop. The context shows recent visits to 1006 and 332, reinforcing their likelihood. Other places like 1147, 988, and 790 have been visited but less frequently, making them less likely but still possible options."
42,483,"[1006, 1, 332, 327, 1147, 988, 790, 59, 9, 660]","The user has a strong pattern of visiting place 1006 frequently, especially on weekends and Mondays, indicating a high likelihood of returning there. Place 1 is also visited often, particularly in the early mornings. Place 332 has been visited recently in the context, suggesting it may be a current interest. The other places have varying degrees of historical visits, but 1006 and 1 stand out as the most probable next locations."
42,332,"[1006, 1, 332, 483, 1147, 988, 790, 327, 59, 660]","The user has a strong pattern of visiting place 1006 frequently across various days and times, especially on weekends and Mondays. Recent context shows visits to places 1 and 1006, indicating a preference for these locations. Place 332 is also noted in the context, suggesting a potential visit. The user has shown less frequent visits to places 483, 1147, 988, 790, 327, and 59, but they remain possible options based on historical data."
42,1006,"[1006, 332, 1, 483, 1147, 988, 790, 59, 327, 660]","The user has a strong pattern of visiting place 1006 frequently across various days and times, especially on weekends and Mondays. Recent context shows visits to places 332 and 1006, indicating a preference for these locations. Place 1 is also visited often, particularly in the early mornings. Place 483 was visited recently, suggesting it may be a new interest. The other places are included based on their historical frequency and recent context relevance."
42,332,"[1006, 1, 332, 483, 1147, 988, 790, 59, 327, 660]","The user has a strong pattern of visiting place_id 1006, especially on weekends and Mondays, as seen in both history and context. Place_id 1 is frequently visited during early mornings and late nights, while place_id 332 appears in recent context on Monday morning. Place_id 483 is a recent visit on Saturday evening, indicating potential interest. Other places like 1147, 988, and 790 have also been visited multiple times, but with less frequency compared to the top predictions."
42,332,"[1006, 332, 1, 483, 1147, 988, 790, 59, 660, 9]","The user has a strong pattern of visiting place 1006, especially on weekends and Mondays, as seen in both history and context. Place 332 is also frequently visited, particularly on Mondays and Tuesdays. Place 1 appears often in the history, indicating it is a common stop. The recent context shows visits to places 332 and 1006, reinforcing their likelihood. Place 483 is a recent visit, suggesting it may be a new interest. Other places like 1147, 988, and 790 have historical significance but less frequent visits."
42,1006,"[1006, 332, 1, 483, 1147, 988, 790, 59, 9, 660]","The user has a strong pattern of visiting place 1006 frequently, especially on Saturdays and Mondays, and has also recently visited place 332 multiple times on Monday and Tuesday mornings. Place 1 is a common location visited at various times, indicating it may be a fallback option. The recent context shows a visit to place 483, which could suggest a new interest. The other places have been visited less frequently but are still relevant based on the user's overall activity pattern."
42,332,"[1006, 332, 1, 327, 1147, 988, 790, 59, 660, 9]","The user has a strong pattern of visiting place 1006 frequently, especially on weekends and Mondays, indicating a high likelihood of returning there. Place 332 has also been visited recently in the context, suggesting it may be a preferred location. Other places like 1 and 327 have been visited multiple times, but with less frequency compared to 1006 and 332. The recent stays in context reinforce the likelihood of these places being revisited."
42,1006,"[1006, 332, 1, 1147, 988, 790, 327, 59, 660, 9]","The user has a strong pattern of visiting place_id 1006, especially on weekends and Mondays, as seen in both history and context. Place_id 332 is also frequently visited in the mornings on Tuesdays and Wednesdays. Place_id 1 appears often in the history, indicating a possible regular stop. The other places have less frequent visits but are still relevant based on the user's recent activities."
42,1006,"[1006, 332, 1, 1147, 988, 790, 59, 327, 660, 9]","The user has a strong pattern of visiting place 1006, especially on weekends and Mondays, indicating a preference for this location. Recent context shows visits to place 332 on Tuesday and Wednesday mornings, suggesting a potential shift or additional interest in this location. Place 1 is frequently visited during early mornings, while 1147 and 988 have also been visited multiple times, indicating they are likely candidates. The other places have less frequent visits but still show some relevance based on the user's history."
42,1006,"[1006, 332, 1, 1147, 988, 790, 59, 660, 327, 9]","The user has a strong pattern of visiting place 1006 frequently, especially on weekends and Mondays, indicating a high likelihood of returning there. Place 332 has also been visited recently in the context, suggesting it may be a preferred location. Other places like 1 and 1147 have been visited multiple times, but less frequently than 1006 and 332. The recent context stays reinforce the likelihood of returning to these places."
42,327,"[1006, 1, 332, 1147, 988, 790, 59, 327, 660, 9]","The user has a strong pattern of visiting place_id 1006, especially on weekends and Mondays, as seen in both history and context. Place_id 1 is frequently visited during early mornings and late nights, while place_id 332 has recent visits in the context. Other places like 1147 and 988 have also been visited multiple times, but with less frequency compared to 1006."
42,1006,"[1006, 1, 332, 327, 790, 988, 1147, 59, 671, 660]","The user has a strong pattern of visiting place 1006 frequently across various days and times, especially on weekends. Recent context shows continued visits to 1006, indicating a high likelihood of returning. Place 1 is also visited often, particularly early in the morning. Place 332 was visited recently, suggesting it may be a potential next stop. Place 327 has been visited recently as well, making it a candidate. Other places like 790 and 988 have some historical visits, but less frequently than the top candidates."
42,1006,"[1006, 327, 1, 988, 790, 332, 59, 1147, 660, 9]","The user has a strong pattern of visiting place_id 1006 frequently across various days and times, especially on weekends. Recent context shows multiple visits to 1006, indicating it is a preferred location. Place_id 327 is also visited recently, suggesting it may be a secondary choice. Other places like 1, 988, and 790 have been visited but less frequently, making them less likely. The user tends to visit places early in the morning or late at night, which aligns with the predicted places."
42,332,"[1006, 327, 1, 988, 790, 332, 59, 660, 1147, 9]","The user has a strong pattern of visiting place_id 1006 frequently across various days and times, especially on weekends and Mondays. Recent context shows continued visits to 1006, indicating it is a preferred location. Place_id 327 is also visited recently, suggesting it may be a secondary choice. Other places like 1, 988, and 790 have been visited but less frequently, making them less likely. The user tends to return to familiar places, especially those visited recently."
42,1006,"[1006, 327, 1, 332, 1147, 988, 790, 59, 660, 9]","The user has a strong pattern of visiting place_id 1006, especially on weekends and Mondays, as seen in both history and context. Place_id 327 is also visited recently on Sunday, indicating a potential return. Other places like 1 and 332 have been visited frequently, particularly in the mornings, suggesting they could be next. The context shows continued activity at 1006, reinforcing its likelihood as the next destination."
42,1,"[1006, 327, 332, 1, 988, 790, 59, 1147, 660, 9]","The user has a strong pattern of visiting place 1006 frequently, especially on weekends and Mondays, as seen in both history and context. Place 327 is also visited recently, indicating a potential return. Place 332 has been visited recently on a Wednesday morning, suggesting it may be a preferred location. Other places like 1, 988, and 790 have been visited multiple times, but less frequently than the top three. The context shows continued engagement with 1006, reinforcing its likelihood as the next destination."
42,1006,"[1006, 1, 332, 1147, 327, 988, 790, 59, 660, 9]","The user has a strong pattern of visiting place_id 1006, especially on weekends and Mondays, as seen in both history and context. Place_id 1 is frequently visited during early mornings and has recent context stays. Place_id 332 has recent context activity on Wednesday morning, indicating potential for future visits. Other places like 1147, 327, 988, and 790 have historical significance but less frequent visits, while 59 and 660 have some historical context but are less likely compared to the top places."
42,1,"[1006, 1, 332, 1147, 988, 790, 59, 327, 660, 9]","The user has a strong pattern of visiting place_id 1006, especially on weekends and Mondays, as seen in both history and context. Place_id 1 is frequently visited during early mornings and late nights, while place_id 332 has recent visits on Wednesday. The other places have less frequent but notable visits, indicating potential interest."
42,1006,"[1006, 1, 332, 327, 1147, 988, 790, 59, 660, 9]","The user has a strong pattern of visiting place 1006 frequently, especially on weekends and Mondays, as seen in both history and context. Place 1 is also visited often, particularly on Sundays. Place 332 was recently visited in the context, indicating a potential return. Other places like 327 and 1147 have been visited multiple times, suggesting they are also likely candidates. The user shows a preference for certain places during specific times, which influences the predictions."
42,332,"[1006, 1, 327, 1147, 988, 332, 790, 59, 660, 9]","The user has a strong pattern of visiting place_id 1006, especially on weekends and Mondays, as seen in both history and context. Place_id 1 is also frequently visited, particularly on Sundays. The user has shown a consistent preference for these locations, indicating a high likelihood of returning to them."
42,1006,"[1006, 1, 332, 1147, 988, 790, 59, 327, 660, 9]","The user has a strong pattern of visiting place 1006 frequently, especially on weekends and Mondays, as seen in both history and context. Place 1 is also visited often, particularly in the mornings and on Sundays. Place 332 appears in the context on Tuesday mornings, indicating a potential recent interest. Other places like 1147 and 988 have been visited but less frequently, while 790 and 59 have occasional visits. The user shows a preference for certain places during specific times, which influences the predictions."
42,1,"[1006, 1, 332, 1147, 988, 790, 59, 327, 1146, 660]","The user has a strong pattern of visiting place_id 1006, especially on weekends and Mondays, as seen in both history and context. Place_id 1 is frequently visited early in the morning across various days, indicating a possible routine. Place_id 332 appears in recent context, suggesting a potential visit. Other places like 1147 and 988 have also been visited multiple times, but with less frequency compared to the top predictions."
42,1006,"[1006, 1, 332, 1147, 988, 327, 59, 790, 660, 9]","The user has a strong pattern of visiting place 1006, especially on weekends and Mondays, as seen in both history and context. Place 1 is frequently visited early in the morning, and place 332 has recent visits on Tuesday mornings. The user also has a history of visiting places 1147 and 988, indicating they are likely candidates. The other places have less frequent but notable visits, making them less likely but still possible."
42,332,"[1006, 1, 332, 1147, 988, 790, 59, 327, 660, 9]","The user has a strong pattern of visiting place_id 1006, especially on weekends and Mondays, as seen in both history and context. Place_id 1 is frequently visited during early mornings and has recent context stays. Place_id 332 has been visited recently on Tuesday morning, indicating a potential return. Other places like 1147 and 988 have also been visited multiple times, but with less frequency. The ranking reflects the user's established patterns and recent activities."
42,1006,"[1006, 332, 1, 327, 1147, 988, 790, 59, 660, 9]","The user has a strong pattern of visiting place 1006, especially on weekends and Mondays, as seen in both history and context. Place 332 is also visited recently, indicating a potential return. Place 1 is frequently visited during early mornings, while places 327 and 1147 have been visited multiple times, suggesting they are also likely candidates. The other places have less frequent visits but are still relevant based on the user's activity pattern."
42,332,"[1006, 1, 332, 1147, 327, 988, 790, 59, 660, 9]","The user has a strong pattern of visiting place_id 1006, especially on weekends and early mornings, as seen in both history and context. Place_id 1 is also frequently visited, particularly in the mornings. The context shows recent visits to 1006 and 1, reinforcing their likelihood. Place_id 332 appears in the context as well, indicating potential for future visits. Other places like 1147, 327, 988, and 790 have been visited but less frequently, making them less likely but still possible options."
42,1006,"[1006, 1, 332, 1147, 988, 790, 59, 327, 1146, 660]","The user has a strong pattern of visiting place 1006 frequently, especially on weekends and Mondays, indicating a preference for this location. Recent context shows visits to places 1 and 332, suggesting they are also likely candidates. The user has also visited place 1147 multiple times, making it a potential next stop. The other places have less frequent visits but are still relevant based on the user's activity pattern."
42,332,"[1006, 332, 1, 1147, 988, 790, 59, 327, 660, 9]","The user has a strong pattern of visiting place_id 1006, especially on weekends and Mondays, as seen in both history and context. Place_id 332 is also frequently visited, particularly on weekdays. The user has shown a tendency to visit place_id 1 and 1147 during early mornings and late nights. The recent context indicates continued visits to 1006 and 332, reinforcing their likelihood as the next destination."
42,1006,"[1006, 332, 1, 1147, 327, 988, 790, 59, 660, 9]","The user has a strong pattern of visiting place 1006 frequently across various days and times, especially on weekends. Recent context shows visits to place 332 on Thursday and Friday mornings, indicating a potential shift or addition to their routine. Place 1 is also visited often, particularly early in the morning. The user has shown a consistent preference for these locations, making them the most likely next destinations."
42,1,"[1006, 332, 1, 1147, 988, 790, 327, 59, 660, 9]","The user has a strong pattern of visiting place_id 1006, especially on weekends and during mornings, as seen in both history and context. Place_id 332 is also frequently visited, particularly on Fridays and Saturdays. Other places like 1 and 1147 have been visited multiple times, but less frequently than 1006 and 332. The recent context shows continued visits to 1006 and 332, reinforcing their likelihood as the next destination."
42,1,"[1006, 332, 1, 327, 1147, 988, 790, 59, 660, 9]","The user has a strong pattern of visiting place 1006, especially on weekends and Mondays, as seen in both history and context. Place 332 is also frequently visited, particularly on Saturdays. Place 1 appears often in the history, indicating it is a common location. The recent context shows continued visits to places 332 and 1006, reinforcing their likelihood as the next destination."
42,1,"[1006, 1, 332, 1147, 988, 790, 59, 327, 660, 9]","The user has a strong pattern of visiting place 1006, especially on Saturdays and Mondays, as seen in both history and context. Place 1 is frequently visited during early mornings and has recent context stays. Place 332 has recent context activity, indicating potential interest. Other places like 1147 and 988 have also been visited multiple times, suggesting they could be likely next locations."
42,1,"[1006, 1, 332, 327, 988, 1147, 790, 59, 660, 9]","The user has a strong pattern of visiting place_id 1006, especially on Saturdays and Mondays, as seen in both history and context. Place_id 1 is frequently visited during early mornings and has recent context stays. Place_id 332 was visited recently in the context, indicating a potential return. Other places like 327 and 988 have historical significance, while 1147 and 790 have occasional visits that suggest they could be considered. The user also has a history of visiting place_id 59 and 660, which may be relevant based on their activity pattern."
42,1,"[1006, 1, 1147, 332, 988, 790, 59, 660, 327, 657]","The user has a strong pattern of visiting place_id 1006, especially on Saturdays and Mondays, as seen in both history and context. Place_id 1 is frequently visited during early mornings and has recent context stays. Place_id 1147 is also notable due to its presence in both history and context. Other places like 332 and 988 have been visited multiple times, indicating potential future visits. The ranking reflects the frequency and recency of visits."
42,1,"[1006, 1, 1147, 332, 988, 790, 59, 660, 327, 657]","The user has a strong pattern of visiting place_id 1006, especially on weekends and Mondays, indicating a preference for this location. Place_id 1 is frequently visited during early mornings and has recent context stays, suggesting it is a common stop. Place_id 1147 is also visited multiple times, particularly late at night. Other places like 332 and 988 have been visited in the mornings, while 790 and 59 have occasional visits, making them less likely but still relevant. The recent context stays at place_id 657 further support its inclusion in the predictions."
42,1,"[1006, 1, 1147, 332, 988, 327, 790, 59, 660, 9]","The user has a strong pattern of visiting place_id 1006, especially on weekends and Mondays, indicating a preference for this location. Recent context shows continued visits to place_id 1, suggesting it is also a likely next stop. Other places like 1147 and 332 have been visited recently, making them probable as well. The user has shown varied activity across different days, but the consistent visits to 1006 and 1 dominate the predictions."
42,1,"[1006, 1, 1147, 988, 332, 790, 59, 327, 660, 9]","The user has a strong pattern of visiting place_id 1006 frequently across various days and times, especially on weekends and Mondays. Place_id 1 is also visited regularly, particularly in the early mornings. Recent context stays indicate continued activity at place_id 1, suggesting it remains a likely choice. Place_id 1147 and 988 have also been visited recently, indicating they could be potential next locations. The other places have less frequent visits but are still relevant based on the user's overall activity pattern."
42,1,"[1006, 1, 1147, 988, 332, 327, 790, 59, 660, 9]","The user has a strong pattern of visiting place_id 1006 frequently across various days and times, especially on weekends. Recent context stays also indicate a visit to place_id 1, which is a common location in their history. The user tends to visit places early in the morning and late at night, suggesting a preference for certain locations during these times. Place_id 1147 and 988 are also notable due to their recent visits in the history. Overall, the predictions are based on the frequency and timing of past visits."
42,1,"[1006, 1, 1147, 988, 332, 790, 59, 327, 660, 9]","The user has a strong pattern of visiting place_id 1006, especially on Saturdays and Sundays, with multiple long stays. Recent context also shows visits to place_id 1, which is frequently visited in the history. Place_id 1147 is also notable due to its recent visits. The user tends to visit places early in the morning, which aligns with the context stays. Other places like 988 and 332 have been visited but less frequently, making them less likely but still relevant."
42,1,"[1006, 1, 1147, 988, 332, 790, 59, 327, 660, 9]","The user has a strong pattern of visiting place_id 1006, especially on Saturdays and Sundays, with multiple long stays. Recent context also shows visits to place_id 1, which is frequently visited in both history and context. Place_id 1147 is noted in both history and context, indicating a potential return. Other places like 988 and 332 have been visited recently, suggesting they could be next. The user tends to visit places early in the morning, which aligns with the context stays."
42,1,"[1006, 1, 1147, 988, 332, 790, 59, 327, 660, 9]","The user has a strong pattern of visiting place_id 1006, especially on Saturdays and Sundays, with multiple long stays. Recent context also shows visits to place_id 1, which is frequently visited in both history and context. Place_id 1147 is noted for late-night visits, while 988 and 332 are also seen in the history. The user tends to return to familiar places, especially on weekends."
42,1,"[1006, 1, 1147, 988, 332, 790, 59, 327, 660, 9]","The user has a strong pattern of visiting place 1006 frequently, especially on Saturdays and Mondays, indicating a preference for this location. Place 1 is also visited often, particularly in the context stays, suggesting it is a likely next destination. Place 1147 has been visited recently, making it a probable choice as well. Other places like 988 and 332 have been visited in the past, but less frequently, while 790 and 59 have some recent context relevance. The user shows a tendency to return to familiar places, especially on weekends."
42,1,"[1006, 1, 1147, 988, 332, 327, 790, 59, 660, 9]","The user has a strong pattern of visiting place 1006 frequently across various days and times, especially on weekends. Recent context stays also indicate a visit to place 1, which is a common location in their history. Place 1147 is visited late at night, and place 988 has been visited early in the morning. The user shows a tendency to return to familiar places, particularly on weekends, which supports the prediction of these locations."
42,1,"[1006, 1, 1147, 988, 332, 327, 790, 59, 660, 9]","The user has a strong pattern of visiting place_id 1006 frequently across various days and times, especially on weekends. Recent context stays also indicate a visit to place_id 1, which is a common location in both history and context. Other places like 1147 and 988 have also been visited multiple times, suggesting they are likely candidates for the next visit. The user tends to visit places early in the morning, which aligns with the recent context stays."
42,1,"[1006, 1, 1147, 988, 332, 790, 59, 327, 660, 9]","The user has a strong pattern of visiting place_id 1006, especially on weekends and Mondays, indicating a preference for this location. Place_id 1 is frequently visited during early mornings and has recent context stays, suggesting it is a common stop. Place_id 1147 appears in both history and context, indicating it may be a recurring location. Other places like 988, 332, and 790 have also been visited multiple times, but with less frequency. The user shows a tendency to visit certain places at specific times, particularly on weekends, which influences the predictions."
42,1,"[1006, 1, 327, 1147, 988, 332, 59, 790, 660, 9]","The user has a strong pattern of visiting place_id 1006, especially on Saturdays and Mondays, indicating a preference for this location. Place_id 1 is frequently visited in various contexts, suggesting it is a common stop. Other places like 327 and 1147 have also been visited multiple times, particularly on weekends. The recent context shows visits to place_id 1, reinforcing its likelihood. Overall, the predictions are based on historical frequency and recent activity patterns."
42,1006,"[1006, 1, 1147, 988, 332, 327, 790, 59, 660, 9]","The user has a strong pattern of visiting place_id 1006, especially on Saturdays and Sundays, with multiple long stays. Recent context shows visits to place_id 1, which is also frequently visited in the history. The user has a consistent routine of early morning visits, particularly to place_id 1 and 1006, indicating these are likely candidates for the next location."
42,1,"[1006, 1, 327, 1147, 988, 790, 332, 660, 59, 9]","The user has a strong pattern of visiting place_id 1006, especially on Saturdays and Sundays, with multiple long stays. Recent context also shows a visit to place_id 1, which is frequently visited as well. The user tends to visit early in the morning, suggesting a preference for these locations at that time. Other places like 327 and 1147 have also been visited but less frequently, making them less likely compared to the top predictions."
42,1006,"[1006, 1, 327, 1147, 988, 332, 790, 59, 660, 9]","The user has a strong pattern of visiting place_id 1006, especially on Saturdays and Sundays, with multiple long stays. Recent context also shows visits to place_id 1, which is frequently visited in both history and context. Other places like 327 and 1147 are also notable due to their previous visits during similar times. The user tends to visit early in the morning and late at night, which aligns with the predicted places."
42,1,"[1006, 1, 327, 1147, 988, 332, 59, 790, 660, 9]","The user has a strong pattern of visiting place_id 1006, especially on Saturdays and Sundays, as seen in both history and context. Place_id 1 is also frequently visited, particularly in the early morning hours. Other places like 327 and 1147 have been visited multiple times, indicating potential for future visits. The context shows recent activity at place_id 1 and 1006, reinforcing their likelihood as next destinations."
42,1006,"[1006, 1, 327, 1147, 988, 332, 59, 790, 660, 9]","The user has a strong pattern of visiting place 1006, especially on Saturdays and Sundays, with multiple long stays. Recent context also shows visits to 1006, reinforcing its likelihood. Place 1 is frequently visited in various contexts, making it a strong candidate. Place 327 has been visited on Sundays, while 1147 has been visited late on Sundays and early on Tuesdays. Other places like 988, 332, 59, 790, and 660 have also been visited but less frequently, making them less likely but still possible options."
42,332,"[1006, 1, 327, 1147, 988, 332, 59, 790, 9, 660]","The user has a strong pattern of visiting place_id 1006, especially on Saturdays and Sundays, as seen in both history and context. Place_id 1 is also frequently visited, particularly in recent context. Other places like 327 and 1147 have been visited multiple times, indicating potential for future visits. The user tends to visit places early in the morning and during the day on weekends, which aligns with the recent context stays."
42,332,"[1006, 1, 332, 327, 1147, 988, 790, 59, 660, 9]","The user has a strong pattern of visiting place_id 1006, especially on Saturdays and Sundays, as seen in both history and context. Place_id 1 is frequently visited as well, particularly during early mornings and weekends. Place_id 332 appears in the context and has been visited recently, indicating a potential for return. Other places like 327 and 1147 have also been visited multiple times, suggesting they are likely candidates for the next visit."
42,1006,"[1006, 1, 332, 327, 1147, 988, 790, 59, 9, 660]","The user has a strong pattern of visiting place_id 1006, especially on Saturdays and Sundays, as seen in both history and context. Place_id 1 is also frequently visited, particularly on weekends. The recent context shows visits to place_id 332, indicating a potential shift or interest in that location. Other places like 327 and 1147 have been visited multiple times, but less frequently than the top candidates."
42,328,"[1006, 1, 332, 1147, 988, 790, 59, 660, 327, 9]","The user has a strong pattern of visiting place 1006 frequently across various days and times, especially on weekends and Mondays. Recent context shows visits to places 1 and 1006, indicating a preference for these locations. Place 332 is also noted in recent context, suggesting it may be a potential next stop. The other places have less frequent visits but are still relevant based on historical data."
42,332,"[1006, 332, 1, 1147, 988, 790, 328, 59, 327, 660]","The user has a strong pattern of visiting place 1006, especially on weekends and Mondays, as seen in both history and context. Place 332 is also frequently visited on Mondays, indicating a potential return. Place 1 appears often in the history, suggesting it is a common stop. Other places like 1147 and 988 have been visited recently, making them likely candidates as well."
42,1006,"[1006, 332, 1, 1147, 988, 790, 327, 328, 59, 9]","The user has a strong pattern of visiting place_id 1006, especially on weekends and Mondays, indicating a preference for this location. Recent context shows visits to place_id 332 on Monday, suggesting a possible shift or additional interest in this location. Place_id 1 is frequently visited during early mornings, while 1147 and 988 have also been visited multiple times. The user has shown varied activity across different days, but the consistent visits to 1006 and recent context suggest it remains the most likely next destination."
42,332,"[1006, 332, 328, 1147, 1, 988, 790, 59, 9, 660]","The user has a strong pattern of visiting place 1006, especially on weekends and Mondays, as seen in both history and context. Place 332 is also frequently visited, particularly on Tuesdays. The context shows recent visits to places 332 and 1006, reinforcing their likelihood. Other places like 328 and 1147 have been visited recently, making them potential candidates as well."
42,1006,"[1006, 332, 328, 1, 1147, 790, 988, 59, 327, 1146]","The user has a strong pattern of visiting place 1006, especially on weekends and Mondays, as seen in both history and context. Place 332 is also frequently visited on Tuesdays and Wednesdays, indicating a possible routine. Place 328 appears in the context, suggesting recent interest. Other places like 1 and 1147 have been visited but less frequently, making them less likely. The ranking reflects the frequency and recency of visits."
42,1006,"[1006, 332, 1, 328, 1147, 790, 988, 59, 327, 660]","The user has a strong pattern of visiting place 1006 frequently, especially on weekends and Mondays. Recent context shows visits to places 332 and 1006, indicating a preference for these locations. Place 1 is also visited often, particularly early in the morning. The user has shown interest in place 328 recently, which aligns with their activity pattern. Other places like 1147, 790, and 988 have been visited but less frequently, making them less likely. Overall, the predictions are based on the frequency and timing of past visits."
42,332,"[1006, 332, 1, 1147, 327, 988, 790, 59, 660, 9]","The user has a strong pattern of visiting place 1006 frequently, especially on weekends and Mondays, indicating a high likelihood of returning there. Place 332 has also been visited recently in the context, suggesting it may be a preferred location. Other places like 1 and 1147 have been visited multiple times, but less frequently than 1006 and 332. The user's activity shows a preference for certain places during specific times, particularly on weekends and early mornings."
42,1006,"[1006, 332, 1, 1147, 988, 327, 790, 59, 660, 9]","The user has a strong pattern of visiting place_id 1006 frequently across various days and times, especially on weekends and Mondays. Recent context stays also indicate continued visits to 1006, reinforcing its likelihood as the next destination. Place_id 332 appears in the context on Wednesday and Friday mornings, suggesting it may be a secondary choice. Other places like 1, 1147, and 988 have been visited but less frequently, making them less likely but still possible options."
42,1,"[1006, 332, 1, 327, 1147, 988, 790, 59, 660, 9]","The user has a strong pattern of visiting place 1006 frequently across various days and times, especially on weekends and Mondays. Recent context shows visits to 332 and 1006, indicating a preference for these locations. Place 1 is also visited often, particularly in the early morning. The other places have less frequent visits but are still relevant based on historical data."
42,1006,"[1006, 1, 332, 1147, 988, 790, 59, 327, 660, 9]","The user has a strong pattern of visiting place 1006 frequently across various days and times, including recent stays in the context. Place 1 is also visited often, particularly on Sundays. Place 332 has been visited recently on a Friday morning, indicating potential for a return. Other places like 1147 and 988 have been visited multiple times, but less frequently than the top candidates. The user shows a preference for certain places on specific days, which influences the predictions."
42,1,"[1006, 1, 332, 1147, 988, 790, 327, 59, 660, 9]","The user has a strong pattern of visiting place_id 1006, especially on weekends and Mondays, as seen in both history and context. Place_id 1 is frequently visited during early mornings and weekends. Place_id 332 appears in recent context, indicating a potential return. Other places like 1147, 988, and 790 have also been visited multiple times, but less frequently than the top candidates."
42,1006,"[1006, 1, 332, 327, 1147, 988, 790, 59, 660, 9]","The user has a strong pattern of visiting place 1006 frequently across various days and times, especially on weekends and Mondays. Recent context shows a visit to place 332 on Friday and place 1006 on the same day, indicating a preference for these locations. Place 1 is also visited often, particularly on Sundays, making it a likely candidate. The other places have been visited less frequently but still show some relevance based on the user's history."
42,1129,"[1006, 1, 327, 1147, 988, 332, 790, 59, 660, 9]","The user has a strong pattern of visiting place_id 1006, especially on weekends and Mondays, as seen in both history and context. Place_id 1 is also frequently visited, particularly on Sundays. The user has shown a tendency to return to these places, indicating a preference. Other places like 327 and 1147 have been visited multiple times, but less frequently than 1006 and 1. The recent context activities further reinforce the likelihood of returning to these locations."
42,1006,"[1006, 1, 327, 1147, 988, 332, 790, 59, 1129, 660]","The user has a strong pattern of visiting place_id 1006 frequently, especially on weekends and Mondays, indicating a high likelihood of returning there. Place_id 1 is also visited often, particularly in the context stays. The user has shown a preference for early morning visits to place_id 327 and late-night visits to place_id 1147. Recent context stays suggest continued engagement with place_id 1006 and place_id 1, reinforcing their likelihood. Other places like 988, 332, and 790 have been visited but less frequently, while 59 and 1129 are emerging as potential options based on recent context. Overall, the predictions are based on historical patterns and recent activities."
42,332,"[1006, 1, 327, 1147, 988, 332, 790, 59, 1129, 660]","The user has a strong pattern of visiting place_id 1006 frequently, especially on weekends and Mondays, as seen in both history and context. Place_id 1 is also visited regularly, particularly during early mornings and weekends. Other places like 327 and 1147 have been visited at specific times, indicating potential for future visits. The context shows recent stays at 1006 and 1129, reinforcing their likelihood. Overall, the predictions are based on the frequency and timing of past visits."
42,1006,"[1006, 1, 332, 1147, 988, 1129, 327, 59, 790, 0]","The user has a strong pattern of visiting place 1006 frequently, especially on weekends and Mondays, indicating a high likelihood of returning there. Place 1 is also visited often, particularly in the early mornings and late nights. Contextual stays show recent visits to places 1 and 1006, reinforcing their likelihood. Place 332 appears in both history and context, suggesting it may be a potential next stop. Other places like 1147 and 988 have been visited but less frequently, making them less likely but still possible options."
42,1,"[1006, 1, 332, 1147, 988, 59, 790, 1129, 327, 1146]","The user has a strong pattern of visiting place_id 1006, especially on weekends and during mornings. Recent context shows multiple visits to 1006, indicating a preference for this location. Place_id 1 is frequently visited during early hours, while 332 has been visited recently in the context. Other places like 1147 and 988 have also been visited multiple times, but with less frequency compared to 1006."
42,1,"[1006, 1, 332, 1147, 327, 988, 59, 790, 1129, 660]","The user has a strong pattern of visiting place 1006 frequently across various days and times, especially on weekends and Mondays. Recent context shows a visit to 1006 on Wednesday evening, reinforcing its likelihood. Place 1 is also visited often, particularly in the early mornings and late nights. Place 332 has been visited recently on Thursday morning, indicating potential for future visits. Other places like 1147 and 327 have been visited but less frequently, while 988 and 59 have some historical presence. Place 1129 was visited recently, suggesting it could be a new interest. Overall, the predictions are based on historical frequency and recent context activities."
42,1159,"[1006, 1, 332, 1147, 988, 790, 59, 327, 660, 9]","The user has a strong pattern of visiting place 1006 frequently across various days and times, especially on weekends. Recent context shows continued visits to 1006, indicating it remains a preferred location. Place 1 is also visited often, particularly on weekends, making it a likely next stop. Place 332 has been visited recently in the context, suggesting it could be a potential next location. Other places like 1147, 988, and 790 have been visited but less frequently, thus ranking lower."
42,1,"[1006, 1, 332, 327, 1147, 988, 790, 1159, 59, 660]","The user has a strong pattern of visiting place 1006 frequently across various days and times, especially on weekends. Recent context shows a visit to place 332, which is also a location the user has visited before. Place 1 is another frequent location in both history and context. The user has shown a preference for early morning visits, particularly to places like 1006 and 1, which supports the prediction of these places being likely next destinations."
42,1,"[1006, 1, 327, 1147, 988, 332, 1159, 790, 59, 660]","The user has a strong pattern of visiting place_id 1006 frequently across various days and times, especially on weekends. Recent context shows a visit to 1006 on Thursday evening, indicating continued interest. Place_id 1 is also visited often, particularly on weekends, making it a likely next stop. Other places like 327 and 1147 have been visited multiple times, suggesting they are also probable choices. The user has shown interest in place_id 988 and 332, which adds to their likelihood. The recent visit to 1159 on Sunday morning indicates a potential new interest, while 790 and 59 have been visited less frequently but still remain in consideration due to their past relevance."
42,1,"[1006, 1, 1147, 988, 332, 790, 1159, 59, 660, 327]","The user has a strong pattern of visiting place 1006 frequently, especially on Saturdays and Sundays, indicating a preference for this location. Place 1 is also visited often, particularly during early mornings and late nights. Recent context shows visits to place 1 and a new place 1159, suggesting potential interest in these locations. Other places like 1147 and 988 have been visited recently, which may influence the next choice as well."
42,1,"[1006, 1, 1147, 988, 332, 790, 1159, 59, 327, 660]","The user has a strong pattern of visiting place 1006, especially on weekends and early mornings, as seen in both history and context. Place 1 is frequently visited at various times, indicating it may serve as a common stop. Recent context shows visits to place 1 and 1159, suggesting they are also likely candidates. Place 1147 appears in both history and context, making it a probable next location. Other places like 988, 332, and 790 have been visited but less frequently, while 59 and 660 are less common but still possible based on the user's varied schedule."
42,1,"[1006, 1, 327, 1147, 988, 332, 59, 790, 1159, 660]","The user has a strong pattern of visiting place_id 1006 frequently, especially on weekends and early mornings. Recent context shows visits to place_id 1, which is also common in their history. Place_id 327 is notable for early Sunday visits, while 1147 has been visited late on Sundays. The user also has a history of visiting place_id 988 and 332, indicating a preference for these locations. The context includes a recent visit to place_id 1159, suggesting it may be a new interest. Overall, the predictions are based on historical frequency and recent activity."
42,1,"[1, 1006, 327, 1147, 988, 332, 59, 790, 660, 9]","The user has a strong pattern of visiting place 1 frequently, especially on Sundays, as seen in both history and context. Place 1006 is also a recurring location, visited multiple times during the week, indicating a high likelihood of return. Other places like 327 and 1147 have been visited recently, suggesting they are also probable next locations. The context shows recent stays at place 1, reinforcing its likelihood. Overall, the predictions are based on the frequency and recency of visits to these places."
42,1,"[1, 1006, 327, 1147, 988, 332, 59, 790, 9, 660]","The user has a strong pattern of visiting place 1 frequently, especially on Sundays and early mornings. Place 1006 is also a common destination, visited multiple times throughout the week. Recent context shows the user has returned to place 1, indicating a preference for it. Other places like 327 and 1147 have been visited during late hours, suggesting they may be considered for evening activities. The user also has a history of visiting places 988 and 332, which could be relevant for morning or afternoon visits. Overall, the predictions are based on the frequency and timing of past visits."
42,1,"[1006, 1, 1147, 988, 332, 790, 59, 327, 660, 9]","The user has a strong pattern of visiting place 1006 frequently, especially on weekends and Mondays, indicating a preference for this location. Recent context stays also show visits to place 1, which is a common location in both history and context. The user has shown varied activity at other places like 1147 and 988, but the consistent visits to 1006 make it the most likely next destination. Additionally, the user has been active in the early mornings and late evenings, suggesting a preference for places that are open during those times."
42,1,"[1006, 1, 1147, 988, 332, 327, 790, 59, 660, 9]","The user has a strong pattern of visiting place_id 1006, especially on weekends and Mondays, indicating a preference for this location. Recent context shows visits to place_id 1, which is also frequently visited in the history. The user has a consistent routine of visiting certain places at specific times, particularly on Mondays, which suggests that place_id 1 and 1006 are likely candidates for the next visit. Other places like 1147 and 988 have also been visited recently, but with less frequency."
42,1,"[1006, 1, 1147, 988, 332, 327, 790, 59, 660, 9]","The user has a strong pattern of visiting place_id 1006, especially on Mondays and Saturdays, with multiple long stays. Recent context shows visits to place_id 1, which is also frequently visited in the history. The user has a consistent routine on Mondays, suggesting they may return to familiar places like 1006 or 1. Other places like 1147 and 988 are also noted in the history, indicating potential interest."
42,1,"[1006, 1, 1147, 988, 332, 327, 790, 59, 660, 9]","The user has a strong pattern of visiting place_id 1006 frequently, especially on weekends and Mondays, indicating a preference for this location. The context shows recent visits to place_id 1, which is also a common location in the user's history. The other places have been visited less frequently but are still relevant based on the user's activity pattern."
42,1,"[1006, 1, 1147, 988, 332, 790, 59, 327, 660, 9]","The user has a strong pattern of visiting place_id 1006, especially on weekends and Mondays, indicating a preference for this location. The context shows recent visits to place_id 1, which is also frequently visited, suggesting a likelihood of returning there. Other places like 1147 and 988 have been visited recently, but with less frequency. The user tends to visit multiple places on Mondays, which aligns with the context data."
42,1,"[1, 1006, 327, 1147, 988, 332, 59, 790, 660, 9]","The user has a strong pattern of visiting place_id 1 frequently, especially on Mondays, as seen in both history and context. Place_id 1006 is also a recurring location, indicating a preference for it during various times. The recent context shows continued activity at place_id 1, reinforcing its likelihood as the next destination. Other places like 327 and 1147 have been visited multiple times, suggesting they are also probable next locations."
42,1,"[1006, 1, 1147, 332, 988, 790, 59, 327, 660, 9]","The user has a strong pattern of visiting place 1006, especially on weekends and Mondays, indicating a preference for this location. Recent context shows visits to place 1, which is also frequently visited, suggesting a likelihood of returning there. Place 1147 has been visited recently as well, making it a probable next stop. The user also has a history of visiting places 332, 988, and 790, which could be considered based on their recent activities."
42,1,"[1006, 1, 1147, 988, 332, 790, 59, 327, 660, 9]","The user has a strong pattern of visiting place 1006 frequently, especially on weekends and Mondays, indicating a preference for this location. Place 1 is also visited regularly, particularly in the context stays, suggesting it is a likely next destination. Place 1147 has been visited recently, making it a probable choice as well. Other places like 988, 332, and 790 have shown some activity, but less consistently. The historical data shows a tendency to return to familiar places, especially during specific times of the week."
42,1,"[1006, 1, 1147, 332, 988, 790, 327, 59, 660, 9]","The user has a strong pattern of visiting place_id 1006, especially on weekends and Mondays, indicating a preference for this location. Recent context shows visits to place_id 1, which is also frequently visited in the history, suggesting it may be a secondary choice. The user has also visited place_id 1147 and 332 recently, indicating they might be considering these places as well. Overall, the predictions are based on the frequency and recency of visits to these locations."
42,1,"[1006, 1, 1147, 332, 988, 790, 327, 59, 660, 9]","The user has a strong pattern of visiting place_id 1006 frequently across various days and times, especially on weekends and Mondays. Recent context shows visits to place_id 1, which is also a common location in the user's history. The user has also visited place_id 1147 and 332 recently, indicating a likelihood of returning to these places. Overall, the predictions are based on the frequency of visits and recent activities."
42,1,"[1006, 1, 1147, 332, 988, 790, 59, 327, 660, 9]","The user has a strong pattern of visiting place_id 1006, especially on weekends and Mondays, indicating a preference for this location. Recent context shows visits to place_id 1, which is also frequently visited, suggesting a likelihood of returning there. Other places like 1147 and 332 have been visited recently, making them probable next locations as well."
42,1,"[1006, 1, 1147, 988, 332, 327, 790, 59, 660, 9]","The user has a strong pattern of visiting place_id 1006, especially on weekends and Mondays, indicating a preference for this location. Recent context shows visits to place_id 1, which is also frequently visited, suggesting a likelihood of returning there. Other places like 1147 and 988 have been visited recently, while 332 and 327 have some historical visits, making them plausible options as well."
42,1,"[1006, 1, 1147, 988, 332, 790, 59, 327, 1147, 660]","The user has a strong pattern of visiting place 1006, especially on weekends and Mondays, indicating a preference for this location. Place 1 is frequently visited in various contexts, suggesting it is a common stop. Recent stays in context also show a return to place 1, reinforcing its likelihood. Place 1147 appears in both history and context, indicating it may be a secondary choice. Other places like 988 and 332 have been visited recently, making them potential candidates as well."
42,1,"[1, 1006, 327, 1147, 988, 332, 59, 790, 660, 9]","The user has a strong pattern of visiting place 1 frequently, especially in the early morning and on weekends. Place 1006 is also a common destination, visited multiple times throughout the week, particularly on Saturdays. The recent context shows continued visits to place 1, indicating a high likelihood of returning there. Other places like 327 and 1147 have been visited during late hours, suggesting they may be considered for evening activities. The user also has a history of visiting places 988 and 332, which could be relevant for future stays."
42,1,"[1, 1006, 327, 1147, 988, 332, 790, 59, 660, 9]","The user has a strong pattern of visiting place_id 1 frequently, especially in the mornings and late evenings, as seen in both history and context. Place_id 1006 is also a common destination, particularly on weekends and Mondays. The user has shown a preference for these places during various times, indicating a likelihood of returning to them. Other places like 327 and 1147 have been visited during specific times, suggesting they may also be considered for the next visit."
42,1,"[1006, 1, 1147, 332, 988, 790, 59, 327, 660, 9]","The user has a strong pattern of visiting place_id 1006 frequently across various days and times, especially on weekends and Mondays. Recent context shows visits to place_id 1, which is also a common location in their history. The user has shown a tendency to visit place_id 1147 late at night, and place_id 332 has been visited in the morning on Tuesdays. Other places like 988 and 790 have been visited but less frequently, while 59 and 327 have occasional visits. The predictions are ranked based on frequency and recency of visits."
42,1,"[1006, 1, 1147, 988, 332, 790, 59, 327, 660, 9]","The user has a strong pattern of visiting place 1006 frequently, especially on weekends and Mondays, indicating a preference for this location. Place 1 is also visited regularly, particularly in the recent context, suggesting it is a likely next stop. Other places like 1147 and 988 have been visited multiple times, but with less frequency. The context shows recent visits to place 1, reinforcing its likelihood. Overall, the predictions are based on historical frequency and recent activity patterns."
42,1,"[1, 1006, 327, 1147, 988, 332, 59, 790, 660, 9]","The user has a strong pattern of visiting place 1 frequently, especially in the early morning and on weekends. Place 1006 is also a common destination, visited multiple times throughout the week, particularly on Saturdays. The recent context shows continued visits to place 1, indicating a high likelihood of returning there. Other places like 327 and 1147 have been visited during late hours, suggesting they may also be considered for the next visit. The user has shown varied activity patterns, but the consistency in visiting certain places, especially 1 and 1006, supports these predictions."
42,1,"[1, 1006, 327, 1147, 988, 332, 59, 790, 671, 9]","The user has a strong pattern of visiting place 1 frequently, especially in the early morning and on weekends. Place 1006 is also a common destination, visited multiple times throughout the week, particularly on Saturdays. The recent context shows continued visits to place 1, indicating a preference for this location. Other places like 327 and 1147 have been visited during late hours, suggesting they may be considered for evening activities. The user also has a history of visiting places like 988 and 332, which could be relevant based on the time of day and day of the week."
42,1,"[1, 1006, 327, 1147, 988, 332, 59, 790, 660, 9]","The user has a strong pattern of visiting place 1 frequently, especially during early mornings and weekends. Place 1006 is also a recurring location, visited multiple times throughout the week, particularly on Saturdays and Mondays. The recent context shows the user has been at place 1 multiple times, indicating a preference for this location. Other places like 327 and 1147 have been visited during late hours, suggesting they may be considered for evening activities. The user has shown varied interests, but the consistent visits to places 1 and 1006 make them the top predictions."
42,1,"[1, 1006, 327, 1147, 988, 332, 59, 790, 660, 9]","The user has a strong pattern of visiting place 1 frequently, especially in the early morning and late night. Place 1006 is also a recurring location, visited multiple times throughout the week, particularly on weekends. The recent context shows the user has been at place 1 recently, indicating a likelihood of returning. Other places like 327 and 1147 have been visited during late hours, suggesting they may be considered for the next visit. The user has shown varied activity patterns, but the consistent visits to certain places during specific times suggest these are the most probable next locations."
42,1,"[1, 1006, 1147, 988, 327, 332, 790, 59, 660, 9]","The user has a strong pattern of visiting place 1 frequently, especially in the recent context. Place 1006 is also a recurring location in the user's history, indicating a preference for it. The recent stays in context suggest a likelihood of returning to familiar places, particularly those visited recently, such as 1147 and 988. The user tends to visit places early in the morning and late at night, which aligns with the timing of the context stays."
42,1,"[1006, 1, 1147, 988, 332, 327, 790, 59, 660, 9]","The user has a strong pattern of visiting place_id 1006 frequently, especially on Saturdays and Mondays, indicating a preference for this location. The context shows recent visits to place_id 1, which is also a common location in the user's history. Other places like 1147 and 988 have been visited recently, suggesting they may also be likely next stops. The user tends to visit places early in the morning or around lunchtime, which aligns with the context data."
42,1,"[1006, 1, 1147, 988, 332, 327, 790, 59, 660, 9]","The user has a strong pattern of visiting place_id 1006 frequently, especially on Saturdays and Mondays, indicating a preference for this location. The recent context shows visits to place_id 1, which is also a common location in the user's history. The other places have been visited less frequently but are still relevant based on the user's activity pattern."
42,1,"[1006, 1, 1147, 988, 332, 790, 59, 327, 660, 9]","The user has a strong pattern of visiting place_id 1006 frequently across various days and times, especially on weekends. Recent context stays also indicate a return to place_id 1, which is visited often. The other places have been visited in the past, but with less frequency, making them less likely as the next destination."
42,1,"[1, 1006, 327, 1147, 988, 332, 59, 790, 660, 9]","The user has a strong pattern of visiting place_id 1 frequently, especially on weekends and early mornings. Recent context shows continued visits to place_id 1, indicating a preference. Place_id 1006 is also a frequent choice, particularly on Saturdays and Mondays, suggesting it is a likely next destination. Other places like 327 and 1147 have been visited multiple times, especially during late hours, making them probable options as well."
42,1,"[1006, 1, 1147, 988, 332, 327, 790, 59, 660, 9]","The user has a strong pattern of visiting place_id 1006 frequently, especially on Saturdays and Mondays, indicating a preference for this location. The context shows recent visits to place_id 1, which is also a common location in the user's history. The other places have been visited less frequently but are still relevant based on the user's activity pattern."
42,1,"[1006, 1, 1147, 988, 332, 790, 59, 327, 660, 9]","The user has a strong pattern of visiting place 1006, especially on Saturdays and Sundays, with multiple long stays. Recent context shows visits to place 1, which is also frequently visited in the history, indicating a likelihood of returning there. Place 1147 is also notable due to its recent visit on a Sunday. The user has shown varied activity across different places, but the consistent returns to 1006 and 1 suggest they are the most probable next locations."
42,1,"[1006, 1, 1147, 988, 332, 327, 790, 59, 660, 9]","The user has a strong pattern of visiting place_id 1006, especially on Saturdays and Sundays, with multiple long stays. Recent context shows visits to place_id 1, which is also frequently visited in the history. The user has a consistent routine of visiting certain places at specific times, indicating a preference for these locations."
42,1,"[1006, 1, 1147, 988, 332, 790, 59, 327, 660, 9]","The user has a strong pattern of visiting place_id 1006, especially on weekends and Mondays, indicating a preference for this location. Recent context shows visits to place_id 1, which is also frequently visited, suggesting it may be a transitional location. The user has also visited place_id 1147 and 988 recently, indicating they are likely to return to these places. The other places listed have been visited multiple times in the past, making them probable candidates for the next visit."
42,1,"[1006, 1, 1147, 988, 332, 790, 59, 660, 327, 9]","The user has a strong pattern of visiting place 1006, especially on Saturdays and Sundays, with multiple long stays. Recent context shows visits to place 1, which is also frequently visited in the history. Place 1147 is visited late on Sundays, and place 988 has been visited early on Sundays. The user also shows some activity at places 332 and 790, indicating potential interest. The other places are less frequent but still relevant based on the user's overall activity pattern."
42,1,"[1006, 1, 1147, 988, 332, 327, 790, 59, 660, 9]","The user has a strong pattern of visiting place_id 1006, especially on weekends and Mondays, indicating a preference for this location. Recent context shows visits to place_id 1, which is also frequently visited in the history, suggesting a likelihood of returning there. Other places like 1147 and 988 have been visited recently, making them probable next locations as well."
42,1,"[1006, 1, 1147, 988, 332, 327, 790, 59, 660, 9]","The user has a strong pattern of visiting place_id 1006, especially on weekends and Mondays, indicating a preference for this location. Recent context shows visits to place_id 1, which is also frequently visited in the history, suggesting it may be a secondary choice. Other places like 1147 and 988 have been visited recently, but with less frequency. The user tends to visit places early in the morning and late at night, which aligns with the predicted places."
42,1,"[1006, 1, 1147, 988, 332, 327, 790, 59, 660, 9]","The user has a strong pattern of visiting place_id 1006, especially on weekends and Mondays, indicating a preference for this location. Recent context shows visits to place_id 1, which is also frequently visited in the history, suggesting it may be a secondary choice. Other places like 1147 and 988 have been visited recently, but less frequently, making them less likely. The user tends to visit places early in the morning and late at night, which aligns with the predicted places."
42,1,"[1, 1006, 327, 1147, 988, 332, 59, 790, 660, 9]","The user has a strong pattern of visiting place 1 frequently, especially in the early morning hours, as seen in both history and context. Place 1006 is also a recurring location, visited multiple times across different days and times, indicating a high likelihood of return. Other places like 327 and 1147 have been visited during significant stays, suggesting they are also likely candidates. The context data shows recent visits to place 1, reinforcing its probability. Overall, the predictions are based on the frequency and timing of past visits, as well as recent activity."
42,1,"[1006, 1, 1147, 988, 332, 790, 59, 327, 660, 9]","The user has a strong pattern of visiting place_id 1006, especially on weekends and Mondays, indicating a preference for this location. Recent context stays also show visits to place_id 1, which is frequently visited in the history, suggesting it is a likely next stop. Other places like 1147 and 988 have been visited recently, making them probable as well. The user tends to visit multiple places in a day, so the variety in the prediction reflects this behavior."
42,1,"[1006, 1, 327, 1147, 988, 332, 59, 790, 660, 9]","The user has a strong pattern of visiting place_id 1006, especially on weekends and Mondays, indicating a preference for this location. Recent context stays also show visits to place_id 1, which is frequently visited in the history. Other places like 327 and 1147 are also noted in the history, suggesting they are likely candidates for the next visit. The user tends to visit multiple places in a day, particularly on Mondays, which aligns with the context data."
42,1,"[1, 1006, 327, 1147, 988, 332, 790, 59, 660, 9]","The user has a strong pattern of visiting place 1 frequently, especially in the mornings and on weekends. Place 1006 is also a common destination, visited multiple times throughout the week. The recent context shows the user has returned to place 1 on Monday, indicating a likelihood of continuing this trend. Other places like 327 and 1147 have been visited during late hours, suggesting they may be considered for evening activities. The user has shown varied interests, but the consistent visits to places 1 and 1006 make them the top predictions."
42,1,"[1, 1006, 327, 1147, 988, 332, 59, 790, 9, 660]","The user has a strong pattern of visiting place_id 1 frequently, especially on Mondays, as seen in both history and context. Place_id 1006 is also a recurring location, visited multiple times across different days, indicating a high likelihood of return. Other places like 327 and 1147 have been visited during late hours, suggesting they may be preferred for evening activities. The context shows recent visits to place_id 1, reinforcing its likelihood as the next destination."
42,1,"[1, 1006, 327, 1147, 988, 332, 790, 59, 1147, 9]","The user has a strong pattern of visiting place 1 frequently, especially during early mornings and weekends. Recent context shows multiple visits to place 1 on Monday, indicating a continued preference. Place 1006 is also a frequent choice, particularly on weekends and Mondays, suggesting it may be a regular destination. Other places like 327 and 1147 have been visited multiple times, especially during late hours, which aligns with the user's recent activities."
42,1,"[1006, 1, 1147, 988, 332, 327, 790, 59, 660, 9]","The user has a strong pattern of visiting place_id 1006, especially on weekends and Mondays, indicating a preference for this location. Recent context shows visits to place_id 1, which is also frequently visited, suggesting a likelihood of returning there. Other places like 1147 and 988 have been visited recently, but with less frequency. The user tends to visit multiple places early in the morning and late at night, which aligns with the context data."
42,1,"[1006, 1, 1147, 332, 988, 790, 327, 59, 660, 9]","The user has a strong pattern of visiting place_id 1006, especially on weekends and Mondays, indicating a preference for this location. Recent context shows visits to place_id 1, which is also frequently visited in the history, suggesting it may be a fallback location. Place_id 1147 appears in both history and context, indicating it may be a potential next stop. Other places like 332, 988, and 790 have been visited but less frequently, making them less likely but still possible options."
42,1,"[1006, 1, 1147, 332, 988, 790, 59, 327, 660, 9]","The user has a strong pattern of visiting place 1006, especially on weekends and Mondays, indicating a preference for this location. Recent context shows visits to place 1, which is also frequently visited, suggesting a likelihood of returning there. Other places like 1147 and 332 have been visited recently, making them probable next locations as well."
42,1,"[1006, 1, 1147, 332, 988, 790, 59, 327, 660, 9]","The user has a strong pattern of visiting place 1006, especially on Saturdays and Mondays, with multiple long stays. Recent context shows visits to place 1, which is also frequently visited in the history. Place 1147 is noted for late-night visits, while place 332 has been visited in the morning. The user has also shown interest in places 988 and 790, though less frequently. The predictions are based on the frequency and timing of past visits."
42,1006,"[1006, 1, 1147, 332, 988, 790, 59, 327, 660, 9]","The user has a strong pattern of visiting place 1006 frequently, especially on weekends and Mondays, indicating a high likelihood of returning there. Place 1 is also visited often, particularly in the recent context, suggesting it may be a transitional or frequent stop. Place 1147 has been visited multiple times late at night, while places 332 and 988 have been visited in the mornings. The other places have less frequent visits but still show some recent activity, making them potential candidates."
42,332,"[1006, 1, 327, 1147, 988, 332, 790, 59, 660, 9]","The user has a strong pattern of visiting place 1006, especially on weekends and Mondays, as seen in both history and context. Place 1 is frequently visited in recent context and has a consistent presence in history. Other places like 327 and 1147 have been visited multiple times, indicating potential future visits. The user also shows interest in places like 988 and 332, which are relevant based on recent activities."
42,1006,"[1006, 1, 332, 1147, 988, 790, 327, 59, 660, 9]","The user has a strong pattern of visiting place 1006, especially on weekends and Mondays, indicating a preference for this location. Recent context shows visits to place 1, which is also frequently visited, suggesting a likelihood of returning there. Place 332 has been visited recently as well, indicating it may be a preferred location. Other places like 1147, 988, and 790 have also been visited multiple times, but with less frequency than the top three."
42,332,"[1006, 1, 332, 1147, 988, 790, 59, 327, 1147, 9]","The user has a strong pattern of visiting place 1006 frequently, especially on weekends and Mondays, as seen in both history and context. Place 1 is also visited often, particularly in the early mornings. Place 332 appears in the context and has been visited recently, indicating a potential for return. Other places like 1147 and 988 have been visited but less frequently, making them less likely but still possible options."
42,1006,"[1006, 1, 332, 1147, 988, 327, 790, 59, 9, 660]","The user has a strong pattern of visiting place 1006 frequently, especially on weekends and Mondays, indicating a high likelihood of returning there. Place 1 is also visited often, particularly in the early mornings. Place 332 has been visited recently in the context, suggesting it may be a current interest. Other places like 1147 and 988 have been visited multiple times, but less frequently than the top three. The user's activity shows a preference for certain places during specific times, particularly on weekends."
42,1,"[1006, 332, 1, 1147, 988, 790, 59, 327, 660, 9]","The user has a strong pattern of visiting place_id 1006, especially on weekends and Mondays, as seen in both history and context. Place_id 332 is also frequently visited, particularly on Thursdays and Fridays. Other places like 1 and 1147 appear in the history but less frequently. The recent context shows continued visits to 1006 and 332, reinforcing their likelihood as the next destination."
42,332,"[1006, 332, 1, 1147, 988, 790, 59, 660, 327, 9]","The user has a strong pattern of visiting place 1006 frequently across various days and times, especially on weekends. Recent context shows visits to places 332 and 1006, indicating a preference for these locations. Place 1 is also visited often, suggesting it may be a fallback option. Other places like 1147 and 988 have been visited but less frequently, making them less likely. The ranking reflects the frequency and recency of visits."
42,1006,"[1006, 1, 332, 1147, 988, 327, 790, 59, 660, 9]","The user has a strong pattern of visiting place 1006, especially on weekends and Mondays, as seen in both history and context. Place 1 is frequently visited during early mornings and has recent context stays. Place 332 appears in the context and has been visited recently on a Friday. Other places like 1147 and 988 have also been visited multiple times, indicating potential future visits."
42,332,"[1006, 1, 332, 327, 1147, 988, 790, 59, 660, 9]","The user has a strong pattern of visiting place_id 1006, especially on weekends and Mondays, as seen in both history and context. Place_id 1 is frequently visited during early mornings and weekends. Place_id 332 appears in recent context and has been visited multiple times on Mondays. Place_id 327 is also a notable location from history. The other places have less frequent visits but are still relevant based on the user's activity pattern."
42,1006,"[1006, 1, 332, 327, 1147, 988, 790, 59, 660, 9]","The user has a strong pattern of visiting place_id 1006, especially on weekends and Mondays, as seen in both history and context. Place_id 1 is frequently visited during early mornings and weekends. Place_id 332 appears in recent context and has been visited on Mondays. Other places like 327 and 1147 have also been visited multiple times, indicating potential future visits."
42,332,"[1006, 1, 332, 1147, 988, 790, 59, 660, 9, 327]","The user has a strong pattern of visiting place 1006, especially on Saturdays and Mondays, as seen in both history and context. Place 1 is frequently visited during early mornings and has recent context stays. Place 332 appears in the context on Monday and Tuesday mornings, indicating a potential preference. Other places like 1147 and 988 have also been visited multiple times, but with less frequency compared to the top places."
42,1006,"[1006, 332, 1, 1147, 988, 790, 327, 59, 660, 9]","The user has a strong pattern of visiting place 1006 frequently across various days and times, especially on weekends and Mondays. Contextual stays also show recent visits to places 332 and 1006, indicating a preference for these locations. Place 1 is visited often as well, suggesting it may be a fallback option. The user has shown less frequent but notable visits to places 1147, 988, and 790, which could also be considered. Overall, the predictions are based on the frequency and recency of visits."
42,332,"[1006, 332, 1, 1147, 988, 790, 59, 327, 660, 9]","The user has a strong pattern of visiting place 1006, especially on weekends and Mondays, as seen in both history and context. Place 332 is also frequently visited on Tuesdays, indicating a potential return. Place 1 appears often in the history, suggesting it is a common stop. Other places like 1147 and 988 have been visited recently, making them likely candidates as well."
42,1006,"[1006, 332, 1, 1147, 988, 790, 59, 327, 671, 9]","The user has a strong pattern of visiting place 1006, especially on weekends and Mondays, indicating a preference for this location. Recent context shows visits to places 332 and 1006, suggesting they are likely to continue visiting these places. Place 1 is frequently visited as well, while places 1147 and 988 have also been visited multiple times in the past. The user seems to favor certain places during specific times, particularly in the mornings and late evenings."
42,1006,"[1006, 332, 1, 1147, 988, 790, 59, 327, 671, 660]","The user has a strong pattern of visiting place 1006, especially on weekends and weekdays, as seen in both history and context. Place 332 is also frequently visited, particularly in the mornings. Other places like 1 and 1147 have occasional visits, but less frequently. The context shows recent visits to 1006 and 332, reinforcing their likelihood as next destinations."
42,955,"[1006, 332, 1, 1147, 327, 988, 790, 59, 660, 9]","The user has a strong pattern of visiting place_id 1006, especially on weekends and weekdays, indicating it is a preferred location. Recent context shows visits to place_id 332 and 1006, suggesting these are likely next destinations. Place_id 1 appears frequently in the history, indicating it is also a common stop. The user has shown varied activity patterns, but the consistency of visits to 1006 and 332 makes them the top predictions."
42,1,"[1006, 332, 1, 1147, 988, 327, 955, 790, 59, 660]","The user has a strong pattern of visiting place_id 1006, especially on weekends and early mornings, as seen in both history and context. Place_id 332 is also visited recently, indicating a potential for return. Other places like 1 and 1147 have been visited multiple times, suggesting they are also likely candidates. The recent visit to place_id 955 further supports its inclusion in the predictions."
42,332,"[1006, 1, 332, 955, 327, 1147, 988, 790, 59, 660]","The user has a strong pattern of visiting place 1006 frequently across various days and times, especially on weekends. Recent context shows visits to 332 and 1006, indicating a preference for these locations. Place 1 is also visited often, suggesting it could be a fallback option. Place 955 was visited recently, making it a potential next stop. Other places like 327, 1147, 988, 790, 59, and 660 have historical significance but are less frequent."
42,1006,"[1006, 1, 332, 955, 327, 1147, 988, 790, 59, 660]","The user has a strong pattern of visiting place_id 1006, especially on weekends and Mondays, as seen in both history and context. Place_id 1 is frequently visited during early mornings and has recent context stays. Place_id 332 appears in the context on Monday, indicating potential for a visit. Place_id 955 has a recent context stay, suggesting it may be a new interest. Other places like 327, 1147, 988, 790, 59, and 660 have historical significance but less recent activity."
42,333,"[1006, 1, 332, 955, 327, 1147, 988, 790, 59, 660]","The user has a strong pattern of visiting place_id 1006 frequently across various days and times, especially on weekends and Mondays. Recent context shows a visit to 1006 on Friday night and Monday evening, reinforcing its likelihood. Place_id 1 is also visited often, particularly in the early mornings and weekends. Place_id 332 appears in the context on Monday morning, indicating potential for a visit. Place_id 955 was visited recently on Saturday, suggesting it could be a candidate as well."
42,333,"[1006, 1, 332, 955, 1147, 327, 988, 790, 9, 660]","The user has a strong pattern of visiting place_id 1006 frequently across various days and times, especially on Saturdays and Mondays. Recent context shows a visit to place_id 332 on Monday morning and place_id 1006 on Monday evening, indicating a preference for these locations. Place_id 1 is also visited often, particularly on weekends. The user has shown interest in place_id 955 recently, which adds to its likelihood. Overall, the predictions are based on historical frequency and recent context activities."
42,1006,"[1006, 1, 332, 333, 1147, 988, 790, 59, 327, 1147]","The user has a strong pattern of visiting place 1006, especially on Saturdays and Mondays, as seen in both history and context. Place 1 is frequently visited during early mornings and has recent context stays. Place 332 appears in the context on Monday morning, indicating a potential return. Place 333 has recent context visits, suggesting it may be a new interest. Other places like 1147, 988, and 790 have historical significance but less frequent recent visits."
42,332,"[1006, 332, 333, 1, 1147, 988, 790, 59, 327, 660]","The user has a strong pattern of visiting place 1006 frequently, especially on weekends and Mondays, indicating a high likelihood of returning there. Contextual stays also show recent visits to 332 and 1006, reinforcing their relevance. Place 333 appears in recent context, suggesting it may be a new interest. Other places like 1, 1147, and 988 have been visited multiple times, but less frequently than the top predictions."
42,483,"[1006, 333, 332, 1, 1147, 988, 790, 59, 327, 1147]","The user has a strong pattern of visiting place 1006 frequently, especially on weekends and Mondays, as seen in both history and context. Place 333 has also been visited recently, indicating a potential shift in preference. Place 332 appears in the context as well, suggesting it may be a new frequent location. Other places like 1, 1147, and 988 have been visited but less frequently, making them less likely but still possible options."
42,1,"[1006, 333, 332, 483, 1, 1147, 988, 790, 59, 327]","The user has a strong pattern of visiting place_id 1006 frequently across various days and times, especially on weekends. Recent context shows visits to place_id 333 and 332, indicating a preference for these locations as well. Place_id 483 was visited recently, suggesting it may also be a potential next location. Other places like 1, 1147, 988, 790, 59, and 327 have been visited but less frequently, making them less likely but still possible options."
42,332,"[1006, 1, 332, 333, 483, 1147, 988, 790, 59, 660]","The user has a strong pattern of visiting place 1006 frequently across various days and times, especially on weekends. Recent context shows a visit to place 332 and 1006, indicating a preference for these locations. Place 1 is also visited often, suggesting it may be a fallback option. The other places have less frequent visits but are still relevant based on the user's recent activities."
42,1006,"[1006, 1, 332, 483, 327, 1147, 988, 790, 59, 660]","The user has a strong pattern of visiting place 1006, especially on weekends and Mondays, as seen in both history and context. Place 1 is frequently visited during early mornings and late nights, while place 332 has been visited recently on Friday and Monday. Place 483 was visited recently on Saturday, indicating potential interest. Other places like 327, 1147, 988, 790, 59, and 660 have also been visited but less frequently, making them less likely but still possible options."
42,332,"[1006, 1, 332, 327, 1147, 483, 988, 790, 59, 660]","The user has a strong pattern of visiting place 1006 frequently across various days and times, especially on weekends. Recent context shows visits to places 332 and 1, indicating a likelihood of returning to these locations. Place 327 is also notable from history, suggesting a potential revisit. The user has shown varied activity but consistently returns to certain places, particularly 1006, which is the most probable next location."
42,1006,"[1006, 1, 332, 483, 1147, 988, 327, 790, 59, 660]","The user has a strong pattern of visiting place_id 1006, especially on Saturdays and Mondays, as seen in both history and context. Place_id 1 is frequently visited early in the morning and has recent context stays. Place_id 332 is also visited on Mondays and Tuesdays, indicating a potential routine. Place_id 483 has a recent context stay, suggesting it could be a new interest. Other places like 1147 and 988 have historical significance but less frequent visits, while 327 and 790 have occasional visits that may indicate less likelihood. Place_id 59 and 660 have some historical context but are less prominent in the user's pattern."
42,332,"[1006, 1, 332, 1147, 988, 790, 59, 327, 660, 9]","The user has a strong pattern of visiting place 1006, especially on Saturdays and Mondays, as seen in both history and context. Place 1 is frequently visited during early mornings and has recent context stays. Place 332 appears in the context on Monday and Tuesday mornings, indicating a potential routine. Other places like 1147 and 988 have also been visited multiple times, but with less frequency compared to the top places."
42,1006,"[1006, 332, 1, 1147, 327, 988, 790, 59, 660, 9]","The user has a strong pattern of visiting place 1006, especially on weekends and Mondays, as seen in both history and context. Place 332 is also frequently visited on Mondays and Tuesdays, indicating a preference for this location. Place 1 appears regularly in the history, suggesting it is a common stop. The context shows recent visits to places 332 and 1006, reinforcing their likelihood. Other places like 1147, 327, 988, and 790 have been visited but less frequently, making them less probable but still relevant."
42,332,"[1006, 332, 1, 1147, 988, 790, 59, 327, 660, 9]","The user has a strong pattern of visiting place_id 1006, especially on weekends and Mondays, as seen in both history and context. Place_id 332 is also frequently visited on Tuesdays, indicating a potential for return. Place_id 1 appears often in various contexts, suggesting it is a common stop. Other places like 1147 and 988 have been visited recently, which may indicate a likelihood of return."
42,332,"[1006, 332, 1, 1147, 988, 790, 59, 327, 660, 9]","The user has a strong pattern of visiting place 1006 frequently, especially on weekends and Mondays, indicating a high likelihood of returning there. Place 332 has also been visited recently in the context, suggesting it may be a preferred location. Place 1 appears frequently in both history and context, making it a probable choice as well. Other places like 1147 and 988 have been visited multiple times, but less frequently than the top candidates."
42,1006,"[1006, 332, 1, 1147, 988, 790, 59, 327, 660, 9]","The user has a strong pattern of visiting place 1006, especially on weekends and Mondays, as seen in both history and context. Place 332 is also frequently visited in the recent context, indicating a potential shift or addition to their routine. Other places like 1 and 1147 have been visited multiple times, but less frequently than 1006 and 332. The user shows a preference for early morning visits, which aligns with the timing of their stays."
42,1006,"[1006, 332, 1, 1147, 988, 790, 59, 660, 327, 9]","The user has a strong pattern of visiting place 1006, especially on weekends and Mondays, as seen in both history and context. Place 332 is also frequently visited in recent context, indicating a potential shift or continuation of this pattern. Place 1 appears consistently in both history and context, suggesting it is a fallback location. Other places like 1147 and 988 have been visited but less frequently, making them less likely but still possible options."
42,1,"[1006, 332, 1, 1147, 988, 327, 790, 59, 660, 9]","The user has a strong pattern of visiting place 1006, especially on weekends and weekdays, as seen in both history and context. Place 332 is also visited recently, indicating a potential shift in routine. Other places like 1 and 1147 have been visited multiple times, but less frequently than 1006. The user tends to visit places early in the morning or late at night, which aligns with the recent context stays."
42,1006,"[1006, 332, 1, 327, 1147, 988, 790, 59, 9, 660]","The user has a strong pattern of visiting place 1006, especially on weekends and Mondays, as seen in both history and context. Place 332 has also been visited recently, indicating a potential return. Place 1 is frequently visited during early mornings and has recent context stays. Other places like 327 and 1147 have been visited multiple times, suggesting they are also likely candidates."
42,1006,"[1006, 1, 332, 327, 1147, 988, 790, 59, 660, 9]","The user has a strong pattern of visiting place_id 1006, especially on weekends and Mondays, as seen in both history and context. Place_id 1 is frequently visited during early mornings and weekends, making it a likely candidate. Place_id 332 was recently visited on Friday, indicating potential for a return. Place_id 327 has been visited on Sundays, while 1147 appears in both history and context. Place_id 988 and 790 have occasional visits, and 59 and 660 are also noted in the history, suggesting they could be considered based on the user's varied patterns."
42,332,"[1006, 1, 327, 1147, 988, 332, 59, 790, 660, 9]","The user has a strong pattern of visiting place_id 1006 frequently across various days and times, especially on weekends. Recent context also shows multiple visits to 1006, indicating it is a preferred location. Place_id 1 is also visited often, particularly on Sundays, making it a likely next stop. Other places like 327 and 1147 have been visited but less frequently, while 988 and 332 have some relevance based on the user's history."
42,332,"[1006, 1, 332, 1147, 327, 988, 790, 59, 660, 9]","The user has a strong pattern of visiting place_id 1006, especially on weekends and during mornings, as seen in both history and context. Place_id 1 is frequently visited during early hours and weekends, making it a likely candidate. Place_id 332 has recent visits in the context, indicating potential interest. Other places like 1147, 327, 988, and 790 have been visited multiple times, suggesting they could also be considered for the next visit."
42,1006,"[1006, 1, 332, 1147, 988, 790, 327, 59, 660, 9]","The user has a strong pattern of visiting place 1006, especially on weekends and Mondays, as seen in both history and context. Place 1 is frequently visited during early mornings and has recent context stays. Place 332 has recent context visits on Tuesday and Wednesday mornings. Other places like 1147 and 988 have been visited multiple times, but less frequently than the top places."
42,332,"[1006, 332, 1, 1147, 988, 790, 59, 327, 660, 9]","The user has a strong pattern of visiting place_id 1006, especially on weekends and early mornings, as seen in both history and context. Place_id 332 is also frequently visited, particularly on weekdays. The user has shown a tendency to return to certain places like 1 and 1147, which are also present in their recent context. The other places have less frequent visits but are still relevant based on the user's overall activity pattern."
42,1006,"[1006, 332, 1, 1147, 988, 790, 59, 327, 660, 9]","The user has a strong pattern of visiting place 1006, especially on weekends and Mondays, as seen in both history and context. Place 332 is also frequently visited in the mornings, particularly on weekdays. Place 1 is a common location for short stays, indicating it may be a transitional place. The recent context shows continued visits to 1006 and 332, reinforcing their likelihood as the next destination."
42,1,"[1006, 332, 1, 327, 1147, 988, 790, 59, 660, 9]","The user has a strong pattern of visiting place 1006 frequently, especially on weekends and Mondays, indicating a high likelihood of returning there. Place 332 has also been visited recently in the context, suggesting it may be a preferred location. Other places like 1 and 327 have been visited multiple times, but with less frequency than 1006 and 332. The recent context stays further reinforce the likelihood of these places."
42,1,"[1006, 332, 1, 1147, 988, 790, 59, 660, 327, 9]","The user has a strong pattern of visiting place 1006 frequently, especially on weekends and Mondays, as seen in both history and context. Place 332 is also visited recently, indicating a potential return. Place 1 is a common location in the history, suggesting it may be a fallback option. Other places like 1147 and 988 have been visited multiple times, but less frequently than 1006 and 332."
42,1146,"[1006, 1, 332, 1147, 988, 790, 59, 327, 660, 9]","The user has a strong pattern of visiting place 1006, especially on weekends and during mornings, as seen in both history and context. Place 1 is frequently visited as well, particularly on Sundays. Place 332 has recent context visits, indicating potential interest. Other places like 1147 and 988 have also been visited multiple times, suggesting they could be likely next locations."
42,1,"[1006, 1, 332, 1146, 327, 988, 790, 59, 1147, 660]","The user has a strong pattern of visiting place_id 1006 frequently across various days and times, especially on weekends. Recent context shows a visit to place_id 332 on Friday and place_id 1006 later that evening, indicating a preference for these locations. Place_id 1 is also visited often, particularly on Sundays. The user has shown a tendency to return to familiar places, especially during the weekends, which supports the prediction of these locations."
42,1006,"[1006, 1, 1146, 327, 988, 1147, 332, 59, 790, 660]","The user has a strong pattern of visiting place 1006, especially on weekends and during mornings, as seen in both history and context. Place 1 is frequently visited as well, particularly on Sundays. The recent context shows continued visits to places 1 and 1006, indicating a preference for these locations. Place 1146 is also noted in the context, suggesting it may be a new interest. Other places like 327, 988, 1147, 332, 59, and 790 have been visited but less frequently, making them less likely but still possible options."
42,332,"[1006, 1, 1146, 327, 988, 1147, 332, 59, 790, 660]","The user has a strong pattern of visiting place 1006, especially on Saturdays and Sundays, with multiple long stays. Recent context shows a visit to place 1, which is also frequently visited, and place 1146, indicating a potential new interest. The user has a consistent routine of early morning visits, particularly to place 1006, suggesting it is a likely next destination. Other places like 327, 988, 1147, 332, 59, and 790 are less frequent but still relevant based on historical data."
42,1006,"[1006, 1, 332, 1146, 1147, 988, 327, 790, 991, 59]","The user has a strong pattern of visiting place 1006 frequently, especially on weekends and Mondays, indicating a high likelihood of returning there. Place 1 is also visited often, particularly in the mornings and on Sundays. The recent context shows visits to places 1 and 332, suggesting they are also likely candidates. Place 1146 was visited recently, which may indicate a new interest. Overall, the predictions are based on historical frequency and recent context activities."
42,332,"[1006, 1, 332, 1146, 1147, 988, 327, 991, 59, 790]","The user has a strong pattern of visiting place 1006 frequently across various days and times, especially on weekends and Mondays. Recent context shows a visit to place 1006 on Monday evening, reinforcing its likelihood. Place 1 is also visited often, particularly on Sundays, making it a probable next location. Place 332 has been visited recently on Monday morning, indicating potential for another visit. Other places like 1146 and 1147 have recent context visits, suggesting they could also be considered. Overall, the predictions are based on historical frequency and recent activity."
42,1006,"[1006, 1, 332, 1147, 988, 790, 59, 327, 660, 9]","The user has a strong pattern of visiting place 1006 frequently, especially on weekends and Mondays, as seen in both history and context. Place 1 is also visited often, particularly in the early morning hours. Place 332 has been visited recently in the context, indicating a potential return. Other places like 1147 and 988 have been visited but less frequently, while 790 and 59 have some historical visits. The user shows a preference for certain places during specific times, which influences the predictions."
42,332,"[1006, 332, 1, 1147, 988, 790, 59, 327, 671, 9]","The user has a strong pattern of visiting place_id 1006, especially on weekends and Mondays, as seen in both history and context. Place_id 332 is also frequently visited on Mondays and Tuesdays, indicating a potential routine. Other places like 1 and 1147 appear in both history and context, suggesting they are also likely candidates. The user has shown varied activity across different times, but the consistent visits to 1006 and 332 make them the top predictions."
42,1006,"[1006, 332, 1, 1147, 988, 790, 327, 59, 660, 9]","The user has a strong pattern of visiting place 1006 frequently, especially on weekends and Mondays, indicating a high likelihood of returning there. Place 332 has also been visited recently in the context, suggesting it may be a preferred location. Other places like 1 and 1147 have been visited multiple times, but less frequently than 1006 and 332. The user's activity shows a preference for certain places during specific times, particularly on weekends and Mondays."
42,332,"[1006, 332, 1, 1147, 988, 790, 59, 327, 660, 9]","The user has a strong pattern of visiting place_id 1006, especially on weekends and Mondays, as seen in both history and context. Place_id 332 is also frequently visited on Tuesdays and Wednesdays, indicating a potential routine. Other places like 1 and 1147 have been visited multiple times, but less frequently than the top two. The recent context stays further reinforce the likelihood of returning to 1006 and 332."
42,1130,"[1006, 332, 1, 1147, 327, 988, 790, 59, 660, 9]","The user has a strong pattern of visiting place 1006 frequently, especially on weekends and Mondays, indicating a high likelihood of returning there. Context stays also show recent visits to places 332 and 1006, reinforcing their relevance. Place 1 appears often in the history, suggesting it is a common stop. Other places like 1147 and 327 have been visited multiple times, but less frequently than the top predictions."
42,1147,"[1006, 332, 1, 1147, 988, 790, 59, 1130, 327, 660]","The user has a strong pattern of visiting place_id 1006, especially on weekends and early mornings, as seen in both history and context. Place_id 332 is also frequently visited in the mornings and has recent context stays. Place_id 1 is a common location for short stays, while 1147 and 988 appear in the history. The other places have less frequent visits but are still relevant based on the user's activity pattern."
42,1006,"[1006, 332, 1147, 1, 327, 988, 790, 1130, 59, 9]","The user has a strong pattern of visiting place 1006 frequently across various days and times, especially on weekends and Mondays. Recent context shows visits to places 332 and 1147, indicating a likelihood of returning to these locations. Place 1 is also a common stop, visited multiple times in the history. The user has shown a preference for early morning visits, which aligns with the recent context stays."
42,1006,"[1006, 1, 1147, 332, 327, 988, 1130, 59, 790, 9]","The user has a strong pattern of visiting place 1006 frequently, especially on weekends and early mornings. Recent context shows a visit to 1006 on Saturday, indicating continued preference. Place 1 is also visited often, particularly in the early hours, making it a likely next stop. Place 1147 has been visited recently, suggesting it could be a potential next location. Place 332 was visited in the morning on Thursday, which aligns with the user's activity pattern. Other places like 327, 988, 1130, 59, 790, and 9 have been visited but less frequently, making them less likely but still possible options."
42,1,"[1006, 1, 332, 1147, 327, 988, 790, 1130, 59, 660]","The user has a strong pattern of visiting place 1006 frequently, especially on weekends and Mondays, indicating a high likelihood of returning there. Recent context shows a visit to place 332, which aligns with the user's activity pattern. Place 1 is also visited often, particularly on Sundays. The user has shown interest in places 1147 and 327, which have been visited recently, suggesting they may also be likely next stops. Other places like 988, 790, and 1130 have been visited but less frequently, making them less likely but still possible options."
42,1006,"[1006, 1, 1147, 327, 988, 1130, 332, 790, 59, 660]","The user has a strong pattern of visiting place_id 1006 frequently across various days and times, especially on weekends. Recent context shows a visit to 1006 on Saturday, indicating continued interest. Place_id 1 is also visited often, particularly on Sundays, making it a likely next stop. Place_id 1147 has been visited recently, suggesting it could be a potential next location as well. Other places like 327, 988, and 1130 have some historical significance but are less frequent. The user seems to prefer certain places on specific days, which influences the predictions."
42,332,"[1006, 1, 1147, 332, 988, 790, 59, 327, 660, 9]","The user has a strong pattern of visiting place 1006 frequently across various days and times, especially on weekends. Recent context shows multiple visits to 1006, reinforcing its likelihood as the next destination. Place 1 is also visited often, particularly on Sundays, making it a probable choice. Place 1147 was visited recently, indicating it may be a current interest. Other places like 332 and 988 have been visited but less frequently, while 790 and 59 have some historical relevance. Overall, the predictions are based on the frequency and recency of visits."
42,1006,"[1006, 1, 332, 753, 327, 988, 1147, 59, 790, 9]","The user has a strong pattern of visiting place_id 1006, especially on Saturdays and Sundays, as seen in both history and context. Place_id 1 is frequently visited during early mornings and has recent context visits. Place_id 332 appears in the context on Monday, indicating potential for a visit. Place_id 753 has a recent context visit on Sunday evening, suggesting it may be a preferred location. Other places like 327, 988, 1147, 59, and 790 have historical significance but less frequent visits."
42,332,"[1006, 1, 332, 753, 327, 1147, 988, 790, 59, 660]","The user has a strong pattern of visiting place_id 1006, especially on weekends and Mondays, as seen in both history and context. Place_id 1 is frequently visited early in the morning and on Sundays. Place_id 332 appears in the context on Monday, indicating recent activity. Place_id 753 is also noted in the context, suggesting it may be a new interest. Other places like 327, 1147, 988, 790, 59, and 660 have been visited but less frequently, making them less likely but still possible options."
42,332,"[1006, 1, 332, 1147, 988, 790, 59, 327, 660, 9]","The user has a strong pattern of visiting place 1006, especially on weekends and Mondays, as seen in both history and context. Place 1 is frequently visited during early mornings and late nights, while place 332 appears in recent context, indicating a potential shift in routine. The other places have varying degrees of historical visits, but 1006 remains the most consistent choice."
42,1006,"[1006, 332, 1, 1147, 988, 790, 327, 59, 660, 9]","The user has a strong pattern of visiting place_id 1006, especially on weekends and Mondays, as seen in both history and context. Place_id 332 is also frequently visited recently, particularly on Monday and Tuesday. Place_id 1 appears often in the history, indicating it is a common location. Other places like 1147 and 988 have been visited but less frequently, while 790 and 327 have some presence in the history. The predictions are ranked based on the frequency and recency of visits."
42,332,"[1006, 332, 1, 327, 1147, 988, 790, 59, 660, 9]","The user has a strong pattern of visiting place 1006 frequently, especially on weekends and Mondays, indicating a preference for this location. Recent context shows visits to place 332 on Monday and Tuesday, suggesting a possible shift or addition to their routine. Place 1 is also visited often, particularly early in the morning on weekends. The other places have less frequent visits but are still relevant based on historical data."
42,332,"[1006, 332, 1, 1147, 988, 790, 59, 327, 660, 9]","The user has a strong pattern of visiting place 1006, especially on weekends and Mondays, as seen in both history and context. Place 332 has also been visited recently, indicating a potential shift in preference. Other places like 1 and 1147 have been visited multiple times, but less frequently than 1006 and 332. The user shows a tendency to return to familiar places, especially during specific times of the week."
42,1006,"[1006, 332, 1, 1147, 988, 790, 327, 59, 660, 9]","The user has a strong pattern of visiting place 1006 frequently, especially on weekends and Mondays, indicating a high likelihood of returning there. Place 332 has also been visited recently in the context, suggesting it is a current interest. Place 1 appears frequently in the history, indicating it is a common stop. Other places like 1147 and 988 have been visited but less frequently, making them less likely but still possible options."
42,1130,"[1006, 332, 1, 1147, 327, 988, 790, 59, 671, 791]","The user has a strong pattern of visiting place 1006 frequently, especially on weekends and Mondays, indicating a high likelihood of returning there. Place 332 has also been visited recently in the context, suggesting it may be a preferred location. Other places like 1 and 1147 have been visited multiple times, but less frequently than 1006 and 332. The recent context visits to 791 and 671 further support their inclusion in the predictions."
42,1006,"[1006, 332, 1, 1147, 791, 327, 988, 59, 790, 1130]","The user has a strong pattern of visiting place 1006, especially on weekends and early mornings, as seen in both history and context. Place 332 is also frequently visited, particularly on weekdays. Place 1 is a common stop during various times, indicating it may serve as a transitional location. Recent context shows visits to places 791 and 1130, suggesting they are becoming relevant in the user's routine. The other places have been visited multiple times, indicating they are likely candidates for the next visit."
42,1006,"[1006, 332, 1, 1147, 790, 988, 327, 59, 1130, 791]","The user has a strong pattern of visiting place 1006 frequently, especially on Saturdays and Mondays, indicating a high likelihood of returning there. Place 332 has also been visited recently in the context, suggesting it may be a preferred location. Other places like 1 and 1147 have been visited multiple times, but less frequently than 1006 and 332. The recent context stays at places 1130 and 791 also indicate potential interest, while places 790 and 988 have historical significance in the user's activity pattern."
42,1,"[1006, 1, 332, 1147, 988, 790, 1130, 59, 327, 671]","The user has a strong pattern of visiting place_id 1006, especially on weekends and early mornings, as seen in both history and context. Place_id 1 is frequently visited during early hours and weekends, making it a likely candidate. Place_id 332 was recently visited in the context, indicating potential for a return. Other places like 1147 and 988 have also been visited multiple times, suggesting they could be considered as well."
42,1006,"[1006, 1, 327, 1147, 988, 1130, 332, 790, 59, 671]","The user has a strong pattern of visiting place_id 1006, especially on weekends and Mondays, as seen in both history and context. Place_id 1 is also frequently visited, particularly during early mornings and weekends. Other places like 327 and 1147 have been visited multiple times, indicating potential for future visits. Recent context shows continued activity at 1006 and a new visit to 1130, suggesting it may also be a candidate for the next location."
42,332,"[1006, 1, 327, 1147, 988, 1130, 332, 59, 790, 660]","The user has a strong pattern of visiting place_id 1006 frequently across various days and times, especially on Saturdays and Mondays. Recent context shows continued visits to 1006, indicating it is a likely next location. Place_id 1 is also visited often, particularly in the early mornings and on weekends. Other places like 327 and 1147 have been visited multiple times, suggesting they could be potential next stops as well."
42,1006,"[1006, 1, 332, 1147, 988, 790, 59, 327, 660, 9]","The user has a strong pattern of visiting place_id 1006, especially on weekends and Mondays, as seen in both history and context. Place_id 1 is frequently visited during early mornings and has recent context visits. Place_id 332 appears in the context on Tuesday morning, indicating potential for a visit. Other places like 1147 and 988 have also been visited multiple times, but with less frequency. The ranking reflects the user's established patterns and recent activities."
42,332,"[1006, 1, 332, 1147, 988, 790, 327, 59, 660, 9]","The user has a strong pattern of visiting place_id 1006, especially on weekends and Mondays, as seen in both history and context. Place_id 1 is frequently visited during early mornings and has recent context visits. Place_id 332 has recent context visits on Tuesday mornings. Other places like 1147 and 988 have been visited multiple times, but less frequently than the top predictions."
42,1006,"[1006, 1, 332, 327, 988, 1147, 790, 59, 9, 660]","The user has a strong pattern of visiting place 1006 frequently, especially on weekends and Mondays, as seen in both history and context. Place 1 is also visited often, particularly in the early mornings. Place 332 appears in recent context stays, indicating a potential shift in routine. Other places like 327, 988, 1147, and 790 have been visited but less frequently, suggesting they are less likely next choices. The user tends to return to familiar places, especially those visited recently."
42,332,"[1006, 332, 1, 1147, 988, 790, 327, 59, 660, 9]","The user has a strong pattern of visiting place_id 1006, especially on weekends and Mondays, as seen in both history and context. Place_id 332 is also frequently visited on Tuesdays and Wednesdays, indicating a potential next visit. Other places like 1 and 1147 have been visited multiple times, but with less frequency. The user tends to return to familiar places, particularly 1006, which is the most likely next location."
42,1006,"[1006, 332, 1, 327, 1147, 988, 790, 59, 660, 9]","The user has a strong pattern of visiting place 1006, especially on weekends and Mondays, indicating a preference for this location. Contextual stays also show recent visits to places 332 and 1006, suggesting they are likely to continue visiting these locations. Place 1 appears frequently in both history and context, making it a probable choice as well. Other places like 327 and 1147 have been visited multiple times, contributing to their likelihood."
42,960,"[1006, 332, 1, 1147, 988, 790, 59, 327, 660, 9]","The user has a strong pattern of visiting place 1006, especially on weekends and weekdays, as seen in both history and context. Place 332 is also visited recently, indicating a potential return. Other places like 1 and 1147 have been visited multiple times, suggesting they are also likely candidates. The user shows a preference for certain places during specific times, particularly early mornings and late evenings."
42,1006,"[1006, 332, 1, 1147, 988, 327, 960, 790, 59, 660]","The user has a strong pattern of visiting place_id 1006 frequently across various days and times, particularly on weekends and Mondays. Recent context shows visits to place_id 332 and 1006, indicating a preference for these locations. Place_id 1 is also visited often, especially early in the morning. The user has shown interest in place_id 960 recently, suggesting it could be a potential next location. Other places like 790 and 59 have been visited but less frequently, making them less likely but still possible."
42,332,"[1006, 1, 332, 1147, 960, 988, 790, 59, 327, 671]","The user has a strong pattern of visiting place_id 1006, especially on weekends and early mornings, as seen in both history and context. Place_id 1 is frequently visited during early hours, while place_id 332 has recent context visits. Place_id 1147 appears in both history and context, indicating potential for return. Place_id 960 has a recent visit on Sunday, suggesting it may be a preferred location. Other places like 988, 790, and 59 have occasional visits, but less frequently than the top candidates."
42,1006,"[1006, 332, 1, 1147, 988, 960, 327, 790, 59, 660]","The user has a strong pattern of visiting place 1006 frequently across various days and times, especially on weekends and Mondays. Recent context shows visits to places 332 and 1006, indicating a preference for these locations. Place 1 is also visited often, particularly in the early morning hours. The user has shown interest in place 960 recently, suggesting it may be a new favorite. Other places like 1147, 988, 327, 790, 59, and 660 have been visited but less frequently, making them less likely but still possible options."
42,332,"[1006, 1, 332, 960, 1147, 988, 790, 59, 327, 671]","The user has a strong pattern of visiting place_id 1006, especially on weekends and Mondays, as seen in both history and context. Place_id 1 is frequently visited during early mornings and has a consistent presence in the user's history. Place_id 332 appears in recent context and has been visited on Mondays, indicating a potential for return. Place_id 960 was visited recently on a Sunday, suggesting it may be a preferred location. Other places like 1147, 988, and 790 have also been visited multiple times, but with less frequency compared to the top predictions."
42,1006,"[1006, 332, 1, 960, 1147, 988, 790, 59, 327, 660]","The user has a strong pattern of visiting place 1006 frequently across various days and times, especially on weekends and Mondays. Recent context shows visits to places 332 and 1006, indicating a preference for these locations. Place 1 is also visited often, particularly in the early morning. Place 960 was visited recently, suggesting it may be a new interest. The other places have less frequent visits but are still relevant based on historical data."
42,332,"[1006, 332, 1, 1147, 988, 790, 59, 327, 660, 9]","The user has a strong pattern of visiting place_id 1006, especially on weekends and Mondays, as seen in both history and context. Place_id 332 is also frequently visited on Mondays and Tuesdays, indicating a potential routine. Other places like 1 and 1147 appear in both history and context, suggesting they are also likely candidates for the next visit."
42,1006,"[1006, 332, 1, 327, 1147, 988, 790, 59, 660, 9]","The user has a strong pattern of visiting place 1006 frequently, especially on weekends and Mondays, indicating a high likelihood of returning there. Place 332 has also been visited recently in the context, suggesting it is a current interest. Place 1 appears often in both history and context, making it a probable choice as well. Other places like 327 and 1147 have been visited multiple times, contributing to their ranking."
42,332,"[1006, 332, 1, 1147, 988, 790, 327, 59, 660, 9]","The user has a strong pattern of visiting place 1006, especially on weekends and Mondays, as seen in both history and context. Place 332 is also visited recently, indicating a potential return. Other places like 1 and 1147 have been visited multiple times, suggesting they are also likely candidates. The user shows a preference for certain places during specific times, particularly on weekends and early mornings."
42,1006,"[1006, 332, 1, 1147, 327, 988, 790, 59, 660, 9]","The user has a strong pattern of visiting place 1006, especially on weekends and Mondays, as seen in both history and context. Place 332 is also frequently visited, particularly on Tuesdays and Wednesdays. Place 1 appears often in the history, indicating a possible regular stop. The context shows recent visits to places 332 and 1006, reinforcing their likelihood. Other places like 1147, 327, 988, and 790 have been visited but less frequently, making them less likely but still possible options."
42,332,"[1006, 332, 1, 1147, 988, 790, 59, 327, 756, 1146]","The user has a strong pattern of visiting place 1006 frequently, especially on weekends and during mornings. Recent context shows visits to 1006 and 332, indicating a preference for these places. Place 1 is also visited often, particularly early in the morning. The user has shown varied activity across different days, but the consistent visits to 1006 and 332 suggest they are likely next destinations."
42,1136,"[1006, 332, 1, 1147, 988, 790, 59, 660, 327, 9]","The user has a strong pattern of visiting place 1006 frequently, especially on weekends and Mondays, indicating it is a preferred location. Context stays also show recent visits to places 332 and 1006, suggesting they are likely to continue visiting these places. The user has also visited place 1 and 1147 multiple times, making them probable options as well. The ranking reflects the frequency and recency of visits."
42,722,"[1006, 332, 1, 1147, 988, 790, 756, 1136, 327, 59]","The user has a strong pattern of visiting place 1006, especially on weekends and Mondays, indicating a high likelihood of returning there. Context stays show recent visits to places 332 and 1006, suggesting these are also likely next destinations. Place 1 is frequently visited during early mornings, while places 1147 and 988 have been visited multiple times in the past. The recent context also includes visits to places 756 and 1136, which could indicate a shift in preference. Overall, the predictions are based on historical frequency and recent activity."
42,1,"[1006, 332, 1, 1147, 327, 988, 790, 722, 1136, 59]","The user has a strong pattern of visiting place 1006 frequently across various days and times, especially on weekends. Recent context shows visits to places 332 and 1006, indicating a preference for these locations. Place 1 is also visited often, suggesting it could be a fallback option. Other places like 1147 and 327 have been visited but less frequently, while 722 and 1136 are recent context entries that may indicate emerging preferences."
42,1006,"[1006, 1, 332, 1147, 722, 1136, 988, 790, 327, 59]","The user has a strong pattern of visiting place 1006 frequently, especially on weekends and during mornings. Recent context shows a visit to 1006 on Thursday evening, indicating a continued preference. Place 1 is also visited often, particularly in the early hours, making it a likely next stop. Place 332 was visited recently on Friday morning, suggesting it could be a potential next location. Other places like 1147, 722, and 1136 have been visited recently, indicating they may also be considered. Overall, the predictions are based on the frequency and timing of past visits."
42,1006,"[1006, 1, 332, 1147, 722, 327, 988, 790, 59, 1136]","The user has a strong pattern of visiting place 1006 frequently across various days and times, especially on Saturdays. Recent context shows a visit to place 332, which aligns with the user's activity pattern. Place 1 is also a common location in both history and context, making it a likely candidate. Other places like 1147 and 722 have been visited recently, indicating potential interest. The ranking reflects the frequency and recency of visits."
42,1006,"[1006, 1, 722, 327, 1147, 988, 790, 332, 59, 660]","The user has a strong pattern of visiting place 1006 frequently, especially on Saturdays and during morning hours. Recent context shows visits to 1006 on Saturday evening, indicating a continued preference. Place 1 is also visited often, particularly in the early morning hours. Place 722 was visited recently, suggesting it may be a new interest. Other places like 327 and 1147 have historical significance but less recent activity."
42,1,"[1006, 1, 722, 1147, 988, 332, 790, 59, 327, 792]","The user has a strong pattern of visiting place 1006 frequently, especially on Saturdays and Sundays, as seen in both history and context. Place 1 is also visited often, particularly in the early morning hours. The recent context shows visits to places 1006 and 1, reinforcing their likelihood. Place 722 appears in the context, indicating a potential new interest. Other places like 1147, 988, 332, 790, 59, 327, and 792 have been visited but less frequently, making them less likely but still possible options."
42,1006,"[1006, 1, 327, 1147, 988, 332, 59, 790, 660, 9]","The user has a strong pattern of visiting place 1006, especially on Saturdays and Mondays, as seen in both history and context. Place 1 is also frequently visited, particularly in the context of recent stays. Other places like 327 and 1147 have been visited multiple times, indicating potential for future visits. The user tends to return to familiar locations, especially during specific times of the week."
42,332,"[1006, 1, 327, 1147, 988, 332, 59, 790, 660, 9]","The user has a strong pattern of visiting place_id 1006, especially on weekends and Mondays, as seen in both history and context. Place_id 1 is also frequently visited, particularly in the mornings. Other places like 327 and 1147 have been visited during late hours, indicating potential for night-time visits. The context shows recent stays at 1006, reinforcing its likelihood as the next destination."
42,1006,"[1006, 1, 332, 1147, 988, 790, 327, 59, 660, 9]","The user has a strong pattern of visiting place_id 1006, especially on weekends and Mondays, as seen in both history and context. Place_id 1 is frequently visited during early mornings and has recent context stays. Place_id 332 appears in the context and has been visited on Tuesdays. Other places like 1147, 988, and 790 have historical visits but less frequency, while 327 and 59 have occasional visits. Place_id 660 and 9 have limited visits but are included due to their presence in the history."
42,332,"[1006, 1, 332, 327, 1147, 988, 790, 59, 660, 9]","The user has a strong pattern of visiting place 1006, especially on weekends and Mondays, as seen in both history and context. Place 1 is frequently visited early in the morning and has recent context visits. Place 332 has recent context visits on Tuesday mornings. Other places like 327 and 1147 are also noted in the history, indicating potential future visits."
42,1006,"[1006, 1, 332, 327, 1147, 988, 790, 59, 660, 9]","The user has a strong pattern of visiting place 1006, especially on weekends and Mondays, as seen in both history and context. Place 1 is frequently visited early in the morning, while place 332 has recent visits on Tuesday and Wednesday mornings. Place 327 is also notable for its early morning visits on Sundays. The other places have less frequent but relevant visits, indicating potential interest."
42,332,"[1006, 332, 1, 1147, 988, 790, 59, 327, 660, 9]","The user has a strong pattern of visiting place_id 1006, especially on weekends and Mondays, as seen in both history and context. Place_id 332 is also frequently visited on Tuesdays and Wednesdays, indicating a potential routine. Other places like 1 and 1147 have been visited multiple times, but less frequently than the top two. The user seems to favor certain places during specific times, particularly 1006 during mornings and evenings."
42,1006,"[1006, 332, 1, 1147, 988, 790, 327, 59, 660, 9]","The user has a strong pattern of visiting place 1006 frequently, especially on weekends and Mondays, indicating a high likelihood of returning there. Place 332 has also been visited recently in the context, suggesting it may be a preferred location. Other places like 1 and 1147 have been visited multiple times, but less frequently than 1006 and 332. The user shows a tendency to visit places early in the morning, which aligns with the recent context stays."
42,332,"[1006, 332, 1, 1147, 988, 790, 59, 327, 660, 9]","The user has a strong pattern of visiting place_id 1006, especially on weekends and Mondays, as seen in both history and context. Place_id 332 is also frequently visited in the mornings, particularly on weekdays. Place_id 1 appears often in various contexts, indicating it may serve as a common stop. The other places have less frequent visits but are still relevant based on recent context stays."
42,1006,"[1006, 332, 1, 1147, 988, 790, 59, 327, 660, 9]","The user has a strong pattern of visiting place 1006, especially on weekends and Mondays, as seen in both history and context. Place 332 is also frequently visited in the mornings, particularly on weekdays. Place 1 is a common location for short stays, while places 1147 and 988 have been visited recently, indicating potential interest. The other places have less frequent visits but are still relevant based on the user's activity pattern."
42,1006,"[1006, 332, 1, 1147, 988, 790, 59, 327, 660, 9]","The user has a strong pattern of visiting place_id 1006, especially on weekends and Mondays, as seen in both history and context. Place_id 332 is also frequently visited in the recent context, indicating a potential next stop. Other places like 1 and 1147 have been visited multiple times, but less frequently than 1006 and 332. The user tends to return to familiar places, especially those visited recently."
42,1006,"[1006, 332, 1, 1147, 327, 988, 790, 59, 660, 9]","The user has a strong pattern of visiting place_id 1006 frequently across various days and times, especially on weekends and weekdays. Recent context shows continued visits to 332 and 1006, indicating a preference for these locations. Place_id 1 appears often as well, suggesting it may be a fallback option. Other places like 1147, 327, 988, and 790 have been visited but less frequently, making them less likely but still possible. The user's activity suggests a routine that favors certain locations, particularly 1006."
42,332,"[1006, 1, 332, 1147, 988, 327, 790, 59, 660, 9]","The user has a strong pattern of visiting place_id 1006, especially on weekends and during mornings, as seen in both history and context. Place_id 1 is frequently visited early in the morning and late at night, making it a likely candidate. Place_id 332 appears in the context and has been visited recently, indicating potential for a return. Other places like 1147 and 988 have also been visited multiple times, but less frequently than 1006 and 1."
42,332,"[1006, 332, 1, 1147, 988, 790, 327, 59, 660, 9]","The user has a strong pattern of visiting place 1006 frequently across various days and times, especially on weekends and Mondays. Context stays also indicate recent visits to 1006 and 332, suggesting these places are likely to be revisited. Place 1 appears frequently in the history, indicating it may also be a common choice. The other places have less frequent visits but are still relevant based on the user's activity pattern."
42,1006,"[1006, 332, 1, 1147, 988, 790, 59, 327, 660, 9]","The user has a strong pattern of visiting place_id 1006, especially on weekends and Mondays, as seen in both history and context. Place_id 332 is also frequently visited on Mondays and Tuesdays, indicating a potential routine. Place_id 1 appears often in various contexts, suggesting it is a common stop. Other places like 1147 and 988 have been visited but less frequently, making them less likely but still possible options."
42,332,"[1006, 332, 1, 1147, 988, 327, 59, 790, 660, 9]","The user has a strong pattern of visiting place_id 1006, especially on weekends and Mondays, as seen in both history and context. Place_id 332 is also frequently visited on Mondays and Tuesdays, indicating a potential next visit. Other places like 1 and 1147 have been visited multiple times, but less frequently than 1006 and 332. The context shows recent visits to 1006 and 332, reinforcing their likelihood as next destinations."
42,1006,"[1006, 332, 1, 1147, 988, 790, 327, 59, 660, 9]","The user has a strong pattern of visiting place 1006, especially on weekends and Mondays, as seen in both history and context. Place 332 is frequently visited on weekdays, particularly in the mornings. Place 1 is a common location for short stays across various days. Other places like 1147 and 988 have also been visited recently, indicating potential for future visits."
42,332,"[1006, 332, 1, 1147, 988, 790, 327, 59, 660, 9]","The user has a strong pattern of visiting place 1006, especially on weekends and Mondays, indicating a preference for this location. Recent context shows visits to place 332 on Monday and Tuesday mornings, suggesting a potential shift or additional interest in this location. Place 1 is frequently visited during early hours, while 1147 and 988 have also been visited multiple times, indicating they are likely candidates. The user has shown varied activity across different places, but the consistent visits to 1006 and 332 make them the top predictions."
