user_id,ground_truth,prediction,reason
40,1,1006,"The user has a strong pattern of visiting place ID 1006, especially on Tuesdays and Thursdays, with multiple recent visits in the context data indicating a continued preference for this location."
40,1006,1006,"The user has a strong pattern of visiting place ID 1006, especially on weekdays and during morning hours. Recent context also shows a visit to this place on Tuesday at 10:00 AM, indicating a likelihood of returning to this location."
40,1147,1006,"The user has a strong pattern of visiting place ID 1006 frequently, especially on Thursdays and Sundays, as seen in both the history and context. The recent context shows a visit to place ID 1006 on Thursday at 10:42 AM, indicating a continued preference for this location."
40,1147,1006,"The user has a strong pattern of visiting place ID 1006, especially on Thursdays and Sundays, as seen in both the history and context. Recent stays in the context also indicate a visit to place ID 1006 on Sunday, reinforcing its likelihood as the next destination."
40,1006,1006,"The user has a strong pattern of visiting place ID 1006 frequently, especially on Thursdays and Sundays, as seen in both the history and context. The most recent context stay at 10:42 AM on Thursday at place ID 1006 reinforces this pattern, indicating a high likelihood of returning to this location."
40,1147,1006,"The user has a strong pattern of visiting place ID 1006, especially on Sundays and Tuesdays, as seen in both the history and context. Recent stays in the context also indicate a visit to place ID 1006 on Tuesday, reinforcing the likelihood of returning there."
40,1147,1006,"The user has a strong pattern of visiting place ID 1006 frequently, especially on Sundays and Tuesdays, as seen in both the history and context. The recent context shows a visit to place ID 1006 on Sunday at 10:58 AM, indicating a continued preference for this location."
40,1006,1006,"The user has a strong pattern of visiting place ID 1006 frequently, especially on weekdays and during morning hours. Recent context also shows a visit to this place on Tuesday at 10:16 AM, indicating a continued preference for this location."
40,1,1006,"The user has a strong pattern of visiting place ID 1006, especially on weekdays and weekends, as seen in both the history and context. Recent stays in the context also indicate a visit to this place, reinforcing its likelihood as the next destination."
40,1144,1006,"The user has a strong pattern of visiting place ID 1006 frequently, especially on weekdays and weekends, as seen in both the history and context. Recent stays in the context also indicate a visit to place ID 1006 on Tuesday, reinforcing its likelihood as the next destination."
40,1006,1006,"The user has a strong pattern of visiting place ID 1006 frequently, especially on weekdays and weekends, as seen in both the history and context. Recent stays in the context also indicate a visit to place ID 1006 on Saturday, reinforcing the likelihood of returning there."
40,1147,1006,"The user has a strong pattern of visiting place ID 1006 frequently, especially on weekends and Mondays. Recent context shows a visit to place ID 1006 on Saturday, indicating continued interest in this location. Given the historical data and recent context, it is likely the user will return to place ID 1006."
40,1147,1006,"The user has a strong pattern of visiting place ID 1006 frequently, especially on weekends and Mondays. The recent context also shows a visit to place ID 1006 on Saturday, indicating a continued preference for this location."
40,1006,1006,"The user has a strong pattern of visiting place ID 1006, especially on Sundays and Mondays, as seen in both the history and context. Recent context shows a visit to 1006 on Sunday morning, indicating a likelihood of returning to this place."
40,1147,1006,"The user has a strong pattern of visiting place ID 1006 frequently, especially on Wednesdays and Sundays, as seen in both the history and context. The recent context stay at 10:34 AM on Wednesday at place ID 1006 further supports this trend, indicating a high likelihood of returning to this location."
40,1006,1006,"The user has a strong pattern of visiting place ID 1006 frequently, especially on Wednesdays and Mondays, as seen in both the history and context. The recent context stay at 07:50 AM on Sunday also indicates a visit to place ID 1006, reinforcing its likelihood as the next destination."
40,1147,1006,"The user has a strong pattern of visiting place ID 1006, especially on Wednesdays and Thursdays, as seen in both the history and context. Recent stays in the context also indicate a visit to place ID 1006 on Wednesday and Thursday, reinforcing the likelihood of returning to this location."
40,1006,1006,"The user has a strong pattern of visiting place ID 1006, especially on Wednesdays and Thursdays, as seen in both the history and context. Recent stays in the context also indicate continued visits to this place, suggesting it is likely the next location."
40,1144,1006,"The user has a strong pattern of visiting place ID 1006 frequently, especially on Wednesdays and Thursdays, as seen in both the history and context. The recent context shows a visit to place ID 1006 at 10:34 AM on Wednesday and 10:05 AM on Thursday, indicating a continued preference for this location."
40,1147,1006,"The user has a strong pattern of visiting place ID 1006 frequently, especially on Thursdays and Fridays, as seen in both the history and context. The recent context shows a visit to place ID 1006 at 10:05 AM on Thursday and at 12:43 PM on Friday, indicating a likelihood of returning to this place."
40,1006,1006,"The user has a strong pattern of visiting place ID 1006 frequently, especially on Thursdays and Fridays, as seen in both the history and context. The recent context shows a visit to place ID 1006 at 10:05 AM on Thursday, indicating a continued preference for this location."
40,1147,1006,"The user has a strong pattern of visiting place ID 1006 frequently, especially on weekdays and during morning hours. Recent context shows a visit to place ID 1006 on Friday at 12:43 PM, indicating a continued preference for this location."
40,1006,1006,"The user has a strong pattern of visiting place ID 1006 frequently, especially on Fridays and Mondays, as seen in both the history and context. The recent context stay at 12:43 PM on Friday at place ID 1006 further supports this trend, indicating a likelihood of returning to this location."
40,1147,1006,"The user has a strong pattern of visiting place ID 1006, especially on Mondays and Tuesdays, as seen in both the history and context. Recent stays in the context also indicate a visit to place ID 1006 on Monday, reinforcing its likelihood as the next destination."
40,1006,1006,"The user has a strong pattern of visiting place ID 1006, especially on Mondays and Tuesdays, as seen in both the history and context. Recent stays in the context also indicate continued visits to this place, reinforcing its likelihood as the next location."
40,1147,1006,"The user has a strong pattern of visiting place ID 1006, especially on weekdays, including recent visits on Monday and Tuesday. The context also shows a recent visit to place ID 1006 on Monday at 10:13 AM, indicating a continued preference for this location."
40,1006,1006,"The user has a strong pattern of visiting place ID 1006, especially on weekdays, including multiple visits on Tuesday and Wednesday in both the history and context. The recent context shows a visit to place ID 1006 on Tuesday morning, indicating a likely continuation of this pattern."
40,1147,1006,"The user has a strong pattern of visiting place ID 1006, especially on Tuesdays and Wednesdays, as seen in both the history and context data. The most recent context stay at 10:02 AM on Thursday also indicates a visit to place ID 1006, suggesting a continued preference for this location."
40,1006,1006,"The user has a strong pattern of visiting place ID 1006, especially on Wednesdays and Thursdays, as seen in both the history and context. Recent stays in the context also indicate visits to this place, reinforcing its likelihood as the next destination."
40,1147,1006,"The user has a strong pattern of visiting place ID 1006 frequently, especially on Wednesdays and Thursdays, as seen in both the history and context data. The most recent stays in the context also indicate a visit to place ID 1006 at 10:00 AM on Wednesday and 10:02 AM on Thursday, suggesting a continuation of this pattern."
40,1006,1006,"The user has a strong pattern of visiting place ID 1006, especially on Thursdays and Fridays, as seen in both the history and context. The most recent context stay on Friday at 11:47 AM is also at place ID 1006, indicating a likelihood of returning there."
40,1147,1006,"The user has a strong pattern of visiting place ID 1006 frequently, especially on weekdays and during morning hours. Recent context stays also indicate a visit to place ID 1006, suggesting a continuation of this pattern."
40,1006,1006,"The user has a strong pattern of visiting place ID 1006 frequently, especially on weekdays and during morning hours. Recent context also shows a visit to place ID 1006 on Friday, indicating a continued preference for this location."
40,1147,1006,"The user has a strong pattern of visiting place ID 1006, especially on weekdays and during morning hours. Recent context stays also indicate continued visits to this place, reinforcing its likelihood as the next location."
40,1006,1006,"The user has a strong pattern of visiting place ID 1006 frequently, especially on Mondays and Tuesdays, as seen in both the history and context. The most recent context stay also indicates a visit to place ID 1006 on Monday at 10:51 AM, suggesting a likelihood of returning there."
40,1147,1006,"The user has a strong pattern of visiting place ID 1006 frequently, especially on Mondays and Wednesdays, as seen in both the history and context data. The most recent context stay also indicates a visit to place ID 1006, reinforcing its likelihood as the next destination."
40,1006,1006,"The user has a strong pattern of visiting place ID 1006, especially on weekdays, including multiple visits on Tuesday and Wednesday. The recent context also shows a visit to place ID 1006 on Tuesday morning, indicating a likelihood of returning there."
40,1147,1006,"The user has a strong pattern of visiting place ID 1006, especially on weekdays and during morning hours. Recent context stays also indicate a visit to place ID 1006 on Tuesday and Wednesday, suggesting a continued preference for this location."
40,1006,1006,"The user has a strong pattern of visiting place ID 1006, especially on Wednesdays and Thursdays, as seen in both the history and context data. Recent stays in the context also indicate a visit to place ID 1006 on Wednesday and Thursday, suggesting a likelihood of returning there."
40,1147,1006,"The user has a strong pattern of visiting place ID 1006 frequently, especially on Wednesdays and Thursdays, as seen in both the history and context data. The most recent context stay at 11:28 AM on Wednesday at place ID 1006 further supports this trend, indicating a likelihood of returning to this location."
40,1147,1006,"The user has a strong pattern of visiting place ID 1006 frequently, especially on Thursdays and Sundays, as seen in both the history and context. The recent context shows a visit to place ID 1006 on Thursday at 10:50 AM, indicating a continued preference for this location."
40,1006,1006,"The user has a strong pattern of visiting place ID 1006 frequently, especially on Thursdays and Sundays, as seen in both the history and context. The recent context shows a visit to place ID 1006 on Thursday at 10:50 AM, indicating a continued preference for this location."
40,1147,1006,"The user has a strong pattern of visiting place ID 1006 frequently, especially on weekdays and during morning hours. Recent context shows a visit to this place on Sunday morning and Tuesday afternoon, indicating a continued preference for this location."
40,1,1006,"The user has a strong pattern of visiting place ID 1006 frequently, especially on weekdays and during morning hours. Recent context also shows a visit to place ID 1006 on Sunday morning, indicating a continued preference for this location."
40,1006,1006,"The user has a strong pattern of visiting place ID 1006 frequently, especially on weekdays and during morning hours. Recent context shows a visit to this place on Tuesday at 2:12 PM, indicating continued engagement with this location. Given the historical and contextual data, it is likely the user will return to place ID 1006."
40,1147,1006,"The user has a strong pattern of visiting place ID 1006, especially on Wednesdays and Tuesdays, as seen in both the history and context. The most recent context stay at 10:01 AM on Wednesday is also at place ID 1006, indicating a likelihood of returning there."
40,1006,1006,"The user has a strong pattern of visiting place ID 1006, especially on Wednesdays and Tuesdays, as seen in both the history and context. The recent context shows a visit to place ID 1006 on Tuesday at 2:12 PM, indicating a continued preference for this location."
40,1147,1006,"The user has a strong pattern of visiting place ID 1006, especially on Wednesdays and Thursdays, as seen in both the history and context. The recent context shows a visit to place ID 1006 at 10:01 AM on Wednesday, which aligns with their typical schedule."
40,1,1006,"The user has a strong pattern of visiting place ID 1006, especially on Wednesdays and Thursdays, as seen in both the history and context. Recent stays in the context also indicate a visit to place ID 1006 at 10:01 AM on Wednesday and 1:03 PM on Thursday, reinforcing the likelihood of returning to this location."
40,1,1006,"The user has a strong pattern of visiting place ID 1006 frequently, especially on Wednesdays and Thursdays, as seen in both the history and context data. The recent context shows a visit to place ID 1006 at 10:01 AM on Wednesday, indicating a continued preference for this location."
40,1,1006,"The user has a strong pattern of visiting place ID 1006 frequently, especially on weekdays and during morning hours. Recent context shows a visit to place ID 1006 at 1:03 PM on Thursday, indicating continued engagement with this location."
40,1,1006,"The user has a strong pattern of visiting place ID 1006 frequently, especially on Thursdays and Mondays, as seen in both the history and context. The most recent context stay at 01:03 PM on Thursday at place ID 1006 reinforces this pattern, suggesting that the user is likely to return to this location."
40,1006,1,"The user has a strong pattern of visiting place ID 1 on multiple occasions, particularly on Sundays and Tuesdays. The recent context shows multiple stays at place ID 1 on Tuesday, indicating a continued preference for this location."
40,1,1006,"The user has a strong pattern of visiting place ID 1006, especially on Tuesdays, as seen in both the history and context. In the context, the user was at place ID 1006 at 09:56 AM on Tuesday, which aligns with their frequent visits to this location."
40,1,1006,"The user has a strong pattern of visiting place ID 1006, especially on Tuesdays, where they have visited it multiple times in the past. The recent context also shows a visit to place ID 1006 at 09:56 AM on Tuesday, indicating a continuation of this pattern."
40,1147,1006,"The user has a strong pattern of visiting place ID 1006, especially on Tuesdays and Wednesdays, as seen in both the history and context. The recent context shows a visit to place ID 1006 on Tuesday at 09:56 AM, indicating a likely continuation of this pattern."
40,1006,1006,"The user has a strong pattern of visiting place ID 1006, especially on Tuesdays and Wednesdays, as seen in both the history and context. The recent context shows a visit to place ID 1006 on Tuesday at 9:56 AM, indicating a likelihood of returning to this place."
40,1147,1006,"The user has a strong pattern of visiting place ID 1006, especially on Tuesdays and Thursdays, as seen in both the history and context. The most recent context stay at 10:06 AM on Thursday at place ID 1006 reinforces this pattern, suggesting a high likelihood of returning to this location."
40,1006,1006,"The user has a strong pattern of visiting place ID 1006 frequently, especially on Wednesdays and Thursdays, as seen in both the history and context. The recent context shows a visit to place ID 1006 on Thursday at 10:06 AM, indicating a continued preference for this location."
40,1,1006,"The user has a strong pattern of visiting place ID 1006 frequently, especially on weekdays, including recent visits in the context data. This suggests a high likelihood of returning to this location."
40,1,1006,"The user has a strong pattern of visiting place ID 1006, especially on Thursdays and Fridays, as seen in both the history and context. Recent stays in the context also indicate a visit to place ID 1006 on Thursday morning, suggesting a likelihood of returning there."
40,1,1006,"The user has a strong pattern of visiting place ID 1006 frequently, especially on Thursdays and Fridays, as seen in both the history and context. The recent context shows a visit to place ID 1006 at 10:06 AM on Thursday, indicating a continued preference for this location."
40,1,1006,"The user has a strong pattern of visiting place ID 1006 frequently, especially on Fridays and Mondays, as seen in both the history and context. The recent context shows a visit to place ID 1006 on Friday morning, indicating a likelihood of returning to this place."
40,1,1006,"The user has a strong pattern of visiting place ID 1006 frequently, especially on Fridays and Wednesdays, as seen in both the history and context. The recent context stay at 10:44 AM on Friday at place ID 1006 further supports this trend, indicating a likelihood of returning to this location."
40,1,1,"The user has a strong pattern of visiting place ID 1 frequently, especially on weekends and late nights. Recent context stays also indicate visits to place ID 1 on Friday and Saturday evenings, suggesting a continued preference for this location."
40,1,1,"The user has a strong pattern of visiting place ID 1 multiple times on Sundays and Wednesdays, including recent stays in the context that also indicate visits to place ID 1. This suggests a high likelihood of returning to this location."
40,1,1,"The user has a strong pattern of visiting place ID 1 multiple times on Wednesdays, including recent stays in the context data. Given the time of the context stays and the user's historical preference for this place, it is likely they will return to place ID 1."
40,1,1,"The user has shown a strong pattern of visiting place ID 1 multiple times on Wednesdays, including recent stays in the context data. Given the time of the context stays and the historical pattern, it is likely that the user will return to place ID 1."
40,1,1,"The user has a strong pattern of visiting place ID 1 frequently, especially on Wednesdays and Thursdays, as seen in both the history and context. The recent context stays also indicate visits to place ID 1, suggesting a continued preference for this location."
40,1,1006,"The user has a strong pattern of visiting place ID 1006 frequently, especially on weekdays and during morning hours. Recent context stays also indicate a return to place ID 1, but the historical data shows a consistent preference for place ID 1006, making it the most likely next location."
40,1,1006,"The user has a strong pattern of visiting place ID 1006 frequently, especially on weekdays and during morning hours. Recent context stays also indicate a visit to place ID 1, but the historical data shows a consistent preference for place ID 1006, making it the most likely next location."
40,1,1006,"The user has a strong pattern of visiting place ID 1006 frequently, especially on weekdays and during morning hours. Recent context stays also indicate visits to place ID 1, but the historical data shows a consistent preference for place ID 1006, making it the most likely next location."
40,1,1,"The user has a strong pattern of visiting place ID 1 frequently, especially on weekends and late nights. The recent context shows multiple stays at place ID 1, indicating a continued preference for this location. Given the historical and contextual data, it is likely the user will return to place ID 1."
40,1,1,"The user has a strong pattern of visiting place ID 1 frequently, especially on Fridays and weekends, as seen in both the history and context. The recent context stays also indicate continued visits to place ID 1, suggesting it is likely the next destination."
40,1,1,"The user has a strong pattern of visiting place ID 1 frequently, especially on weekends and late nights. The recent context shows multiple stays at place ID 1 on Friday and Saturday, indicating a continued preference for this location."
40,1,1,"The user has a strong pattern of visiting place ID 1 multiple times on Saturdays, including recent stays in the context data. Given the historical and contextual evidence, it is likely that the user will return to place ID 1."
40,1,1,"The user has a strong pattern of visiting place ID 1 multiple times on Saturdays, including recent stays in the context data. This suggests a likelihood of returning to this place, especially given the recent activity on Saturday."
40,1,1,"The user has a strong pattern of visiting place ID 1 frequently, especially on weekends. The recent context shows multiple stays at place ID 1 on Saturday, indicating a continued preference for this location."
40,1,1,"The user has a strong pattern of visiting place ID 1 frequently, especially on weekends and late at night. The recent context shows multiple stays at place ID 1 on Saturday, indicating a continued preference for this location."
40,1,1,"The user has a strong pattern of visiting place ID 1 frequently, especially on weekends and late at night, as seen in both the history and context. The recent context shows multiple stays at place ID 1 on Saturday night and early Sunday morning, indicating a likelihood of returning there."
40,1,1,"The user has a strong pattern of visiting place ID 1 frequently, especially on Sundays, as seen in both the history and context. The recent context stays also indicate continued activity at place ID 1 late on Saturday and early Sunday, suggesting a likelihood of returning there."
40,1,1,"The user has a strong pattern of visiting place ID 1 during late night and early morning hours, as seen in both the history and context data. The recent context shows multiple stays at place ID 1 on Sunday, indicating a likelihood of returning there soon."
40,1,1,"The user has a strong pattern of visiting place ID 1 multiple times on Sundays, including recent stays in the context data, indicating a likelihood of returning there soon."
40,1,1,"The user has a strong pattern of visiting place ID 1 frequently, especially on Sundays and Mondays, as seen in both the history and context. The recent context stays also indicate continued activity at place ID 1, suggesting it is the most likely next location."
40,1,1,"The user has a strong pattern of visiting place ID 1 frequently, especially on Sundays and Mondays, as seen in both the history and context. Recent stays in the context also indicate continued visits to place ID 1, suggesting it is likely the next location."
40,1,1006,"The user has a strong pattern of visiting place ID 1006 frequently, especially on weekdays and during morning hours. Recent context stays also indicate a preference for place ID 1, but the historical data shows a consistent trend towards place ID 1006, making it the most likely next location."
40,1,1,"The user has a strong pattern of visiting place ID 1, especially on Sundays and Mondays, as seen in both the history and context. The recent context stays also indicate continued activity at place ID 1, suggesting it is a likely next location."
40,1,1,"The user has a strong pattern of visiting place ID 1 multiple times on Tuesdays and Wednesdays, including recent stays in the context data. Given the recent activity and the historical preference for this location, it is the most likely next place."
40,1,1,"The user has a strong pattern of visiting place ID 1, especially on Wednesdays and Tuesdays, as seen in both the history and context. The recent context shows multiple visits to place ID 1, indicating a likelihood of returning there soon."
40,1,1,"The user has a strong pattern of visiting place ID 1 multiple times, especially on Wednesdays and Tuesdays, as seen in both the history and context. The recent context stays also indicate visits to place ID 1, suggesting a continued preference for this location."
40,1,1,"The user has a strong pattern of visiting place ID 1 frequently, especially on Wednesdays and Tuesdays, as seen in both the history and context. The recent context stays also indicate a return to place ID 1, suggesting a likelihood of continuing this pattern."
40,1,1,"The user has a strong pattern of visiting place ID 1 multiple times on Wednesdays and Thursdays, as seen in both the history and context. The recent context stays also indicate visits to place ID 1, suggesting a continued preference for this location."
40,1,1,"The user has a strong pattern of visiting place ID 1, especially on Wednesdays and Thursdays, as seen in both the history and context. Recent stays in the context also indicate continued visits to place ID 1, suggesting it is a likely next location."
40,1,1,"The user has a strong pattern of visiting place ID 1, especially on weekends and late nights, as seen in both the history and context. Recent stays in the context also indicate continued activity at place ID 1, suggesting a likelihood of returning there next."
40,1,1,"The user has a strong pattern of visiting place ID 1 frequently, especially on weekends and late evenings, as seen in both the history and context. The recent context shows multiple visits to place ID 1 on Saturday, indicating a likelihood of returning there."
40,1,1,"The user has a strong pattern of visiting place ID 1 on Saturdays, as seen in both the history and context. The recent context shows multiple stays at place ID 1 on Saturday, indicating a likelihood of returning there."
40,1,1,"The user has a strong pattern of visiting place ID 1 on Saturdays, as seen in both the history and context. The recent context shows multiple stays at place ID 1 on Saturday, indicating a likelihood of returning there."
40,1,1,"The user has shown a strong pattern of visiting place ID 1 multiple times on Sundays, including recent stays in the context on Saturday evening and early Sunday morning. This suggests a likelihood of returning to place ID 1."
40,1006,1,"The user has a strong pattern of visiting place ID 1 on Sundays, with multiple stays recorded in the history. The recent context also shows the user visiting place ID 1 on Saturday evening and late Saturday night, indicating a continued interest in this location. Given the recent activity and historical preference, it is likely the user will return to place ID 1."
40,1,1006,"The user has a strong pattern of visiting place ID 1006 frequently, especially on weekdays and weekends. Recent context shows a visit to place ID 1, but the user returned to place ID 1006 on Monday, indicating a preference for this location. Given the historical frequency and recent context, the next likely place is 1006."
40,1006,1006,"The user has a strong pattern of visiting place ID 1006, especially on Mondays and Sundays, as seen in both the history and context. Recent stays in the context also indicate a visit to place ID 1, but the historical data shows a consistent preference for place ID 1006, making it the most likely next location."
40,1,1006,"The user has a strong pattern of visiting place ID 1006, especially on weekdays and during morning hours. Recent context shows a visit to 1006 on Monday at 2:11 PM, indicating continued engagement with this location. Given the historical frequency and recent context, 1006 is the most likely next place."
40,1006,1006,"The user has a strong pattern of visiting place ID 1006, especially on weekdays and during morning hours. Recent context shows a visit to this place on Monday at 2:11 PM, indicating a continued preference for this location. Given the historical frequency and recent activity, it is likely the user will return to place ID 1006."
40,1,1006,"The user has a strong pattern of visiting place ID 1006, especially on Mondays and Tuesdays, as seen in both the history and context. Recent stays in the context also indicate a visit to place ID 1006 on Monday and Tuesday, suggesting a likelihood of returning there."
40,1006,1006,"The user has a strong pattern of visiting place ID 1006, especially on weekdays and during morning hours. Recent context stays also indicate a visit to place ID 1006 on Tuesday morning, suggesting a continuation of this pattern."
40,1,1006,"The user has a strong pattern of visiting place ID 1006 frequently, especially on Tuesdays and Wednesdays, as seen in both the history and context data. The most recent context shows a visit to place ID 1006 on Tuesday at 09:59 AM, indicating a continued preference for this location."
40,1006,1006,"The user has a strong pattern of visiting place ID 1006, especially on Wednesdays and Thursdays, as seen in both the history and context. Recent stays in the context also indicate a visit to place ID 1006 at 10:45 AM on Wednesday, reinforcing the likelihood of returning to this location."
40,1144,1006,"The user has a strong pattern of visiting place ID 1006 frequently, especially on Wednesdays and Thursdays, as seen in both the history and context data. The most recent stays in the context also indicate a visit to place ID 1006, suggesting a continued preference for this location."
40,1,1006,"The user has a strong pattern of visiting place ID 1006 frequently, especially on Thursdays and Fridays, as seen in both the history and context. The recent context shows a visit to place ID 1006 at 12:51 PM on Friday, indicating a likelihood of returning to this place."
40,1006,1006,"The user has a strong pattern of visiting place ID 1006 frequently, especially on weekdays and during morning hours. Recent context also shows a visit to place ID 1006 on Thursday at 09:59 AM, indicating a continued preference for this location."
40,1147,1006,"The user has a strong pattern of visiting place ID 1006 frequently, especially on weekdays and during morning hours. Recent context shows a visit to place ID 1006 on Friday at 12:51 PM, indicating a continued preference for this location."
40,1,1006,"The user has a strong pattern of visiting place ID 1006 frequently, especially on weekdays and weekends, as seen in both the history and context data. The most recent context stay at 12:51 PM on Friday is also at place ID 1006, indicating a continued preference for this location."
40,1006,1006,"The user has a strong pattern of visiting place ID 1006 frequently, especially on Mondays and Wednesdays, and the most recent context shows a visit to this place on Monday morning. This suggests a high likelihood of returning to 1006."
40,1,1006,"The user has a strong pattern of visiting place ID 1006, especially on Mondays and Tuesdays, as seen in both the history and context. The most recent context stay on Tuesday at 11:35 AM is at place ID 1006, indicating a continued preference for this location."
40,1006,1006,"The user has a strong pattern of visiting place ID 1006, especially on Mondays and Tuesdays, as seen in both the history and context. The most recent context stay at 11:35 AM on Tuesday at place ID 1006 reinforces this trend, suggesting a high likelihood of returning to this location."
40,1,1006,"The user has a strong pattern of visiting place ID 1006, especially on Wednesdays and Tuesdays, as seen in both the history and context. The most recent context stay on Wednesday at 09:45 AM also indicates a visit to place ID 1006, suggesting a likelihood of returning there."
40,1006,1006,"The user has a strong pattern of visiting place ID 1006, especially on Tuesdays and Wednesdays, as seen in both the history and context. Recent stays in the context also indicate a visit to place ID 1006 on Tuesday at 11:35 AM and Wednesday at 09:45 AM, suggesting a likelihood of returning to this place."
40,1,1006,"The user has a strong pattern of visiting place ID 1006, especially on Wednesdays and Tuesdays, as seen in both the history and context data. The most recent context stay at 11:35 AM on Tuesday and the multiple visits to 1006 on Wednesdays suggest that the user is likely to return to this place."
40,1006,1006,"The user has a strong pattern of visiting place ID 1006, especially on Wednesdays and Thursdays, as seen in both the history and context data. Recent stays in the context also indicate a visit to place ID 1006 at 09:45 AM on Wednesday and 10:08 AM on Thursday, suggesting a likelihood of returning to this place."
40,1,1006,"The user has a strong pattern of visiting place ID 1006 frequently, especially on Wednesdays and Thursdays, as seen in both the history and context data. The most recent context stay at 11:14 AM on Friday also indicates a visit to place ID 1006, suggesting a continued preference for this location."
40,1006,1006,"The user has a strong pattern of visiting place ID 1006 frequently, especially on Thursdays and Fridays, as seen in both the history and context. The recent context shows a visit to place ID 1006 on Thursday at 10:08 AM, indicating a continued preference for this location."
40,960,1006,"The user has a strong pattern of visiting place ID 1006 frequently, especially on Thursdays and Saturdays, as seen in both the history and context. The recent context shows visits to place ID 1006 on Thursday and Saturday, indicating a likelihood of returning there."
40,1,1006,"The user has a strong pattern of visiting place ID 1006 frequently, especially on Fridays and Saturdays, as seen in both the history and context. The recent context shows a visit to place ID 1006 on Friday at 11:14 AM, indicating a continued preference for this location."
40,1006,1006,"The user has a strong pattern of visiting place ID 1006 frequently, especially on Fridays and Saturdays, as seen in both the history and context. The recent context shows a visit to place ID 1006 on Friday, indicating a likelihood of returning there."
40,1,1006,"The user has a strong pattern of visiting place ID 1006, especially on weekends and Tuesdays, as seen in both the history and context. The recent context shows a visit to place ID 1006 on Tuesday, indicating a likelihood of returning to this place."
40,1,1006,"The user has a strong pattern of visiting place ID 1006, especially on weekdays and weekends, as seen in both the history and context. Recent stays in the context also indicate a visit to place ID 1006 on Saturday and Tuesday, reinforcing its likelihood as the next destination."
40,1,1006,"The user has a strong pattern of visiting place ID 1006, especially on weekdays and during morning hours. Recent context shows a visit to this place on Tuesday at 9:54 AM, indicating a likelihood of returning to this familiar location."
40,1006,1006,"The user has a strong pattern of visiting place ID 1006, especially on weekdays and during morning hours. Recent context shows a visit to this place on Tuesday morning, indicating a likelihood of returning to this familiar location."
40,1147,1006,"The user has a strong pattern of visiting place ID 1006, especially on Wednesdays and Tuesdays, as seen in both the history and context data. The most recent context stay at 10:02 AM on Wednesday at place ID 1006 reinforces this trend, suggesting a high likelihood of returning to this location."
40,1,1006,"The user has a strong pattern of visiting place ID 1006, especially on Wednesdays, with multiple visits recorded in both history and context. The recent context stay at 10:02 AM on Wednesday at place ID 1006 further supports this trend, indicating a likelihood of returning to this location."
40,1006,1006,"The user has a strong pattern of visiting place ID 1006, especially on Wednesdays and Thursdays, as seen in both the history and context. Recent stays in the context also indicate a visit to place ID 1006 at 10:02 AM on Wednesday, reinforcing the likelihood of returning to this location."
40,1,1006,"The user has a strong pattern of visiting place ID 1006, especially on Wednesdays and Thursdays, as seen in both the history and context. Recent stays in the context also indicate a visit to place ID 1006 at 10:02 AM on Wednesday and 10:05 AM on Thursday, suggesting a continuation of this pattern."
40,960,1006,"The user has a strong pattern of visiting place ID 1006 frequently, especially on Wednesdays and Thursdays, as seen in both the history and context data. The recent context shows a visit to place ID 1006 at 10:02 AM on Wednesday, which aligns with the user's established routine."
40,1,1006,"The user has a strong pattern of visiting place ID 1006, especially on Thursdays and Fridays, as seen in both the history and context. The most recent context stay at 10:05 AM on Thursday at place ID 1006 reinforces this pattern, suggesting a high likelihood of returning to this location."
40,1,1006,"The user has a strong pattern of visiting place ID 1006, especially on Thursdays and Fridays, as seen in both the history and context. Recent stays in the context also indicate a visit to place ID 1006 at 10:05 AM on Thursday, reinforcing the likelihood of returning to this location."
40,1006,1006,"The user has a strong pattern of visiting place ID 1006 frequently, especially on weekdays and during morning hours. The recent context also shows a visit to place ID 1006 at 10:05 AM on Thursday, indicating a continuation of this pattern."
40,1,1006,"The user has a strong pattern of visiting place ID 1006, especially on Wednesdays and Fridays, as seen in both the history and context. The most recent context stay at 09:59 AM on Wednesday indicates they are likely to continue this pattern."
40,1006,1006,"The user has a strong pattern of visiting place ID 1006, especially on Wednesdays and Fridays, as seen in both the history and context. The recent context stay at 09:59 AM on Wednesday at place ID 1006 further supports this trend, indicating a likelihood of returning to this location."
40,1,1006,"The user has a strong pattern of visiting place ID 1006, especially on Wednesdays and Thursdays, as seen in both the history and context data. Recent stays in the context also indicate a visit to place ID 1006 on Wednesday and Thursday mornings, suggesting a likelihood of returning to this place."
40,1,1006,"The user has a strong pattern of visiting place ID 1006, especially on Wednesdays and Thursdays, as seen in both the history and context data. Recent stays in the context also indicate a visit to place ID 1006 at 09:59 AM on Wednesday and 10:01 AM on Thursday, suggesting a likelihood of returning to this place."
40,1006,1006,"The user has a strong pattern of visiting place ID 1006 frequently, especially on Wednesdays and Thursdays, as seen in both the history and context. The recent context shows visits to place ID 1006 at 09:59 AM and 10:01 AM on Wednesday and Thursday, respectively, indicating a likely continuation of this pattern."
40,1,1006,"The user has a strong pattern of visiting place ID 1006, especially on Thursdays and Mondays, as seen in both the history and context. Recent stays in the context also indicate a visit to place ID 1006 on Monday, reinforcing the likelihood of returning there."
40,1,1006,"The user has a strong pattern of visiting place ID 1006, especially on Mondays and Thursdays, as seen in both the history and context. The most recent context stay at 10:41 AM on Monday is also at place ID 1006, indicating a likely continuation of this pattern."
40,1006,1006,"The user has a strong pattern of visiting place ID 1006, especially on Mondays and Tuesdays, as seen in both the history and context. Recent stays in the context also indicate a visit to place ID 1006 on Monday at 10:41 AM, reinforcing the likelihood of returning to this location."
40,1,1006,"The user has a strong pattern of visiting place ID 1006, especially on Mondays and Tuesdays, as seen in both the history and context. Recent context stays also indicate a visit to place ID 1006 on Tuesday at 10:10 AM, reinforcing the likelihood of returning to this location."
40,1006,1006,"The user has a strong pattern of visiting place ID 1006, especially on Mondays and Tuesdays, as seen in both the history and context. The recent context shows a visit to place ID 1006 on Monday at 10:41 AM and Tuesday at 10:10 AM, indicating a likelihood of returning to this place."
40,1,1006,"The user has a strong pattern of visiting place ID 1006, especially on Tuesdays and Wednesdays, as seen in both the history and context. The recent context shows a visit to place ID 1006 on Tuesday at 10:10 AM, indicating a likelihood of returning to this place."
40,1006,1006,"The user has a strong pattern of visiting place ID 1006, especially on Tuesdays and Wednesdays, as seen in both the history and context. The recent context shows a visit to place ID 1006 at 10:10 AM on Tuesday, which aligns with their historical activity pattern of frequent visits to this location."
40,332,1006,"The user has a strong pattern of visiting place ID 1006, especially on weekdays and during morning hours. Recent context shows they visited this place on Tuesday and Wednesday mornings, indicating a likelihood of returning to this location."
40,1,1006,"The user has a strong pattern of visiting place ID 1006, especially on Wednesdays and Thursdays, as seen in both the history and context. Recent stays in the context also indicate a visit to place ID 1006, reinforcing its likelihood as the next destination."
40,1,1006,"The user has a strong pattern of visiting place ID 1006 frequently, especially on Wednesdays and Thursdays, as seen in both the history and context. The most recent context stay at 10:07 AM on Wednesday at place ID 1006 further supports this trend, indicating a high likelihood of returning to this location."
40,1,1006,"The user has a strong pattern of visiting place ID 1006 frequently, especially on Thursdays and Sundays, as seen in both the history and context. The recent context shows a visit to place ID 1006 at 11:10 AM on Thursday, indicating a continued preference for this location."
40,1,1006,"The user has a strong pattern of visiting place ID 1006 frequently, especially on weekdays and during morning hours. Recent context also shows a visit to place ID 1006 at 11:10 AM on Thursday, indicating a continued preference for this location."
40,1006,1006,"The user has a strong pattern of visiting place ID 1006 frequently, especially on weekdays and weekends, as seen in both the history and context. The recent context shows visits to place ID 1, but the historical data indicates a consistent preference for place ID 1006, making it the most likely next location."
40,1,1006,"The user has a strong pattern of visiting place ID 1006, especially on weekdays and weekends, as seen in both the history and context. Recent stays in the context also indicate a visit to place ID 1006 on Friday, suggesting a likelihood of returning there soon."
40,1006,1006,"The user has a strong pattern of visiting place ID 1006, especially on weekdays and weekends, as seen in both the history and context. Recent stays in the context also indicate a return to this place, suggesting it is a preferred location."
40,1,1006,"The user has a strong pattern of visiting place ID 1006 frequently, especially on weekdays and weekends, as seen in both the history and context. Recent stays in the context also indicate a visit to place ID 1006 on Friday, suggesting a continuation of this pattern."
40,1006,1006,"The user has a strong pattern of visiting place ID 1006, especially on weekends and weekdays, as seen in both the history and context. Recent stays in the context also indicate a visit to place ID 1006 on Friday and Saturday, suggesting a likelihood of returning there."
40,1,1006,"The user has a strong pattern of visiting place ID 1006 frequently, especially on weekends and Mondays. Recent context shows visits to this place on Friday and Saturday, indicating a continued preference for this location."
40,1006,1006,"The user has a strong pattern of visiting place ID 1006, especially on weekends and Mondays, as seen in both the history and context. Recent stays in the context also indicate visits to this place, suggesting a likelihood of returning."
40,1,1006,"The user has a strong pattern of visiting place ID 1006, especially on weekends and Mondays, as seen in both the history and context. Recent stays in the context also indicate a return to this location, suggesting it is a likely next destination."
40,1006,1006,"The user has a strong pattern of visiting place ID 1006, especially on weekdays and during morning hours. Recent context shows they visited this place on Sunday and Monday, indicating a continued preference for this location."
40,1,1006,"The user has a strong pattern of visiting place ID 1006, especially on weekdays and during morning hours. Recent context shows they visited this place on Monday and Tuesday, indicating a likelihood of returning to this location."
40,1006,1006,"The user has a strong pattern of visiting place ID 1006, especially on weekdays, including multiple visits on Mondays and Wednesdays. The recent context also shows visits to place ID 1006, indicating a continued preference for this location."
40,1,1006,"The user has a strong pattern of visiting place ID 1006, especially on weekdays and mornings, as seen in both the history and context. Recent stays in the context also indicate a return to this location, reinforcing its likelihood as the next destination."
40,1006,1006,"The user has a strong pattern of visiting place ID 1006, especially on weekdays and during morning hours. Recent context shows visits to place ID 1006 on Tuesday and Wednesday, indicating a likelihood of returning to this location."
40,1147,1006,"The user has a strong pattern of visiting place ID 1006, especially on Wednesdays and Thursdays, as seen in both the history and context. Recent stays in the context also indicate visits to this place, reinforcing its likelihood as the next destination."
40,1,1006,"The user has a strong pattern of visiting place ID 1006, especially on weekdays, including multiple visits on Wednesday and Thursday. The recent context also shows visits to place ID 1006, indicating a continued preference for this location."
40,1006,1006,"The user has a strong pattern of visiting place ID 1006, especially on weekdays and during morning hours. Recent context shows they visited this place again on Wednesday and Thursday, indicating a preference for returning to this location."
40,1006,1006,"The user has a strong pattern of visiting place ID 1006 frequently, especially on weekdays, including multiple visits on Thursday and Friday. The recent context also shows a visit to place ID 1006 on Thursday evening, indicating a continued preference for this location."
40,327,1006,"The user has a strong pattern of visiting place ID 1006 frequently, especially on Fridays and Saturdays, as seen in both the history and context. The recent context shows a visit to place ID 1006 on Friday evening and Saturday afternoon, indicating a likelihood of returning to this place."
40,1006,1006,"The user has a strong pattern of visiting place ID 1006, especially on Fridays and weekends, as seen in both the history and context. Recent stays in the context also indicate a visit to place ID 1006 on Friday evening, reinforcing the likelihood of returning to this location."
40,1,1006,"The user has a strong pattern of visiting place ID 1006 frequently, especially on Fridays and weekends, as seen in both the history and context. The recent context shows a visit to place ID 1006 on Friday evening and Saturday afternoon, indicating a likelihood of returning to this place."
40,1006,1006,"The user has a strong pattern of visiting place ID 1006 frequently, especially on weekends and Mondays, as seen in both the history and context. The recent context shows a visit to place ID 1006 on Friday and Saturday, indicating a continued preference for this location."
40,1,1006,"The user has a strong pattern of visiting place ID 1006 frequently, especially on weekends and Mondays, as seen in both the history and context. The recent context shows a visit to place ID 1006 on Saturday and Sunday, indicating a continued preference for this location."
40,1006,1006,"The user has a strong pattern of visiting place ID 1006 frequently, especially on Sundays and Mondays, as seen in both the history and context. The recent context shows a visit to place ID 1006 on Sunday at 5:33 PM, indicating a continued preference for this location."
40,1,1006,"The user has a strong pattern of visiting place ID 1006, especially on weekdays and during morning hours. Recent context shows they visited this place on Sunday and Monday, indicating a preference for this location. Given the historical frequency and recent visits, it is likely they will return to place ID 1006."
40,1006,1006,"The user has a strong pattern of visiting place ID 1006, especially on weekdays, including multiple visits on Mondays and Wednesdays. The recent context also shows visits to place ID 1006, indicating a continued preference for this location."
40,1147,1006,"The user has a strong pattern of visiting place ID 1006, especially on weekdays and during morning hours. Recent context shows they visited this place on Monday and Tuesday evenings, indicating a continued preference for this location."
40,1006,1006,"The user has a strong pattern of visiting place ID 1006, especially on weekdays and during morning hours. Recent context shows a visit to place ID 1006 on Tuesday evening, indicating a continued preference for this location."
40,1,1006,"The user has a strong pattern of visiting place ID 1006, especially on weekdays and mornings, as seen in both the history and context. Recent stays in the context also indicate a visit to place ID 1006, reinforcing its likelihood as the next destination."
40,332,1006,"The user has a strong pattern of visiting place ID 1006, especially on Wednesdays and Thursdays, as seen in both the history and context. Recent stays in the context also indicate a visit to place ID 1006, reinforcing its likelihood as the next destination."
40,1006,1006,"The user has a strong pattern of visiting place ID 1006, especially on weekdays and during morning hours. Recent context shows they visited this place again on Wednesday and Thursday evenings, indicating a continued preference for this location."
40,1128,1006,"The user has a strong pattern of visiting place ID 1006 frequently, especially on weekdays and during morning hours. Recent context shows a visit to place ID 1006 on Thursday evening, indicating continued interest in this location. Given the user's history and recent activity, it is likely they will return to place ID 1006."
40,1,1006,"The user has a strong pattern of visiting place ID 1006 frequently, especially on weekdays and weekends, as seen in both the history and context. Recent stays in the context also indicate a visit to place ID 1006, suggesting a continued preference for this location."
40,1006,1006,"The user has a strong pattern of visiting place ID 1006 frequently, especially on Fridays and Saturdays, as seen in both the history and context. The recent context stay at 10:41 PM on Friday at place ID 1006 reinforces this pattern, suggesting a likelihood of returning to this location."
40,1,1006,"The user has a strong pattern of visiting place ID 1006 frequently, especially on weekdays and weekends. Recent context shows a visit to place ID 1006 on Friday night, indicating a continued preference for this location."
40,1006,1006,"The user has a strong pattern of visiting place ID 1006 frequently, especially on weekdays and weekends. Recent context shows a visit to place ID 1006 on Sunday evening, indicating a continued preference for this location. Given the historical data and recent context, it is likely the user will return to place ID 1006."
40,1,1006,"The user has a strong pattern of visiting place ID 1006 frequently, especially on weekdays and weekends. Recent context shows a visit to place ID 1006 on Sunday evening, indicating a continued preference for this location. Given the historical data and recent context, it is likely the user will return to place ID 1006."
40,1006,1006,"The user has a strong pattern of visiting place ID 1006 frequently, especially on weekdays and during morning hours. Recent context shows a visit to place ID 1006 on Sunday evening, indicating continued interest. Given the historical and contextual data, it is likely the user will return to place ID 1006."
40,1,1006,"The user has a strong pattern of visiting place ID 1006, especially on weekdays and during morning hours. Recent context shows a visit to 1006 on Monday evening, indicating a continued preference for this location."
40,1006,1006,"The user has a strong pattern of visiting place ID 1006, especially on weekdays, including multiple visits on Monday and Tuesday. The recent context also shows a visit to place ID 1006 on Monday and Tuesday, indicating a continued preference for this location."
40,1,1006,"The user has a strong pattern of visiting place ID 1006, especially on weekdays and during morning hours. Recent context shows they visited this place on Monday and Tuesday, indicating a continued preference for this location."
40,1006,1006,"The user has a strong pattern of visiting place ID 1006, especially on weekdays, including multiple visits on Tuesday and Wednesday. The recent context also shows visits to place ID 1006, indicating a continued preference for this location."
40,1,1006,"The user has a strong pattern of visiting place ID 1006, especially on weekdays and during morning hours. Recent context shows visits to this place on Tuesday and Wednesday evenings, indicating a continued preference for this location."
40,371,1006,"The user has a strong pattern of visiting place ID 1006, especially on weekdays and during morning hours. Recent context stays also indicate visits to this place, suggesting a continued preference for it."
40,1006,1006,"The user has a strong pattern of visiting place ID 1006, especially on weekdays and during morning hours. Recent context shows they visited this place on Wednesday evening and Thursday evening, indicating a continued preference for this location."
40,1018,1006,"The user has a strong pattern of visiting place ID 1006, especially on Thursdays and Fridays, as seen in both the history and context. Recent stays in the context also indicate a visit to place ID 1006 at 6:00 PM on Thursday and 10:17 PM on Friday, suggesting a likelihood of returning to this place."
40,1,1006,"The user has a strong pattern of visiting place ID 1006 frequently, especially on weekdays and weekends, as seen in both the history and context. The most recent context stay at 10:17 PM on Friday at place ID 1006 reinforces this pattern, suggesting a high likelihood of returning to this location."
40,1,1006,"The user has a strong pattern of visiting place ID 1006 frequently, especially on Fridays and Saturdays, as seen in both the history and context. The recent context shows a visit to place ID 1006 on Friday evening, indicating a likelihood of returning to this place."
40,1,1006,"The user has a strong pattern of visiting place ID 1006, especially on weekdays and weekends, as seen in both the history and context. The most recent context stay on Friday at 10:17 PM was at place ID 1006, indicating a continued preference for this location."
40,1,1006,"The user has a strong pattern of visiting place ID 1006 frequently, especially on weekdays and weekends, as seen in both the history and context data. The most recent context stay also indicates a visit to place ID 1006 on Friday night, suggesting a likelihood of returning there."
40,1,1006,"The user has a strong pattern of visiting place ID 1006 frequently, especially on weekdays and weekends, as seen in the history. The recent context shows a visit to place ID 1, but the historical data indicates a preference for place ID 1006, which is likely to be their next destination."
40,1,1,"The user has a strong pattern of visiting place ID 1 multiple times on Sundays and Mondays, as seen in both the history and context. The recent context stays also indicate visits to place ID 1, suggesting a continued preference for this location."
40,1006,1,"The user has a strong pattern of visiting place ID 1 multiple times on Sundays and Mondays, as seen in both the history and context. The recent context stays also indicate visits to place ID 1, suggesting a continued preference for this location."
40,1,1006,"The user has a strong pattern of visiting place ID 1006 frequently, especially on Mondays and Wednesdays, and the recent context shows a visit to this place on Monday at 4:54 PM, indicating a likelihood of returning to this location."
40,1,1006,"The user has a strong pattern of visiting place ID 1006 frequently, especially on weekdays and during morning hours. Recent context shows a visit to place ID 1, but the historical data indicates a preference for place ID 1006, particularly on Mondays and Tuesdays, which aligns with the upcoming schedule."
40,1006,1006,"The user has a strong pattern of visiting place ID 1006, especially on weekdays and during morning hours. Recent context shows a visit to place ID 1, but the historical data indicates a consistent preference for place ID 1006, particularly on Mondays and Wednesdays, which aligns with the upcoming day."
40,1006,1006,"The user has a strong pattern of visiting place ID 1006, especially on weekdays and during morning hours. Recent context shows a visit to place ID 1006 on Monday at 4:54 PM, indicating continued interest in this location. Given the historical frequency and recent context, it is likely the user will return to place ID 1006."
40,1006,1006,"The user has a strong pattern of visiting place ID 1006, especially on weekdays and during morning hours. Recent context shows visits to this place on Monday and Wednesday, indicating a continued preference for this location."
40,1,1006,"The user has a strong pattern of visiting place ID 1006, especially on Wednesdays, and recent context shows multiple visits to this place on the same day. This suggests a high likelihood of returning to 1006."
40,1006,1006,"The user has a strong pattern of visiting place ID 1006 frequently, especially on Wednesdays and Thursdays, as seen in both the history and context. Recent stays in the context also indicate visits to place ID 1006, suggesting a continued preference for this location."
40,1,1006,"The user has a strong pattern of visiting place ID 1006, especially on Wednesdays and Thursdays, as seen in both their historical stays and recent context. The recent context shows multiple visits to place ID 1006 on Wednesday, indicating a likelihood of returning there."
40,1006,1006,"The user has a strong pattern of visiting place ID 1006, especially on Wednesdays and Thursdays, as seen in both the history and context. Recent stays in the context also indicate visits to place ID 1006, suggesting a continued preference for this location."
40,1,1006,"The user has a strong pattern of visiting place ID 1006, especially on weekdays and during morning hours. Recent context shows a visit to place ID 1006 on Thursday evening, indicating a continued preference for this location."
40,1006,1006,"The user has a strong pattern of visiting place ID 1006, especially on Thursdays and Fridays, as seen in both the history and context. Recent stays in the context also indicate visits to this place, suggesting a likelihood of returning."
40,1,1006,"The user has a strong pattern of visiting place ID 1006 frequently, especially on weekdays and during morning hours. Recent context shows a visit to place ID 1006 on Wednesday evening, indicating continued interest in this location."
40,1006,1006,"The user has a strong pattern of visiting place ID 1006, especially on weekdays and during morning hours. Recent context shows a visit to place ID 1006 on Wednesday evening, indicating continued interest in this location. Given the historical frequency and recent context, it is likely the user will return to place ID 1006."
40,1144,1006,"The user has a strong pattern of visiting place ID 1006 frequently, especially on weekdays and during morning hours. Recent context also shows a visit to place ID 1006 on Wednesday evening, indicating a continued preference for this location."
40,1006,1006,"The user has a strong pattern of visiting place ID 1006 frequently, especially on weekdays and during morning hours. Recent context shows a visit to place ID 1006 on Thursday evening, indicating continued interest in this location. Given the historical and contextual data, it is likely the user will return to place ID 1006."
40,1006,1006,"The user has a strong pattern of visiting place ID 1006 frequently, especially on Fridays and Saturdays, as seen in both the history and context. The recent context shows a visit to place ID 1006 on Friday night and a long stay on Saturday afternoon, indicating a continued preference for this location."
40,1,1006,"The user has a strong pattern of visiting place ID 1006 frequently, especially on Fridays and Saturdays, as seen in both the history and context. The recent context shows a visit to place ID 1006 on Friday evening and Saturday afternoon, indicating a likelihood of returning to this place."
40,1006,1006,"The user has a strong pattern of visiting place ID 1006 frequently, especially on weekdays and weekends, as seen in both the history and context. The most recent context stay also indicates a visit to place ID 1006 on Saturday, suggesting a continued preference for this location."
40,1,1006,"The user has a strong pattern of visiting place ID 1006 frequently, especially on weekends and Mondays, as seen in both the history and context. The recent context shows a visit to place ID 1006 on Saturday and Monday, indicating a continued preference for this location."
40,1006,1006,"The user has a strong pattern of visiting place ID 1006 frequently, especially on weekdays and weekends. Recent context stays also indicate continued visits to this place, suggesting it is a preferred location."
40,1,1006,"The user has a strong pattern of visiting place ID 1006 frequently, especially on weekdays and weekends, as seen in both the history and context. The most recent context stay at 2:06 PM on Sunday at place ID 1006 reinforces this trend, indicating a high likelihood of returning to this location."
40,1006,1006,"The user has a strong pattern of visiting place ID 1006, especially on weekdays, including multiple visits on Mondays and Wednesdays. The recent context also shows a visit to place ID 1006 on Monday evening, indicating a continued preference for this location."
40,1,1006,"The user has a strong pattern of visiting place ID 1006, especially on weekdays and mornings, as seen in both the history and context. Recent stays in the context also indicate a return to this location, reinforcing its likelihood as the next destination."
40,1,1006,"The user has a strong pattern of visiting place ID 1006, especially on weekdays, including multiple visits on Tuesday and Wednesday. The recent context shows a visit to place ID 1006 on Tuesday evening, indicating a continued preference for this location."
40,605,1006,"The user has a strong pattern of visiting place ID 1006 frequently, especially on weekdays and during morning hours. Recent context shows a visit to place ID 1006 on Tuesday evening, indicating continued interest in this location. Given the historical and contextual data, it is likely the user will return to place ID 1006."
40,1,1006,"The user has a strong pattern of visiting place ID 1006 frequently, especially on Wednesdays and Thursdays, as seen in both the history and context. The recent context shows a visit to place ID 1006 on Wednesday evening, indicating a likelihood of returning to this place."
40,1,1006,"The user has a strong pattern of visiting place ID 1006 frequently, especially on weekdays and weekends, as seen in both the history and context. Recent stays in the context also indicate a visit to place ID 1006 on Wednesday evening, reinforcing the likelihood of returning there."
40,1,1006,"The user has a strong pattern of visiting place ID 1006 frequently, especially on weekdays and weekends, as seen in both the history and context. Recent stays in the context also indicate a preference for place ID 1, but the historical data shows a consistent return to place ID 1006, making it the most likely next location."
40,1,1006,"The user has a strong pattern of visiting place ID 1006, especially on weekdays and weekends, with multiple visits recorded in the history. The recent context also shows a visit to place ID 1, but given the frequency and timing of visits to 1006, it is the most likely next location."
40,1006,1,"The user has a strong pattern of visiting place ID 1 on Sundays and Mondays, as seen in both the history and context. The recent context stays also indicate a return to place ID 1, suggesting a likelihood of continuing this pattern."
40,997,1006,"The user has a strong pattern of visiting place ID 1006, especially on Wednesdays and Mondays, as seen in both the history and context. The recent context stay at 08:15 PM on Wednesday at place ID 1006 reinforces this pattern, suggesting a likelihood of returning to this location."
40,1006,1006,"The user has a strong pattern of visiting place ID 1006 frequently, especially on Wednesdays and Mondays, as seen in both the history and context. The recent context stay at 8:15 PM on Wednesday at place ID 1006 further supports this trend, indicating a likelihood of returning to this location."
40,1147,1006,"The user has a strong pattern of visiting place ID 1006, especially on Wednesdays and Thursdays, as seen in both the history and context. Recent stays in the context also indicate a visit to place ID 1006 on Wednesday evening, reinforcing the likelihood of returning to this location."
40,1006,1006,"The user has a strong pattern of visiting place ID 1006 frequently, especially on Wednesdays and Thursdays, and the recent context shows a visit to this place on Wednesday evening. This suggests a high likelihood of returning to 1006."
40,1,1006,"The user has a strong pattern of visiting place ID 1006 frequently, especially on weekdays and during various times of the day. Recent context also shows a visit to place ID 1006 on Wednesday evening and Thursday evening, indicating a continued preference for this location."
40,1,1006,"The user has a strong pattern of visiting place ID 1006 frequently, especially on weekdays and weekends, as seen in both the history and context. The most recent context stay at place ID 1006 on Friday evening suggests a continuation of this pattern."
40,1,1006,"The user has a strong pattern of visiting place ID 1006 frequently, especially on weekdays and weekends, as seen in both the history and context. Recent stays in the context also indicate a return to this place, suggesting it is a preferred location."
40,1,1006,"The user has a strong pattern of visiting place ID 1006 frequently, especially on Fridays and Saturdays, as seen in both the history and context. The recent context shows a visit to place ID 1006 on Friday evening, indicating a likelihood of returning to this place."
40,1,1006,"The user has a strong pattern of visiting place ID 1006 frequently, especially on weekdays and weekends, as seen in both the history and context. The recent context shows a visit to place ID 1, but the historical data indicates a preference for place ID 1006, which is likely to be their next destination."
40,1,1,"The user has a strong pattern of visiting place ID 1 on Saturdays, as seen in both the history and context. In the context, the user visited place ID 1 multiple times on Saturday, indicating a preference for this location during that day."
40,1,1,"The user has shown a strong pattern of visiting place ID 1 multiple times on Sundays, including recent stays in the context data. Given the recent visits to place ID 1 on Saturday and Sunday, it is likely that the user will continue this pattern."
40,1,1,"The user has shown a strong pattern of visiting place ID 1 multiple times on Sundays, including recent visits in the context data. Given that the next stay is likely to be on a Sunday, the consistent visits to place ID 1 suggest it will be the next location."
40,1,1,"The user has shown a strong pattern of visiting place ID 1 multiple times on Sundays, including recent visits in the context data. Given the recent activity on Sunday and the historical preference for this place, it is likely the user will return to place ID 1."
40,1,1,"The user has a strong pattern of visiting place ID 1 on Sundays, including multiple stays in the recent context. Given the recent activities and the historical preference for this location, it is likely the user will return to place ID 1."
40,1,1,"The user has shown a strong pattern of visiting place ID 1 multiple times on Sundays, including recent stays in the context data. Given the current day is Sunday and the user has just visited place ID 1 recently, it is likely they will continue to return there."
40,1,1,"The user has a strong pattern of visiting place ID 1 multiple times on Sundays, including recent stays in the context data. Given the current day is Sunday and the user has just visited place ID 1 several times today, it is likely they will continue to stay at this location."
40,1,1,"The user has a strong pattern of visiting place ID 1 on Sundays, with multiple stays recorded in both history and context. The recent context shows continued visits to place ID 1, indicating a likelihood of returning there next."
40,1,1,"The user has a strong pattern of visiting place ID 1 multiple times on Sundays and Mondays, including recent stays in the context data. This suggests a high likelihood of returning to this location."
40,1,1,"The user has a strong pattern of visiting place ID 1 on Sundays and Mondays, as seen in both the history and context. Recent stays in the context also indicate continued visits to place ID 1, suggesting it is likely the next location."
40,1,1,"The user has a strong pattern of visiting place ID 1 on Sundays and Mondays, as seen in both the history and context. The recent context shows multiple visits to place ID 1 on Monday, indicating a likelihood of continuing this pattern."
40,1,1,"The user has shown a strong pattern of visiting place ID 1 multiple times on Mondays, including recent stays in the context data. This suggests a likelihood of returning to this location."
40,1,1,"The user has a strong pattern of visiting place ID 1 multiple times on Mondays, including recent stays in the context data. This suggests a high likelihood of returning to this location."
40,1,1,"The user has a strong pattern of visiting place ID 1 on Mondays, including recent visits in the context data. Given the historical frequency of visits to place ID 1, especially on Mondays, it is likely that the user will continue this pattern."
40,1,1,"The user has a strong pattern of visiting place ID 1 multiple times on Mondays and Tuesdays, as seen in both the history and context. The recent context stays also indicate visits to place ID 1, suggesting a continued preference for this location."
40,1,1,"The user has a strong pattern of visiting place ID 1 multiple times, especially on Mondays and Tuesdays, as seen in both the history and context. The recent context shows visits to place ID 1 on Monday and Tuesday, indicating a likelihood of returning there."
40,1,1006,"The user has a strong pattern of visiting place ID 1006, especially on weekdays, including multiple visits on Tuesday and Wednesday. The recent context also shows a visit to place ID 1, but the historical data indicates a preference for 1006, making it the most likely next location."
40,1,1,"The user has a strong pattern of visiting place ID 1 on multiple occasions, particularly on Wednesdays and Tuesdays. The recent context also shows visits to place ID 1, indicating a continued preference for this location."
40,1,1,"The user has a strong pattern of visiting place ID 1 multiple times on Wednesdays, including recent stays in the context data. Given the current day is Wednesday and the user has just visited place ID 1 in the context, it is likely they will continue to stay there."
40,1,1006,"The user has a strong pattern of visiting place ID 1006, especially on Wednesdays and other weekdays, as seen in both the history and context. Recent stays in the context also indicate a preference for place ID 1, but the frequency and duration of visits to 1006 suggest it is the most likely next location."
40,1,1,"The user has shown a strong pattern of visiting place ID 1 multiple times on Wednesdays, including recent stays in the context data. Given the time of day and the user's history, it is likely they will return to place ID 1."
40,1,1,"The user has a strong pattern of visiting place ID 1 multiple times on Wednesdays, including a recent stay at 3:36 PM and 6:41 PM on the same day. This suggests a likelihood of returning to place ID 1 soon."
40,1,1,"The user has a strong pattern of visiting place ID 1 multiple times on Wednesdays and Thursdays, including recent stays in the context data. Given the recent visits to place ID 1 and the user's historical preference for this location, it is likely they will return there next."
40,1,1,"The user has shown a strong pattern of visiting place ID 1 multiple times on Thursdays, including recent stays in the context data. Given the current day is Thursday and the user has just visited place ID 1 recently, it is likely they will continue this pattern."
40,1,1,"The user has a strong pattern of visiting place ID 1 multiple times on Thursdays, including recent stays in the context data. This suggests a likelihood of returning to this location soon."
40,1,1,"The user has a strong pattern of visiting place ID 1 multiple times on Thursdays, including recent stays in the context data. This suggests a likelihood of returning to this location."
40,1,1,"The user has shown a strong pattern of visiting place ID 1 multiple times on Thursdays, including recent stays in the context data. This suggests a likelihood of returning to this location."
40,1,1,"The user has a strong pattern of visiting place ID 1 multiple times on Thursdays, including recent stays in the context data. Given the historical and contextual evidence, it is likely they will return to place ID 1."
40,1,1,"The user has a strong pattern of visiting place ID 1 frequently, especially on Thursdays and Fridays, as seen in both the history and context. The recent context stays also indicate continued visits to place ID 1, suggesting it is likely the next location."
40,1,1,"The user has a strong pattern of visiting place ID 1 multiple times on Fridays, including recent stays in the context data. Given the historical and contextual evidence, it is likely they will return to place ID 1."
40,1006,1,"The user has a strong pattern of visiting place ID 1 frequently, especially on Fridays and weekends, as seen in both the history and context. The recent context shows multiple visits to place ID 1 on Friday, indicating a likelihood of returning there."
40,1,1006,"The user has a strong pattern of visiting place ID 1006 frequently, especially on Fridays and Saturdays, as seen in both the history and context. The recent context shows a visit to place ID 1006 on Saturday, indicating a likelihood of returning there."
40,1,1,"The user has shown a strong pattern of visiting place ID 1 frequently, especially on weekends and Fridays, as seen in both the history and context. The recent context stays also indicate visits to place ID 1, suggesting a continued preference for this location."
40,1,1006,"The user has a strong pattern of visiting place ID 1006 frequently, especially on Saturdays and during the morning hours. In the context, the user visited place ID 1006 recently on Saturday afternoon, indicating a continued preference for this location."
40,1,1006,"The user has a strong pattern of visiting place ID 1006, especially on weekdays and during morning hours. Recent context shows a visit to place ID 1006 on Saturday afternoon, indicating continued interest in this location. Given the historical frequency and recent context, it is likely the user will return to place ID 1006."
40,1147,1006,"The user has a strong pattern of visiting place ID 1006, especially on Mondays and Saturdays, as seen in both the history and context. The recent context shows a visit to place ID 1006 on Saturday, indicating a continued preference for this location."
40,1006,1,"The user has a strong pattern of visiting place ID 1 on multiple occasions, particularly on weekends and Mondays. The recent context shows two stays at place ID 1 on Saturday, indicating a continued preference for this location. Given the historical and contextual data, it is likely the user will return to place ID 1."
40,1147,1006,"The user has a strong pattern of visiting place ID 1006, especially on Mondays and Tuesdays, as seen in both the history and context. The recent context stay at 09:07 PM on Tuesday at place ID 1006 reinforces this pattern, suggesting a likelihood of returning to this location."
40,1006,1006,"The user has a strong pattern of visiting place ID 1006 frequently, especially on Mondays and Wednesdays, as seen in both the history and context. The recent context stay on Wednesday at 08:20 AM suggests a continuation of this pattern, making 1006 the most likely next place."
40,1147,1006,"The user has a strong pattern of visiting place ID 1006 frequently, especially on weekdays and during morning hours. Recent context shows a visit to place ID 1006 on Tuesday evening, indicating continued interest in this location. Given the historical and contextual data, it is likely the user will return to place ID 1006."
40,1006,1006,"The user has a strong pattern of visiting place ID 1006, especially on weekdays and during morning hours. Recent context shows a visit to place ID 1006 on Tuesday evening, indicating continued interest in this location. Given the historical frequency and recent context, it is likely the user will return to place ID 1006."
40,1147,1006,"The user has a strong pattern of visiting place ID 1006 frequently, especially on weekdays and during morning hours. Recent context shows a visit to 1006 on Tuesday evening and Wednesday morning, indicating a continued preference for this location."
40,1006,1006,"The user has a strong pattern of visiting place ID 1006, especially on weekdays and mornings, as seen in both the history and context. Recent stays in the context also indicate a visit to place ID 1006, reinforcing its likelihood as the next destination."
40,1147,1006,"The user has a strong pattern of visiting place ID 1006 frequently, especially on weekdays and during morning hours. Recent context shows they visited this place again on Wednesday evening and Friday evening, indicating a continued preference for this location."
40,1144,1006,"The user has a strong pattern of visiting place ID 1006, especially on weekdays and during morning hours. Recent context shows visits to this place on Thursday and Friday mornings, indicating a likelihood of returning to this location."
40,1006,1006,"The user has a strong pattern of visiting place ID 1006, especially on weekdays and weekends, as seen in both the history and context. Recent stays in the context also indicate a return to this location, suggesting it is a preferred place for the user."
40,1,1006,"The user has a strong pattern of visiting place ID 1006 frequently, especially on Fridays and Saturdays, as seen in both the history and context. The recent context stay at 6:01 PM on Friday at place ID 1006 further supports this trend, indicating a likelihood of returning to this location."
40,1006,1006,"The user has a strong pattern of visiting place ID 1006 frequently, especially on weekdays and weekends, as seen in both the history and context. Recent stays in the context also indicate a visit to place ID 1006 on Friday and Saturday, suggesting a continued preference for this location."
40,1126,1006,"The user has a strong pattern of visiting place ID 1006 frequently, especially on weekends and Mondays, as seen in both the history and context. The recent context shows a visit to place ID 1006 on Saturday evening, indicating a likelihood of returning there."
40,1006,1006,"The user has a strong pattern of visiting place ID 1006 frequently, especially on weekdays and weekends, as seen in both the history and context. The recent context shows a visit to place ID 1006 on Saturday evening and Sunday night, indicating a continued preference for this location."
40,1147,1006,"The user has a strong pattern of visiting place ID 1006 frequently, especially on weekends and Mondays, as seen in both the history and context. The recent context stay at place ID 1006 on Saturday and Sunday further supports this trend, indicating a high likelihood of returning to this location."
40,1006,1006,"The user has a strong pattern of visiting place ID 1006 frequently, especially on weekdays and during morning hours. Recent context shows a visit to 1006 on Sunday evening, indicating continued interest in this location. The next likely visit aligns with their established routine."
40,1147,1006,"The user has a strong pattern of visiting place ID 1006 frequently, especially on weekdays and during morning hours. Recent context stays also indicate a visit to place ID 1006 on Tuesday and Wednesday, reinforcing its likelihood as the next destination."
40,1006,1006,"The user has a strong pattern of visiting place ID 1006 frequently, especially on weekdays and during morning hours. Recent context shows a visit to place ID 1006 on Tuesday evening, indicating continued interest. Given the historical and contextual data, it is likely the user will return to place ID 1006."
40,1147,1006,"The user has a strong pattern of visiting place ID 1006, especially on weekdays and during morning hours. Recent context shows they visited this place on Tuesday evening and Wednesday morning, indicating a likelihood of returning to this location."
40,1006,1006,"The user has a strong pattern of visiting place ID 1006, especially on Wednesdays and Mondays, as seen in both the history and context. Recent stays in the context also indicate visits to this place, reinforcing its likelihood as the next destination."
40,1147,1006,"The user has a strong pattern of visiting place ID 1006, especially on weekdays and during morning hours. Recent context shows they visited this place on Wednesday evening and Thursday morning, indicating a continued preference for this location."
40,1006,1006,"The user has a strong pattern of visiting place ID 1006, especially on weekdays and during morning hours. Recent context stays also indicate visits to this place, suggesting a likelihood of returning there next."
40,1147,1006,"The user has a strong pattern of visiting place ID 1006 frequently, especially on weekdays and during morning hours. Recent context stays also indicate visits to place ID 1006, reinforcing its likelihood as the next destination."
40,1006,1006,"The user has a strong pattern of visiting place ID 1006, especially on weekdays and during morning hours. Recent context shows a visit to place ID 1006 on Monday evening, indicating continued engagement with this location. Given the historical frequency and recent context, it is likely the user will return to place ID 1006."
40,1147,1006,"The user has a strong pattern of visiting place ID 1006 frequently, especially on weekdays and during morning hours. Recent context shows they visited this place on Monday and Tuesday evenings, indicating a continued preference for this location."
40,1006,1006,"The user has a strong pattern of visiting place ID 1006, especially on weekdays, including multiple visits on Tuesday and Wednesday. The recent context also shows a visit to place ID 1006 on Tuesday evening, indicating a continued preference for this location."
40,1147,1006,"The user has a strong pattern of visiting place ID 1006, especially on weekdays and during morning hours. Recent context shows they visited this place on Tuesday evening and Wednesday morning, indicating a likelihood of returning to this location."
40,1006,1006,"The user has a strong pattern of visiting place ID 1006, especially on Wednesdays and Thursdays, as seen in both the history and context. Recent stays in the context also indicate visits to this place, suggesting it is a likely next location."
40,1,1006,"The user has a strong pattern of visiting place ID 1006 frequently, especially on weekdays and during morning hours. Recent context also shows visits to this place, indicating a continued preference."
40,1006,1006,"The user has a strong pattern of visiting place ID 1006, especially on weekdays and during morning hours. Recent context shows a visit to place ID 1006 on Thursday evening, indicating continued interest in this location. Given the historical frequency and recent context, it is likely the user will return to place ID 1006."
40,1147,1006,"The user has a strong pattern of visiting place ID 1006 frequently, especially on weekdays and during morning hours. Recent context also shows a visit to place ID 1006 on Friday evening, indicating continued interest in this location."
40,1006,1006,"The user has a strong pattern of visiting place ID 1006, especially on weekdays and during morning hours. Recent context shows a visit to place ID 1006 on Friday evening, indicating a continued preference for this location."
40,1147,1006,"The user has a strong pattern of visiting place ID 1006 frequently, especially on weekdays and during morning hours. Recent context also shows a visit to place ID 1006 on Friday evening, indicating a continued preference for this location."
40,1006,1006,"The user has a strong pattern of visiting place ID 1006 frequently, especially on weekdays and during morning hours. Recent context shows a visit to this place on Tuesday, which aligns with their historical activity pattern, suggesting they are likely to return there next."
40,1147,1006,"The user has a strong pattern of visiting place ID 1006 frequently, especially on weekdays and during morning hours. Recent context stays also indicate visits to this place, reinforcing its likelihood as the next destination."
40,1006,1006,"The user has a strong pattern of visiting place ID 1006, especially on weekdays, including multiple visits on Wednesdays and Thursdays. The recent context also shows visits to place ID 1006, indicating a continued preference for this location."
40,1,1006,"The user has a strong pattern of visiting place ID 1006, especially on weekdays and during morning hours. Recent context shows they visited this place on Wednesday evening and Thursday evening, indicating a continued preference for this location."
40,1,1006,"The user has a strong pattern of visiting place ID 1006, especially on weekdays, including multiple visits on Thursday and Friday. The recent context also shows visits to this place, indicating a continued preference."
40,1,1006,"The user has a strong pattern of visiting place ID 1006, especially on weekdays and weekends, as seen in both the history and context. Recent stays in the context also indicate a return to this location, suggesting it is a preferred place."
40,1,1006,"The user has a strong pattern of visiting place ID 1006, especially on Fridays and Mondays, as seen in both the history and context. The recent context shows a visit to place ID 1006 on Friday at 5:54 PM, indicating a likelihood of returning to this place."
40,1,1006,"The user has a strong pattern of visiting place ID 1006, especially on weekdays and during the morning hours. Recent context shows a visit to place ID 1006 on Friday, indicating a continued preference for this location. Given the historical frequency and recent context, it is likely the user will return to place ID 1006."
40,1006,1,"The user has a strong pattern of visiting place ID 1 multiple times, especially on Mondays and Tuesdays, as seen in both the history and context. The recent context stays also indicate visits to place ID 1, suggesting a continued preference for this location."
40,332,1006,"The user has a strong pattern of visiting place ID 1006, especially on weekdays, including multiple visits on Mondays and Tuesdays. The recent context also shows a visit to place ID 1006 on Thursday, indicating a continued preference for this location."
40,1006,1006,"The user has a strong pattern of visiting place ID 1006, especially on weekdays around the same time as the context stays. The recent context shows a visit to place ID 1, but the historical data indicates a consistent preference for place ID 1006, particularly on Tuesdays and Thursdays."
40,960,1006,"The user has a strong pattern of visiting place ID 1006 frequently, especially on weekdays and during the morning and early afternoon. Recent context shows a visit to place ID 1006 on Thursday at 5:22 PM, indicating continued interest in this location. Given the user's history and recent activity, it is likely they will return to place ID 1006."
40,976,1006,"The user has a strong pattern of visiting place ID 1006, especially on weekdays and weekends, as seen in both the history and context. Recent stays in the context also indicate a return to this location, suggesting it is a preferred destination."
40,74,1006,"The user has a strong pattern of visiting place ID 1006, especially on weekdays and weekends, as seen in both the history and context. Recent stays in the context also indicate a return to this location, suggesting it is a preferred place for the user."
40,1006,1006,"The user has a strong pattern of visiting place ID 1006, especially on Fridays and Saturdays, as seen in both the history and context. The recent context shows a visit to place ID 1006 on Friday, which aligns with the user's historical preference for this location."
40,1147,1006,"The user has a strong pattern of visiting place ID 1006 frequently, especially on Fridays and Saturdays, as seen in both the history and context. The most recent context stay at 09:57 PM on Saturday is also at place ID 1006, indicating a continued preference for this location."
40,1006,1006,"The user has a strong pattern of visiting place ID 1006, especially on weekends and Mondays, as seen in both the history and context. The recent context shows a visit to place ID 1006 on Saturday evening, indicating a likelihood of returning to this familiar location."
40,1006,1006,"The user has a strong pattern of visiting place ID 1006 frequently, especially on weekends and Mondays. In the recent context, the user visited place ID 1006 again on Saturday evening, indicating a continued preference for this location. Given the historical and contextual data, it is likely that the user will return to place ID 1006."
40,1006,1006,"The user has a strong pattern of visiting place ID 1006 frequently, especially on weekends and Mondays, as seen in both the history and context. The recent context shows a visit to place ID 1006 on Saturday evening and Sunday evening, indicating a continued preference for this location."
40,1147,1006,"The user has a strong pattern of visiting place ID 1006 frequently, especially on weekends and Mondays, as seen in both the history and context. The recent context shows the user visited this place on Sunday and Monday, indicating a likelihood of returning there."
40,1147,1006,"The user has a strong pattern of visiting place ID 1006, especially on weekdays and during morning hours. Recent context shows they visited this place on Sunday and Monday, indicating a preference for it. Given the historical and contextual data, it's likely they will return to 1006."
40,1006,1006,"The user has a strong pattern of visiting place ID 1006 frequently, especially on weekdays and during morning hours. Recent context stays also indicate continued visits to this location, suggesting it is a preferred destination."
40,1147,1006,"The user has a strong pattern of visiting place ID 1006 frequently, especially on weekdays and during morning hours. Recent context stays also indicate visits to this place, reinforcing its likelihood as the next destination."
40,1006,1006,"The user has a strong pattern of visiting place ID 1006, especially on weekdays and mornings, as seen in both the history and context. Recent stays in the context also indicate a visit to place ID 1006 on Tuesday evening, suggesting a continued preference for this location."
40,1,1006,"The user has a strong pattern of visiting place ID 1006 frequently, especially on weekdays and during morning hours. Recent context shows a visit to place ID 1006 on Friday evening, indicating a continued preference for this location."
40,1006,1006,"The user has a strong pattern of visiting place ID 1006, especially on weekdays and during morning hours. Recent context shows a visit to place ID 1006 on Thursday evening, indicating continued interest in this location. Given the historical frequency and recent context, it is likely the user will return to place ID 1006."
40,1,1006,"The user has a strong pattern of visiting place ID 1006 frequently, especially on Fridays and during the morning hours. The recent context shows the user visited this place on Thursday evening and again on Friday evening, indicating a continued preference for this location."
40,1147,1006,"The user has a strong pattern of visiting place ID 1006 frequently, especially on Fridays and Saturdays, as seen in both the history and context. The recent context shows a visit to place ID 1006 on Friday evening, indicating a likelihood of returning to this place."
40,1,1006,"The user has a strong pattern of visiting place ID 1006 frequently, especially on weekdays and weekends, as seen in both the history and context. The recent context shows visits to 1006 on Friday, indicating a continued preference for this location."
40,1,1006,"The user has a strong pattern of visiting place ID 1006, especially on weekdays and weekends, as seen in both the history and context. Recent stays in the context also indicate a visit to place ID 1006 on Friday night, suggesting a continued preference for this location."
40,1,1006,"The user has a strong pattern of visiting place ID 1006 frequently, especially on weekdays and during morning hours. The recent context also shows a visit to place ID 1006 on Friday night, indicating continued interest in this location."
40,1147,1006,"The user has a strong pattern of visiting place ID 1006 frequently, especially on weekdays and during morning hours. Recent context shows a visit to place ID 1, but the historical data indicates a preference for place ID 1006, which is likely to be revisited next."
40,1006,1006,"The user has a strong pattern of visiting place ID 1006 frequently, especially on weekdays, including multiple visits on Mondays and Wednesdays. The recent context also shows a visit to place ID 1147, but the historical data indicates a stronger preference for 1006, particularly during morning hours."
40,1,1006,"The user has a strong pattern of visiting place ID 1006 frequently, especially on weekdays and weekends, as seen in both the history and context. The recent context shows a visit to place ID 1006 on Friday evening, indicating a continued preference for this location."
40,1006,1006,"The user has a strong pattern of visiting place ID 1006, especially on weekdays and weekends, as seen in both the history and context. Recent stays in the context also indicate a visit to place ID 1006 on Friday evening, suggesting a likelihood of returning there."
40,961,1006,"The user has a strong pattern of visiting place ID 1006 frequently, especially on weekdays and weekends, as seen in both the history and context. Recent stays in the context also indicate a visit to place ID 1006 on Friday evening, suggesting a continuation of this pattern."
40,1147,1006,"The user has a strong pattern of visiting place ID 1006 frequently, especially on Fridays and Sundays, as seen in both the history and context. The recent context shows a visit to place ID 1006 on Friday evening, indicating a likelihood of returning to this place."
40,1147,1006,"The user has a strong pattern of visiting place ID 1006 frequently, especially on weekdays and during morning hours. The recent context also shows a visit to place ID 1006 on Friday evening, indicating continued interest in this location."
40,1006,1006,"The user has a strong pattern of visiting place ID 1006 frequently, especially on weekdays and weekends. Recent context shows a visit to this place on Saturday night, indicating a continued preference for this location. Given the historical and contextual data, it is likely the user will return to place ID 1006."
40,1147,1006,"The user has a strong pattern of visiting place ID 1006 frequently, especially on weekdays and during morning hours. Recent context shows a stay at place ID 1006 on Saturday night, indicating continued preference for this location. Given the historical and contextual data, it is likely the user will return to place ID 1006."
40,1147,1006,"The user has a strong pattern of visiting place ID 1006 frequently, especially on weekdays and during morning hours. Recent context shows a visit to place ID 1006 on Tuesday night, indicating a continued preference for this location. Given the historical and contextual data, it is likely the user will return to place ID 1006."
40,1,1006,"The user has a strong pattern of visiting place ID 1006 frequently, especially on weekdays during morning hours. Recent context stays also indicate a visit to place ID 1006 on Tuesday night, suggesting a continued preference for this location."
40,375,1006,"The user has a strong pattern of visiting place ID 1006, especially on weekdays and during morning hours. Recent context shows a visit to place ID 1006 on Tuesday at 11:17 PM, indicating continued engagement with this location. Given the historical frequency and recent context, it is likely the user will return to place ID 1006."
40,1006,1006,"The user has a strong pattern of visiting place ID 1006, especially on weekdays and during morning hours. Recent context shows a visit to 1006 on Tuesday night, indicating continued preference for this location. Given the historical frequency and recent activity, 1006 is the most likely next place."
40,1147,1006,"The user has a strong pattern of visiting place ID 1006, especially on weekdays and Sundays, as seen in both the history and context. The recent context shows a visit to place ID 1006 on Sunday, which aligns with their frequent visits, suggesting they are likely to return there next."
40,1,1006,"The user has a strong pattern of visiting place ID 1006, especially on Sundays and Mondays, as seen in both the history and context. The recent context shows a visit to place ID 1006 on Sunday at 4:24 PM, indicating a likelihood of returning to this place."
40,1006,1006,"The user has a strong pattern of visiting place ID 1006 frequently, especially on Sundays and Mondays, as seen in both the history and context. The recent context shows a visit to place ID 1006 at 4:24 PM on Sunday, indicating a continued preference for this location."
40,1006,1006,"The user has a strong pattern of visiting place ID 1006 frequently, especially on Mondays and Sundays, as seen in both the history and context. The recent context shows a visit to place ID 1006 on Monday at 10:58 PM, indicating a continued preference for this location."
40,1147,1006,"The user has a strong pattern of visiting place ID 1006, especially on weekdays and during morning hours. Recent context shows a visit to 1006 on Sunday and Monday, indicating a continued preference for this location."
40,1006,1006,"The user has a strong pattern of visiting place ID 1006, especially on weekdays and during morning hours. Recent context shows a visit to 1006 on Monday evening, indicating continued interest in this location. Given the historical frequency and recent context, 1006 is the most likely next place."
40,1147,1006,"The user has a strong pattern of visiting place ID 1006, especially on weekdays and during morning hours. Recent context shows visits to this place, indicating a continued preference. The last recorded context stay was at 5:51 PM on Wednesday, suggesting the user is likely to return to 1006 soon."
40,1147,1006,"The user has a strong pattern of visiting place ID 1006 frequently, especially on weekdays and during morning hours. Recent context stays also indicate continued visits to this place, reinforcing its likelihood as the next location."
40,1006,1006,"The user has a strong pattern of visiting place ID 1006 frequently, especially on weekdays and during morning hours. Recent context shows a visit to place ID 1006 on Tuesday evening and again on Wednesday morning, indicating a continued preference for this location."
40,960,1006,"The user has a strong pattern of visiting place ID 1006, especially on weekdays and during morning hours. Recent context shows a visit to place ID 1006 on Wednesday at 5:51 PM, indicating continued engagement with this location. Given the historical frequency and recent context, it is likely the user will return to place ID 1006."
40,1147,1006,"The user has a strong pattern of visiting place ID 1006, especially on weekdays and during morning hours. Recent context shows a visit to 1006 on Wednesday evening, indicating a continued preference for this location."
40,1006,1006,"The user has a strong pattern of visiting place ID 1006, especially on weekdays and during morning hours. Recent context shows a visit to place ID 1006 on Friday evening, indicating a continued preference for this location."
40,1147,1006,"The user has a strong pattern of visiting place ID 1006, especially on Fridays and Mondays, as seen in both the history and context. Recent stays in the context also indicate a visit to place ID 1006 on Friday evening, reinforcing the likelihood of returning to this location."
40,1006,1006,"The user has a strong pattern of visiting place ID 1006 frequently, especially on weekdays and during morning hours. Recent context shows a visit to place ID 1006 on Friday evening and Monday evening, indicating a continued preference for this location."
40,1147,1006,"The user has a strong pattern of visiting place ID 1006, especially on weekdays and during morning hours. Recent context shows a visit to place ID 1006 on Monday evening, indicating continued engagement with this location. Given the historical frequency and recent context, it is likely the user will return to place ID 1006."
40,1006,1006,"The user has a strong pattern of visiting place ID 1006, especially on weekdays, including multiple visits on Mondays and Tuesdays. The recent context also shows visits to place ID 1006, indicating a continued preference for this location."
40,1147,1006,"The user has a strong pattern of visiting place ID 1006, especially on weekdays and during morning hours. Recent context shows they visited this place on Monday and Tuesday, indicating a continued preference for this location."
40,1006,1006,"The user has a strong pattern of visiting place ID 1006, especially on weekdays, including multiple visits on Tuesday and Wednesday. The recent context also shows a visit to place ID 1006 on Tuesday evening, indicating a continued preference for this location."
40,1147,1006,"The user has a strong pattern of visiting place ID 1006, especially on weekdays and mornings, as seen in both the history and context. Recent stays in the context also indicate a visit to place ID 1006 on Tuesday and Wednesday, reinforcing its likelihood as the next destination."
40,1006,1006,"The user has a strong pattern of visiting place ID 1006, especially on weekdays and during morning hours. Recent context shows a visit to place ID 1006 on Wednesday evening, indicating continued interest in this location. Given the historical frequency and recent context, it is likely the user will return to place ID 1006."
40,993,1006,"The user has a strong pattern of visiting place ID 1006, especially on weekdays and during morning hours. Recent context stays also indicate visits to this place, reinforcing its likelihood as the next destination."
40,993,1006,"The user has a strong pattern of visiting place ID 1006 frequently, especially on weekdays and during morning hours. Recent context shows a visit to place ID 1006 on Thursday at 5:58 PM, indicating continued engagement with this location. Given the historical and contextual data, it is likely the user will return to place ID 1006."
40,1147,1006,"The user has a strong pattern of visiting place ID 1006 frequently, especially on weekdays and weekends, as seen in both the history and context. Recent stays in the context also indicate a return to this location, suggesting it is a preferred destination."
40,1006,1006,"The user has a strong pattern of visiting place ID 1006 frequently, especially on weekdays and weekends. Recent context shows a visit to place ID 1006 on Friday, which aligns with their historical activity pattern of returning to this location. Therefore, it is likely that the user will continue this trend and visit place ID 1006 next."
40,1006,1006,"The user has a strong pattern of visiting place ID 1006 frequently, especially on weekdays and weekends, as seen in both the history and context. The most recent context stay at place ID 1006 on Tuesday suggests a continued preference for this location."
40,1147,1006,"The user has a strong pattern of visiting place ID 1006 frequently, especially on weekdays and weekends, as seen in both the history and context. Recent stays in the context also indicate a return to this place, suggesting it is a likely next location."
40,1147,1006,"The user has a strong pattern of visiting place ID 1006 frequently, especially on weekdays and during morning hours. Recent context shows a visit to this place on Tuesday and Wednesday, indicating a continued preference for this location."
40,1147,1006,"The user has a strong pattern of visiting place ID 1006, especially on weekdays and during morning hours. Recent context shows visits to this place, indicating a continued preference for it."
40,1006,1006,"The user has a strong pattern of visiting place ID 1006, especially on weekdays and during morning hours. Recent context shows they visited this place on Tuesday and Wednesday evenings, indicating a continued preference for this location."
40,1147,1006,"The user has a strong pattern of visiting place ID 1006, especially on weekdays and mornings, as seen in both the history and context. Recent stays in the context also indicate a visit to this place, reinforcing its likelihood as the next destination."
40,1006,1006,"The user has a strong pattern of visiting place ID 1006, especially on weekdays and during morning hours. Recent context shows a visit to place ID 1147, but the user frequently returns to 1006 after visiting 1147, indicating a preference for this location."
40,1147,1006,"The user has a strong pattern of visiting place ID 1006, especially on weekdays and during morning hours. Recent context shows a visit to place ID 1006 on Tuesday evening, indicating continued engagement with this location. Given the historical frequency and recent context, it is likely the user will return to place ID 1006."
40,1006,1006,"The user has a strong pattern of visiting place ID 1006, especially on weekdays, including multiple visits on Tuesday and Wednesday. The recent context also shows visits to place ID 1006, indicating a continued preference for this location."
40,1147,1006,"The user has a strong pattern of visiting place ID 1006, especially on weekdays and during morning hours. Recent context shows visits to this place, indicating a continued preference. The last recorded context visit was on Thursday evening, suggesting a likelihood of returning to this place soon."
40,327,1006,"The user has a strong pattern of visiting place ID 1006, especially on weekdays, including multiple visits on Wednesdays and Thursdays. The recent context also shows visits to place ID 1006, indicating a continued preference for this location."
40,1006,1006,"The user has a strong pattern of visiting place ID 1006 frequently, especially on weekdays and during morning hours. Recent context stays also indicate visits to this place, reinforcing its likelihood as the next destination."
40,1147,1006,"The user has a strong pattern of visiting place ID 1006, especially on weekdays and during morning hours. Recent context shows a visit to place ID 1006 on Thursday at 5:58 PM, indicating continued engagement with this location. Given the historical frequency and recent context, it is likely the user will return to place ID 1006."
40,1147,1006,"The user has a strong pattern of visiting place ID 1006, especially on weekdays and during morning hours. Recent context shows a visit to 1006 on Thursday evening and Monday evening, indicating a continued preference for this location."
40,1006,1006,"The user has a strong pattern of visiting place ID 1006 frequently, especially on weekdays and during morning hours. Recent context shows a visit to place ID 1006 on Monday at 5:59 PM, indicating continued engagement with this location. Given the historical and contextual data, it is likely the user will return to place ID 1006 next."
40,1147,1006,"The user has a strong pattern of visiting place ID 1006, especially on weekdays and during morning hours. Recent context shows a visit to 1006 on Monday evening, indicating a continued preference for this location."
40,1006,1006,"The user has a strong pattern of visiting place ID 1006 frequently, especially on weekdays and during morning hours. Recent context shows a visit to 1006 on Monday evening, indicating a continued preference for this location."
40,1147,1006,"The user has a strong pattern of visiting place ID 1006, especially on weekdays and during morning hours. Recent context shows a visit to place ID 1006 on Wednesday at 11:47 PM, indicating continued engagement with this location. Given the historical frequency and recent context, it is likely the user will return to place ID 1006."
40,1147,1006,"The user has a strong pattern of visiting place ID 1006, especially on weekdays, including multiple visits on Wednesday and Thursday. The recent context also shows a stay at place ID 1006, indicating a continued preference for this location."
40,1147,1006,"The user has a strong pattern of visiting place ID 1006 frequently, especially on weekdays and during morning hours. Recent context also shows a visit to place ID 1006 on Thursday evening, indicating continued interest in this location."
40,1006,1006,"The user has a strong pattern of visiting place ID 1006 frequently, especially on weekdays and during morning hours. Recent context shows a visit to place ID 1006 on Thursday at 6:06 PM, indicating continued interest in this location. Given the historical data and recent context, it is likely the user will return to place ID 1006."
40,1147,1006,"The user has a strong pattern of visiting place ID 1006, especially on weekdays and mornings, as seen in both the history and context. Recent stays in the context also indicate a visit to place ID 1006 on Tuesday evening, reinforcing its likelihood as the next destination."
40,1006,1006,"The user has a strong pattern of visiting place ID 1006 frequently, especially on weekdays and during morning hours. Recent context stays also indicate a visit to place ID 1006 on Tuesday evening, suggesting a continued preference for this location."
40,1147,1006,"The user has a strong pattern of visiting place ID 1006, especially on weekdays, including multiple visits on Mondays and Wednesdays. The recent context also shows a visit to place ID 1006 on Tuesday evening, indicating a continued preference for this location."
40,1006,1006,"The user has a strong pattern of visiting place ID 1006, especially on weekdays, including multiple visits on Tuesday and Wednesday. The recent context also shows a visit to place ID 1006 on Tuesday evening, indicating a continued preference for this location."
40,1147,1006,"The user has a strong pattern of visiting place ID 1006 frequently, especially on weekdays and during morning hours. Recent context shows they visited this place on Tuesday evening and Wednesday morning, indicating a continued preference for this location."
40,1,1006,"The user has a strong pattern of visiting place ID 1006 frequently, especially on weekdays and during morning hours. Recent context stays also indicate visits to this place, reinforcing its likelihood as the next destination."
40,1006,1006,"The user has a strong pattern of visiting place ID 1006, especially on weekdays and during morning hours. Recent context shows they visited this place on Wednesday evening and Thursday evening, indicating a continued preference for this location."
40,1147,1006,"The user has a strong pattern of visiting place ID 1006 frequently, especially on weekdays and during morning hours. Recent context shows a visit to place ID 1006 on Thursday evening, indicating continued interest in this location."
40,1006,1006,"The user has a strong pattern of visiting place ID 1006 frequently, especially on weekdays and weekends, as seen in both the history and context. Recent stays in the context also indicate a visit to place ID 1006 on Thursday evening and Friday evening, suggesting a continued preference for this location."
40,1006,1006,"The user has a strong pattern of visiting place ID 1006 frequently, especially on weekdays and weekends, as seen in both the history and context. Recent stays in the context also indicate a visit to place ID 1006 on Friday evening, reinforcing the likelihood of returning there."
40,1,1006,"The user has a strong pattern of visiting place ID 1006 frequently, especially on weekends and Mondays, as seen in both the history and context. Recent stays in the context also indicate visits to this place, reinforcing its likelihood as the next destination."
40,1006,1006,"The user has a strong pattern of visiting place ID 1006 frequently, especially on weekdays and weekends. Recent context shows they visited this place on Friday and Saturday, indicating a continued preference for this location."
40,946,1006,"The user has a strong pattern of visiting place ID 1006, especially on weekdays and weekends, as seen in both the history and context. Recent stays in the context also indicate visits to this place, reinforcing its likelihood as the next destination."
40,946,1006,"The user has a strong pattern of visiting place ID 1006 frequently, especially on weekdays and weekends, as seen in both the history and context. Recent stays in the context also indicate visits to place ID 1006, suggesting a continued preference for this location."
40,1006,1006,"The user has a strong pattern of visiting place ID 1006, especially on weekdays and during various times of the day. Recent context shows a visit to place ID 1006 on Monday evening, indicating a continued preference for this location. Given the historical frequency and recent activity, it is likely the user will return to place ID 1006."
40,1,1006,"The user has a strong pattern of visiting place ID 1006 frequently, especially on Mondays and Tuesdays, as seen in both the history and context. The recent context shows a visit to place ID 1006 on Monday evening, indicating a likelihood of returning to this place."
40,1158,1006,"The user has a strong pattern of visiting place ID 1006, especially on weekdays and during the morning hours. Recent context shows a visit to place ID 1006 on Tuesday evening, indicating continued interest. Given the historical frequency and recent context, it is likely the user will return to place ID 1006."
40,1,1006,"The user has a strong pattern of visiting place ID 1006, especially on Wednesdays and Tuesdays, as seen in both the history and context. The recent context shows a visit to place ID 1006 on Tuesday evening, indicating a likelihood of returning to this place."
40,1006,1006,"The user has a strong pattern of visiting place ID 1006, especially on Wednesdays and Tuesdays, as seen in both the history and context. The recent context shows a visit to place ID 1006 on Tuesday evening, indicating a likelihood of returning to this familiar location."
40,1,1006,"The user has a strong pattern of visiting place ID 1006 frequently, especially on Wednesdays and during the morning hours. The recent context shows a visit to place ID 1006 on Tuesday evening and multiple visits on Wednesday, indicating a continued preference for this location."
40,1006,1006,"The user has a strong pattern of visiting place ID 1006, especially on Wednesdays and Thursdays, as seen in both the history and context. The recent context stay at 6:37 PM on Wednesday at place ID 1006 further supports this trend, indicating a likelihood of returning to this location."
40,1147,1006,"The user has a strong pattern of visiting place ID 1006 frequently, especially on Wednesdays and Thursdays, as seen in both the history and context. The recent context stay at place ID 1006 at 6:37 PM on Wednesday further supports this trend, indicating a likelihood of returning to this location."
40,1006,1006,"The user has a strong pattern of visiting place ID 1006, especially on Wednesdays and Thursdays, as seen in both the history and context. Recent stays in the context also indicate a visit to place ID 1006, suggesting a continued preference for this location."
40,1147,1006,"The user has a strong pattern of visiting place ID 1006 frequently, especially on weekdays and during morning hours. Recent context shows they visited this place again on Wednesday evening and Thursday morning, indicating a continued preference for this location."
40,1006,1006,"The user has a strong pattern of visiting place ID 1006, especially on weekdays and weekends, with multiple visits recorded in both the history and context. The recent context shows a visit to place ID 1006 on Thursday evening, indicating a likelihood of returning there."
40,961,1006,"The user has a strong pattern of visiting place ID 1006 frequently, especially on weekdays and weekends, as seen in both the history and context. Recent stays in the context also indicate a visit to place ID 1006, suggesting a continued preference for this location."
40,1006,1006,"The user has a strong pattern of visiting place ID 1006 frequently, especially on Fridays and Saturdays, as seen in both the history and context. The recent context shows a visit to place ID 1006 on Friday at 6:20 PM, indicating a likelihood of returning to this place."
40,1,1006,"The user has a strong pattern of visiting place ID 1006 frequently, especially on Saturdays and Fridays, as seen in both the history and context. The recent context shows multiple visits to place ID 1006, indicating a high likelihood of returning there."
40,1006,1006,"The user has a strong pattern of visiting place ID 1006 frequently, especially on Saturdays and Sundays, as seen in both the history and context. The recent context shows a visit to place ID 1006 on Saturday at 8:06 PM, indicating a continued preference for this location."
40,1147,1006,"The user has a strong pattern of visiting place ID 1006 frequently, especially on weekends and Mondays. The recent context shows a visit to place ID 1006 on Saturday and Sunday, indicating a continued preference for this location."
40,1006,1006,"The user has a strong pattern of visiting place ID 1006 frequently, especially on weekends and Mondays, as seen in both the history and context. The recent context shows a visit to place ID 1006 on Saturday evening, indicating a continued preference for this location."
40,1,1006,"The user has a strong pattern of visiting place ID 1006 frequently, especially on weekdays and weekends. Recent context shows they visited this place on Saturday and Sunday, indicating a continued preference for this location."
40,1006,1006,"The user has a strong pattern of visiting place ID 1006 frequently, especially on weekdays and during morning hours. Recent context shows a visit to place ID 1006 on Sunday evening, indicating continued interest. Given the historical data and recent context, it is likely the user will return to place ID 1006."
40,1,1006,"The user has a strong pattern of visiting place ID 1006, especially on weekdays and during morning hours. Recent context shows a visit to this place on Sunday evening and Monday morning, indicating a continued preference for this location."
40,1006,1006,"The user has a strong pattern of visiting place ID 1006, especially on weekdays and during morning hours. Recent context shows a visit to place ID 1006 on Monday evening, indicating a continued preference for this location."
40,1,1006,"The user has a strong pattern of visiting place ID 1006 frequently, especially on weekdays and during morning hours. Recent context stays also indicate a visit to place ID 1006 on Monday evening and Tuesday evening, suggesting a continued preference for this location."
40,1006,1006,"The user has a strong pattern of visiting place ID 1006, especially on weekdays and during morning hours. Recent context shows a visit to place ID 1006 on Tuesday evening, indicating continued interest. Given the historical frequency and recent context, it's likely the user will return to place ID 1006."
40,1006,1006,"The user has a strong pattern of visiting place ID 1006 frequently, especially on weekdays and during morning hours. Recent context shows they visited this place on Tuesday evening and Wednesday morning, indicating a continued preference for this location."
40,1147,1006,"The user has a strong pattern of visiting place ID 1006, especially on Tuesdays, where they have visited it multiple times in the past. The recent context also shows a visit to place ID 1006 on Tuesday evening, indicating a continuation of this pattern."
40,1136,1006,"The user has a strong pattern of visiting place ID 1006, especially on Tuesdays and Wednesdays, as seen in both the history and context. The recent context shows a visit to place ID 1006 on Tuesday evening, indicating a likelihood of returning to this place."
40,1147,1006,"The user has a strong pattern of visiting place ID 1006, especially on weekdays and during the morning and early afternoon. Recent context shows a visit to place ID 1006 on Tuesday evening, indicating a continued preference for this location."
40,1006,1006,"The user has a strong pattern of visiting place ID 1006, especially on weekdays and during morning hours. Recent context shows a visit to this place on Tuesday evening, indicating a continued preference for this location."
40,1,1006,"The user has a strong pattern of visiting place ID 1006, especially on weekdays and during morning hours. Recent context shows a visit to 1006 on Tuesday evening, indicating continued interest in this location. Given the historical frequency and recent activity, it is likely the user will return to 1006."
40,1159,1006,"The user has a strong pattern of visiting place ID 1006 frequently, especially on weekdays and weekends. Recent context shows a visit to place ID 1006 on Friday evening, indicating a continued preference for this location."
40,1,1006,"The user has a strong pattern of visiting place ID 1006 frequently, especially on weekdays and weekends. Recent context shows a visit to place ID 1006 on Friday evening, indicating a continued preference for this location. Given the historical and contextual data, it is likely the user will return to place ID 1006 next."
40,1,1006,"The user has a strong pattern of visiting place ID 1006, especially on Fridays and Sundays, as seen in both the history and context. The recent context shows a visit to place ID 1006 on Friday, which aligns with the user's previous activity patterns, making it the most likely next location."
40,1,1006,"The user has a strong pattern of visiting place ID 1006 frequently, especially on weekends and Mondays, as seen in both the history and context. The recent context shows a visit to place ID 1006 on Friday, indicating a continued preference for this location."
40,1,1,"The user has a strong pattern of visiting place ID 1 multiple times on Sundays, including recent stays in the context data. Given the recent activities and the historical preference for this place on Sundays, it is the most likely next location."
40,1,1,"The user has a strong pattern of visiting place ID 1 multiple times on Sundays, including recent stays in the context data. This suggests a high likelihood of returning to this location."
40,1,1,"The user has a strong pattern of visiting place ID 1 on Sundays, with multiple stays recorded in both history and context. The recent context shows continued visits to place ID 1, indicating a likelihood of returning there."
40,1,1,"The user has a strong pattern of visiting place ID 1 multiple times on Sundays, including recent visits in the context data. This suggests a high likelihood of returning to place ID 1."
40,1,1,"The user has a strong pattern of visiting place ID 1 on Sundays and Mondays, as seen in both the history and context. Recent context stays also indicate continued visits to place ID 1, suggesting it is a likely next location."
40,1,1,"The user has a strong pattern of visiting place ID 1 on Sundays and Mondays, as seen in both the history and context. The recent context shows multiple visits to place ID 1 on Monday, indicating a likelihood of returning there."
40,1,1,"The user has shown a strong pattern of visiting place ID 1 multiple times on Mondays, including recent stays in the context data. This suggests a likelihood of returning to this location."
40,1,1,"The user has a strong pattern of visiting place ID 1 multiple times on Mondays, including recent stays in the context data. This suggests a likelihood of returning to this location."
40,1,1,"The user has shown a strong pattern of visiting place ID 1 multiple times on Mondays, including recent stays in the context data. This suggests a likelihood of returning to this location."
40,1,1,"The user has shown a strong pattern of visiting place ID 1 multiple times on Mondays, including recent stays in the context data. This suggests a high likelihood of returning to place ID 1."
40,1,1,"The user has a strong pattern of visiting place ID 1 multiple times on Mondays, including recent visits in the context data. This suggests a high likelihood of returning to this location."
40,1,1,"The user has a strong pattern of visiting place ID 1 multiple times on Mondays and Tuesdays, including recent visits in the context data. This suggests a high likelihood of returning to place ID 1."
40,1,1,"The user has a strong pattern of visiting place ID 1 frequently, especially on Mondays and Tuesdays, as seen in both the history and context. The recent context stays also indicate visits to place ID 1, suggesting a continued preference for this location."
40,1,1,"The user has a strong pattern of visiting place ID 1 multiple times on Sundays and Mondays, and the recent context shows they visited place ID 1 on both Monday and Tuesday. Given the recent activity and the historical preference for this location, it is likely they will return to place ID 1."
40,1,1,"The user has shown a strong pattern of visiting place ID 1 multiple times on Tuesdays and Wednesdays, including recent stays in the context data. This suggests a high likelihood of returning to this location."
40,1,1,"The user has a strong pattern of visiting place ID 1 multiple times on Wednesdays and Tuesdays, including recent visits in the context data. Given the historical and contextual stays, it is likely that the user will return to place ID 1."
40,1,1,"The user has a strong pattern of visiting place ID 1 multiple times on Wednesdays, including recent visits in the context data. Given the current day is Wednesday and the user has been to place ID 1 recently, it is likely they will return there."
40,1,1,"The user has a strong pattern of visiting place ID 1 multiple times on Wednesdays, including recent stays in the context data. Given the current day is Wednesday and the user has been to place ID 1 recently, it is likely they will return there."
40,1,1,"The user has shown a strong pattern of visiting place ID 1 multiple times on Wednesdays, including recent stays in the context data. This suggests a likelihood of returning to this location soon."
40,1,1,"The user has a strong pattern of visiting place ID 1 multiple times on Wednesdays and Thursdays, including recent stays in the context data. Given the recent visits to place ID 1 in the context, it is likely that the user will continue this pattern."
40,1,1,"The user has a strong pattern of visiting place ID 1 multiple times on Wednesdays and Thursdays, including recent stays in the context data. This suggests a likelihood of returning to this location soon."
40,1,1,"The user has shown a strong pattern of visiting place ID 1 multiple times on Thursdays, including recent stays in the context data. Given the historical and contextual evidence, it is likely that the user will continue to visit place ID 1."
40,1,1,"The user has a strong pattern of visiting place ID 1 multiple times on Wednesdays and Thursdays, including recent stays in the context data. The last recorded context stay was at 12:02 PM on Friday at place ID 1, indicating a continued preference for this location."
40,1,1,"The user has a strong pattern of visiting place ID 1 multiple times on Thursdays and Fridays, as seen in both the history and context. The recent context stays also indicate continued visits to place ID 1, suggesting it is likely the next location."
40,1,1,"The user has a strong pattern of visiting place ID 1 frequently, especially on Fridays and late evenings. The recent context shows multiple stays at place ID 1, indicating a continued preference for this location."
40,1,1,"The user has a strong pattern of visiting place ID 1 multiple times on Fridays, including recent stays in the context data. The last recorded stay in the context is also at place ID 1, indicating a likelihood of returning there."
40,1,1,"The user has a strong pattern of visiting place ID 1 multiple times on Fridays, including recent visits in the context data. Given the current day is Friday and the user has just visited place ID 1 at 12:02 PM, it is likely they will continue to stay at this location."
40,1,1,"The user has shown a strong pattern of visiting place ID 1 multiple times on Fridays and Saturdays, as seen in both the history and context. The recent context stays also indicate continued visits to place ID 1, suggesting it is likely the next destination."
40,1,1,"The user has a strong pattern of visiting place ID 1 frequently, especially on weekends and Fridays, as seen in both the history and context. The recent context shows multiple visits to place ID 1 on Friday and Saturday, indicating a likelihood of returning there."
40,1,1,"The user has shown a strong pattern of visiting place ID 1 multiple times on weekends, particularly on Fridays and Saturdays. The recent context also indicates multiple stays at place ID 1 on Saturday, suggesting a continued preference for this location."
40,1,1,"The user has a strong pattern of visiting place ID 1 multiple times on Sundays and Saturdays, as seen in both the history and context. The recent context shows continued visits to place ID 1 on Saturday, indicating a likelihood of returning there."
40,1,1,"The user has a strong pattern of visiting place ID 1 multiple times on weekends, including recent stays on Saturday and Sunday in the context data. Given the recent activity and the user's history of frequent visits to this place, it is likely they will return to place ID 1."
40,1,1,"The user has a strong pattern of visiting place ID 1 on Sundays, with multiple stays recorded in both the history and context. Recent context stays also indicate continued visits to place ID 1, suggesting it is a likely next location."
40,1,1,"The user has a strong pattern of visiting place ID 1 on Sundays, with multiple stays recorded in both history and context. The recent context shows visits to place ID 1 on Saturday and Sunday, indicating a likelihood of returning to this familiar location."
40,1,1,"The user has a strong pattern of visiting place ID 1 on Sundays, with multiple stays recorded. The recent context also shows visits to place ID 1 on Saturday and Sunday, indicating a continued preference for this location. Given the historical and contextual data, it is likely that the user will return to place ID 1."
40,1,1,"The user has a strong pattern of visiting place ID 1 on Sundays, with multiple stays recorded in both history and context. The recent context shows additional visits to place ID 1 on Sunday, indicating a continued preference for this location."
40,1,1,"The user has a strong pattern of visiting place ID 1 on Sundays, with multiple stays recorded in both history and context. The recent context shows visits to place ID 1 on Sunday, indicating a likelihood of returning there."
40,1,1,"The user has a strong pattern of visiting place ID 1 on Sundays and Mondays, as seen in both the history and context. The recent context shows multiple visits to place ID 1 on Monday, indicating a likelihood of returning there."
40,1,1,"The user has shown a strong pattern of visiting place ID 1 multiple times on Mondays, including recent stays in the context data. This suggests a likelihood of returning to this location."
40,1,1,"The user has a strong pattern of visiting place ID 1 multiple times on Mondays, including recent visits in the context data. This suggests a high likelihood of returning to this location."
40,1,1,"The user has a strong pattern of visiting place ID 1 on Mondays, as seen in both the history and context data. In the context, the user visited place ID 1 multiple times on Monday, indicating a likely continuation of this pattern."
40,1,1,"The user has shown a strong pattern of visiting place ID 1 multiple times on Mondays, including recent visits in the context data. This suggests a high likelihood of returning to this location."
40,1,1,"The user has shown a strong pattern of visiting place ID 1 multiple times on Mondays, including recent stays in the context data. This suggests a likelihood of returning to this location."
40,1,1,"The user has a strong pattern of visiting place ID 1 multiple times on Sundays and Mondays, including recent stays in the context data. The last recorded context stay was at 09:47 AM on Tuesday at place ID 1, indicating a continued preference for this location."
40,1,1,"The user has a strong pattern of visiting place ID 1 multiple times on Mondays and Tuesdays, including recent visits in the context data. This suggests a likelihood of returning to this location."
40,1,1,"The user has a strong pattern of visiting place ID 1 on multiple occasions, particularly on Sundays and Mondays. The recent context shows the user has visited place ID 1 multiple times on Monday and Tuesday, indicating a continued preference for this location."
40,1,1,"The user has a strong pattern of visiting place ID 1 multiple times on Sundays and Mondays, and the recent context shows they visited place ID 1 on Monday night and Tuesday morning. This suggests a continued preference for this location."
40,1,1,"The user has a strong pattern of visiting place ID 1 multiple times on Tuesdays, including recent stays in the context data. Given the historical and contextual evidence, it is likely they will return to place ID 1."
40,1,1,"The user has a strong pattern of visiting place ID 1 on multiple occasions, particularly on Wednesdays and Tuesdays. The recent context also shows multiple stays at place ID 1 on Tuesday, indicating a continued preference for this location."
40,1147,1,"The user has a strong pattern of visiting place ID 1 frequently, especially on Wednesdays and Saturdays. The recent context shows multiple stays at place ID 1 on Tuesday, indicating a continued preference for this location."
40,770,1006,"The user has a strong pattern of visiting place ID 1006, especially on weekdays and during morning hours. Recent context shows a visit to place ID 1, but the historical data indicates a preference for place ID 1006, which has been visited multiple times on similar days and times."
40,1014,1006,"The user has a strong pattern of visiting place ID 1006 frequently, especially on weekdays and during morning hours. Recent context shows a visit to place ID 1, but the historical data indicates a preference for place ID 1006, which aligns with their established routine."
40,1030,1006,"The user has a strong pattern of visiting place ID 1006 frequently, especially on Wednesdays and Saturdays, as seen in both the history and context. The recent context stays also indicate a visit to place ID 1, but the historical data shows a consistent preference for place ID 1006, making it the most likely next location."
40,1006,1006,"The user has a strong pattern of visiting place ID 1006 frequently, especially on Wednesdays and during morning hours. The recent context shows a visit to place ID 1 on Saturday, but the overall trend indicates that the user is likely to return to their most visited location, which is 1006."
40,1147,1006,"The user has a strong pattern of visiting place ID 1006 frequently, especially on Wednesdays and during morning hours. The recent context shows a visit to place ID 1006 at 5:16 PM on Wednesday, indicating a continued preference for this location."
40,1006,1006,"The user has a strong pattern of visiting place ID 1006 frequently, especially on Wednesdays and Thursdays, as seen in both the history and context. The recent context stay at 5:16 PM on Wednesday at place ID 1006 further supports this trend, indicating a likelihood of returning to this location."
40,1147,1006,"The user has a strong pattern of visiting place ID 1006 frequently, especially on Wednesdays and Thursdays, as seen in both the history and context. The recent context stay at 5:16 PM on Wednesday at place ID 1006 further supports this trend, indicating a likelihood of returning to this location."
40,1147,1006,"The user has a strong pattern of visiting place ID 1006 frequently, especially on weekdays and during morning hours. Recent context shows a visit to place ID 1006 on Tuesday evening, indicating continued interest in this location."
40,1147,1006,"The user has a strong pattern of visiting place ID 1006 frequently, especially on weekdays and during morning hours. Recent context shows a visit to place ID 1006 on Tuesday evening, indicating continued interest in this location. Given the historical data and recent context, it is likely the user will return to place ID 1006."
40,1147,1006,"The user has a strong pattern of visiting place ID 1006, especially on weekdays and during morning hours. Recent context shows a visit to this place on Tuesday morning, indicating a continued preference for this location."
40,1006,1006,"The user has a strong pattern of visiting place ID 1006 frequently, especially on weekdays and during morning hours. Recent context shows a visit to this place on Tuesday evening, indicating continued interest. Given the historical data and recent context, it is likely the user will return to place ID 1006."
40,1147,1006,"The user has a strong pattern of visiting place ID 1006, especially on weekdays and during morning hours. Recent context shows a visit to place ID 1006 on Tuesday evening, indicating continued interest in this location. Given the historical frequency and recent context, it is likely the user will return to place ID 1006."
40,1006,1006,"The user has a strong pattern of visiting place ID 1006 frequently, especially on weekdays and during morning hours. Recent context stays also indicate a visit to place ID 1006 on Tuesday evening, suggesting a continued preference for this location."
40,1147,1006,"The user has a strong pattern of visiting place ID 1006, especially on weekdays and during morning hours. Recent context shows a visit to place ID 1006 on Tuesday evening, indicating continued engagement with this location. Given the historical frequency and recent context, it is likely the user will return to place ID 1006."
40,1006,1006,"The user has a strong pattern of visiting place ID 1006, especially on weekdays, including multiple visits on Tuesday and Wednesday. The recent context also shows a visit to place ID 1006 on Tuesday evening, indicating a continued preference for this location."
40,332,1006,"The user has a strong pattern of visiting place ID 1006 frequently, especially on weekdays and during morning hours. Recent context shows they visited this place on Tuesday evening and Wednesday morning, indicating a continued preference for this location."
40,1006,1006,"The user has a strong pattern of visiting place ID 1006, especially on Wednesdays and Thursdays, as seen in both the history and context. Recent stays in the context also indicate a visit to place ID 1006 on Wednesday evening, reinforcing the likelihood of returning there."
40,1,1006,"The user has a strong pattern of visiting place ID 1006, especially on weekdays and during morning hours. Recent context shows a visit to 1006 on Wednesday evening and Friday evening, indicating a continued preference for this location."
40,1,1006,"The user has a strong pattern of visiting place ID 1006, especially on weekdays and weekends, as seen in both the history and context. Recent stays in the context also indicate a visit to place ID 1006 on Friday evening, reinforcing the likelihood of returning there."
40,1,1006,"The user has a strong pattern of visiting place ID 1006 frequently, especially on weekdays and weekends, as seen in both the history and context. Recent stays in the context also indicate a visit to place ID 1006 on Friday evening, suggesting a likelihood of returning there."
