user_id,ground_truth,prediction,reason
42,1,1006,"The user has a strong pattern of visiting place ID 1006, especially on Tuesdays and Saturdays, with multiple visits recorded in the history. The recent context shows activity at place ID 1, but given the user's established preference for 1006, it is likely they will return there next."
42,1,1,"The user has a strong pattern of visiting place ID 1 during early morning hours on multiple days, including recent stays in the context data. The latest context stay at 04:05 AM on Tuesday indicates a continuation of this pattern, suggesting that the user is likely to return to place ID 1."
42,1,1006,"The user has a strong pattern of visiting place ID 1006, especially on Tuesdays and Saturdays, with multiple visits recorded in the history. The recent context also shows activity at place ID 1, but given the user's established preference for 1006, it is likely they will return there next."
42,1,1006,"The user has a strong pattern of visiting place ID 1006, especially on weekends and Mondays, with multiple visits recorded in the history. The recent context also shows a stay at place ID 1, but given the user's frequent visits to 1006, it is likely they will return there next."
42,1,1,"The user has a strong pattern of visiting place ID 1 frequently, especially during early morning hours on weekends and weekdays. The recent context also shows stays at place ID 1, indicating a continued preference for this location."
42,1,1006,"The user has a strong pattern of visiting place ID 1006, especially on Saturdays and Mondays, with multiple visits recorded in the history. The recent context also shows a stay at place ID 1, but given the frequency and timing of visits to 1006, it is likely the user will return there next."
42,1,1006,"The user has a strong pattern of visiting place ID 1006, especially on Saturdays and Mondays, with multiple visits recorded in the history. The recent context also shows a stay at place ID 1, but given the user's established preference for 1006, it is likely they will return there next."
42,1,1006,"The user has a strong pattern of visiting place ID 1006, especially on Saturdays and Mondays, with multiple visits recorded in the history. The recent context also shows activities on Saturday, indicating a likelihood of returning to this place."
42,1,1,"The user has a strong pattern of visiting place ID 1 frequently, especially on weekends and early mornings. The recent context shows multiple stays at place ID 1, indicating a continued preference for this location. Given the time of the next likely visit aligns with their historical pattern of visiting place ID 1, it is the most probable next location."
42,1,1,"The user has a strong pattern of visiting place ID 1 frequently, especially on Saturdays, as seen in both the history and context. The recent context stays also indicate continued activity at place ID 1, suggesting it is likely the next location."
42,1,1006,"The user has a strong pattern of visiting place ID 1006, especially on Saturdays and Mondays, with multiple visits recorded in the history. The recent context also shows activities on Saturday, suggesting a continuation of this pattern. Therefore, the most likely next place ID is 1006."
42,1,1,"The user has a strong pattern of visiting place ID 1, especially on weekends and early mornings. The recent context shows multiple stays at place ID 1 on Saturday evening, indicating a continued preference for this location. Given the historical data and recent context, it is likely the user will return to place ID 1."
42,1144,1,"The user has a strong pattern of visiting place ID 1, especially on weekends and early mornings. The recent context shows multiple stays at place ID 1 on Saturday, indicating a continued preference for this location. Given the historical data and recent context, it is likely the user will return to place ID 1."
42,332,1006,"The user has a strong pattern of visiting place ID 1006, especially on Tuesdays and Mondays, as seen in both the history and context. The recent context shows a visit to place ID 1006 on Monday evening and Tuesday evening, indicating a likelihood of returning to this place."
42,1006,1006,"The user has a strong pattern of visiting place ID 1006, especially on weekdays and during morning hours. Recent context shows a visit to 1006 on Monday night and Tuesday evening, indicating a continued preference for this location."
42,332,1006,"The user has a strong pattern of visiting place ID 1006, especially on Tuesdays and Wednesdays, as seen in both the history and context. Recent stays in the context also indicate visits to this place, reinforcing its likelihood as the next destination."
42,1006,1006,"The user has a strong pattern of visiting place ID 1006, especially on Tuesdays and Wednesdays, as seen in both the history and context. Recent stays at this place indicate a continued preference, making it the most likely next location."
42,332,1006,"The user has a strong pattern of visiting place ID 1006, especially on weekdays and during morning hours. Recent context shows visits to 1006 on Tuesday evening and Wednesday night, indicating a continued preference for this location."
42,1006,1006,"The user has a strong pattern of visiting place ID 1006, especially on weekends and Mondays, as seen in both the history and context. Recent stays in the context also indicate visits to 1006, suggesting a continued preference for this location."
42,332,1006,"The user has a strong pattern of visiting place ID 1006 frequently, especially on weekends and Mondays. Recent context shows they visited this place again on Wednesday and Friday, indicating a continued preference for this location."
42,1006,1006,"The user has a strong pattern of visiting place ID 1006, especially on weekends and Mondays, as seen in both the history and context. Recent stays in the context also indicate visits to 1006, suggesting a likelihood of returning there next."
42,1128,1006,"The user has a strong pattern of visiting place ID 1006 frequently, especially on weekends and Fridays, as seen in both the history and context. Recent stays in the context also indicate visits to place ID 1006, suggesting a continued preference for this location."
42,1006,1006,"The user has a strong pattern of visiting place ID 1006, especially on Saturdays and Mondays, and has recently visited it on Friday at 9:51 AM. Given the historical frequency and recent context, it is likely they will return to 1006."
42,332,1006,"The user has a strong pattern of visiting place ID 1006 frequently, especially on weekends and Mondays, as seen in both the history and context data. The most recent context stay at 09:51 AM on Friday at place ID 1006 further supports this trend, indicating a likelihood of returning to this location."
42,1006,1006,"The user has a strong pattern of visiting place ID 1006 frequently, especially on weekends and Mondays, as seen in both the history and context. Recent stays in the context also indicate a visit to place ID 1006 on Sunday evening, reinforcing the likelihood of returning there."
42,332,1006,"The user has a strong pattern of visiting place ID 1006, especially on weekends and Mondays, as seen in both the history and context. Recent stays in the context also indicate a visit to 1006 on Friday and Sunday, suggesting a likelihood of returning there."
42,1006,1006,"The user has a strong pattern of visiting place ID 1006, especially on weekends and Mondays, as seen in both the history and context. Recent stays in the context also show a visit to place ID 1006 on Sunday evening, indicating a likelihood of returning there."
42,332,1006,"The user has a strong pattern of visiting place ID 1006, especially on Sundays and Mondays, as seen in both the history and context. Recent stays in the context also indicate visits to this place, reinforcing its likelihood as the next destination."
42,1006,1006,"The user has a strong pattern of visiting place ID 1006, especially on Mondays and Tuesdays, as seen in both the history and context. Recent stays in the context also indicate visits to this place, suggesting a likelihood of returning."
42,332,1006,"The user has a strong pattern of visiting place ID 1006, especially on Tuesdays and Wednesdays, as seen in both the history and context. Recent stays in the context also indicate visits to this place, reinforcing its likelihood as the next destination."
42,1006,1006,"The user has a strong pattern of visiting place ID 1006, especially on Tuesdays and Wednesdays, as seen in both the history and context. Recent stays in the context also indicate visits to this place, reinforcing its likelihood as the next destination."
42,1,1006,"The user has a strong pattern of visiting place ID 1006, especially on weekdays and during morning hours. Recent context shows visits to 1006 on Tuesday and Wednesday evenings, indicating a continued preference for this location."
42,1006,1006,"The user has a strong pattern of visiting place ID 1006, especially on Saturdays and during the morning hours. Recent context shows visits to 1006 on Wednesday and Thursday evenings, indicating a continued preference for this location."
42,332,1006,"The user has a strong pattern of visiting place ID 1006, especially on weekends and early mornings, as seen in both the history and context. Recent stays in the context also indicate visits to 1006, reinforcing its likelihood as the next destination."
42,1006,1006,"The user has a strong pattern of visiting place ID 1006, especially on weekends and Mondays, as seen in both the history and context. Recent stays in the context also indicate a visit to place ID 1006 on Thursday evening, suggesting a continued preference for this location."
42,1006,1006,"The user has a strong pattern of visiting place ID 1006, especially on weekdays and during morning hours, as seen in both the history and context. Recent stays in the context also indicate visits to this place, reinforcing its likelihood as the next destination."
42,332,1006,"The user has a strong pattern of visiting place ID 1006, especially on weekdays and during morning hours, as seen in both the history and context. Recent stays in the context also indicate visits to place ID 1006, reinforcing its likelihood as the next destination."
42,1006,1006,"The user has a strong pattern of visiting place ID 1006 frequently, especially on weekdays and weekends, as seen in both the history and context data. Recent stays in the context also indicate continued visits to this place, suggesting it is a likely next location."
42,332,1006,"The user has a strong pattern of visiting place ID 1006, especially on weekends and Tuesdays, as seen in both the history and context. Recent stays in the context also indicate a return to this location, suggesting it is a preferred place for the user."
42,1006,1006,"The user has a strong pattern of visiting place ID 1006, especially on weekends and Mondays, as seen in both the history and context. Recent stays in the context also indicate visits to place ID 1006, suggesting a continued preference for this location."
42,1006,1006,"The user has a strong pattern of visiting place ID 1006, especially on weekends and early mornings. Recent context shows they visited 1006 multiple times, including a stay on Wednesday evening and Thursday night, indicating a continued preference for this location."
42,1,1006,"The user has a strong pattern of visiting place ID 1006, especially on Saturdays and Mondays, as seen in both the history and context. Recent stays in the context also indicate visits to 1006, suggesting a likelihood of returning there next."
42,1,1006,"The user has a strong pattern of visiting place ID 1006 frequently, especially on weekends and during morning hours. Recent context also shows a visit to 1006 on Thursday night and Friday night, indicating a continued preference for this location."
42,332,1006,"The user has a strong pattern of visiting place ID 1006, especially on Saturdays and Sundays, as seen in both the history and context. Recent stays in the context also indicate a visit to place ID 1006 on Friday evening, suggesting a continued preference for this location."
42,1006,1006,"The user has a strong pattern of visiting place ID 1006, especially on weekends and Mondays, as seen in both the history and context. Recent stays in the context also indicate a continued preference for this location."
42,332,1006,"The user has a strong pattern of visiting place ID 1006, especially on Saturdays and Mondays, as seen in both the history and context. Recent stays in the context also indicate a visit to place ID 1006 on Saturday and Monday, suggesting a likelihood of returning there."
42,1006,1006,"The user has a strong pattern of visiting place ID 1006, especially on weekends and Mondays, as seen in both the history and context. Recent stays in the context also indicate a visit to place ID 1006 on Monday evening, suggesting a likelihood of returning there."
42,859,1006,"The user has a strong pattern of visiting place ID 1006, especially on weekends and Mondays, as seen in both the history and context. Recent stays in the context also indicate visits to this place, reinforcing its likelihood as the next destination."
42,1006,1006,"The user has a strong pattern of visiting place ID 1006, especially on Mondays and Tuesdays, as seen in both the history and context. Recent stays at this place indicate a continued preference, making it the most likely next location."
42,1006,1006,"The user has a strong pattern of visiting place ID 1006, especially on Tuesdays and Wednesdays, as seen in both the history and context. Recent stays in the context also indicate a visit to place ID 1006 on Monday and Tuesday evenings, suggesting a continued preference for this location."
42,332,1006,"The user has a strong pattern of visiting place ID 1006, especially on Tuesdays and Wednesdays, as seen in both the history and context. Recent stays in the context also indicate visits to 1006, suggesting a likelihood of returning there."
42,1006,1006,"The user has a strong pattern of visiting place ID 1006, especially on weekdays and weekends, as seen in both the history and context. Recent stays in the context also indicate visits to 1006, suggesting a continued preference for this location."
42,1144,1006,"The user has a strong pattern of visiting place ID 1006, especially on weekends and Mondays, as seen in both the history and context. Recent stays in the context also indicate visits to this place, reinforcing its likelihood as the next destination."
42,1,1006,"The user has a strong pattern of visiting place ID 1006, especially on weekends and early mornings. Recent context shows multiple visits to 1006, indicating a continued preference for this location."
42,1006,1006,"The user has a strong pattern of visiting place ID 1006 frequently, especially on Saturdays and Mondays, as seen in both the history and context. The most recent context stay at place ID 1006 on Friday evening suggests a continued preference for this location."
42,332,1006,"The user has a strong pattern of visiting place ID 1006, especially on weekends and Fridays, as seen in both the history and context. Recent stays in the context also indicate a visit to place ID 1006 on Friday evening, suggesting a likelihood of returning there."
42,1006,1006,"The user has a strong pattern of visiting place ID 1006, especially on weekends and Mondays, as seen in both the history and context. Recent stays in the context also indicate a visit to 1006 on Sunday, reinforcing its likelihood as the next destination."
42,1,1006,"The user has a strong pattern of visiting place ID 1006, especially on Saturdays and Sundays, as seen in both the history and context. Recent stays in the context also indicate a visit to place ID 1006 on Sunday, reinforcing the likelihood of returning there."
42,1006,1006,"The user has a strong pattern of visiting place ID 1006, especially on weekends and Mondays, as seen in both the history and context. Recent stays in the context also indicate a visit to place ID 1006 on Sunday, reinforcing its likelihood as the next destination."
42,1,1006,"The user has a strong pattern of visiting place ID 1006, especially on Sundays and Mondays, as seen in both the history and context. The most recent context stay at 2:05 PM on Sunday at place ID 1006 reinforces this trend, indicating a likelihood of returning to this location."
42,1006,1006,"The user has a strong pattern of visiting place ID 1006, especially on Mondays and Tuesdays, as seen in both the history and context. Recent stays in the context also indicate a visit to place ID 1006 on Monday evening, reinforcing the likelihood of returning to this location."
42,332,1006,"The user has a strong pattern of visiting place ID 1006, especially on Tuesdays and Wednesdays, as seen in both the history and context. Recent stays in the context also indicate continued visits to this place, reinforcing its likelihood as the next destination."
42,1006,1006,"The user has a strong pattern of visiting place ID 1006, especially on Tuesdays and Wednesdays, as seen in both the history and context. Recent stays in the context also indicate a visit to place ID 1006 on Tuesday evening, reinforcing the likelihood of returning to this location."
42,332,1006,"The user has a strong pattern of visiting place ID 1006, especially on Tuesdays and Wednesdays, as seen in both the history and context. The recent context stays also indicate a visit to place ID 1006 on Tuesday evening and Wednesday evening, suggesting a continued preference for this location."
42,1006,1006,"The user has a strong pattern of visiting place ID 1006, especially on weekends and Mondays, as seen in both the history and context. Recent stays in the context also indicate visits to 1006, suggesting a likelihood of returning there next."
42,1,1006,"The user has a strong pattern of visiting place ID 1006, especially on weekends and early mornings. Recent context stays also indicate multiple visits to this place, suggesting it is a preferred location. The timing of the context stays aligns with the user's historical activity, reinforcing the likelihood of returning to 1006."
42,332,1006,"The user has a strong pattern of visiting place ID 1006, especially on Saturdays and during the morning hours. Recent context shows visits to 1006 on Thursday and Friday evenings, indicating a continued preference for this location."
42,1006,1006,"The user has a strong pattern of visiting place ID 1006, especially on weekends and Mondays, as seen in both the history and context. Recent stays in the context also indicate a return to this location, suggesting it is a preferred place for the user."
42,332,1006,"The user has a strong pattern of visiting place ID 1006, especially on weekends and Mondays, as seen in both the history and context. Recent stays in the context also indicate a visit to 1006 on Friday evening, suggesting a likelihood of returning there."
42,1006,1006,"The user has a strong pattern of visiting place ID 1006, especially on weekends and Mondays, as seen in both the history and context. Recent stays in the context also indicate a visit to 1006 on Friday and Monday, suggesting a likelihood of returning there."
42,332,1006,"The user has a strong pattern of visiting place ID 1006, especially on Saturdays and Mondays, as seen in both the history and context. Recent stays in the context also indicate a visit to place ID 1006 on Monday evening, reinforcing the likelihood of returning there."
42,1006,1006,"The user has a strong pattern of visiting place ID 1006, especially on Mondays and Tuesdays, as seen in both the history and context. Recent stays in the context also indicate visits to this place, reinforcing its likelihood as the next destination."
42,332,1006,"The user has a strong pattern of visiting place ID 1006, especially on Tuesdays and Wednesdays, as seen in both the history and context. Recent stays in the context also indicate visits to this place, reinforcing its likelihood as the next destination."
42,1006,1006,"The user has a strong pattern of visiting place ID 1006, especially on Tuesdays and Wednesdays, as seen in both the history and context. Recent stays in the context also indicate visits to this place, suggesting it is a likely next location."
42,332,1006,"The user has a strong pattern of visiting place ID 1006, especially on weekdays and weekends, as seen in both the history and context. Recent stays in the context also indicate visits to this place, suggesting it is a preferred location."
42,1006,332,"The user has a pattern of visiting place ID 332 on multiple occasions, particularly on Tuesdays and Wednesdays. The recent context shows two visits to place ID 332 on Wednesday and Thursday mornings, indicating a strong likelihood of returning to this location."
42,1006,1006,"The user has a strong pattern of visiting place ID 1006, especially on weekends and early mornings. Recent context shows they visited 1006 on Wednesday evening and Thursday evening, indicating a continued preference for this location."
42,1006,1006,"The user has a strong pattern of visiting place ID 1006, especially on Saturdays and Mondays, as seen in both the history and context. Recent stays in the context also indicate a visit to place ID 1006, reinforcing its likelihood as the next destination."
42,1025,1006,"The user has a strong pattern of visiting place ID 1006 frequently, especially on weekends and during morning hours. Recent context shows visits to 1006 on Thursday evening and Friday evening, indicating a continued preference for this location."
42,332,1006,"The user has a strong pattern of visiting place ID 1006, especially on Saturdays and Sundays, as seen in both the history and context. Recent stays in the context also indicate a visit to place ID 1006 on Friday and Saturday, suggesting a likelihood of returning to this place."
42,1006,1006,"The user has a strong pattern of visiting place ID 1006 frequently, especially on weekends and Mondays, as seen in both the history and context. Recent stays in the context also indicate continued visits to this place, suggesting it is a likely next location."
42,332,1006,"The user has a strong pattern of visiting place ID 1006, especially on Saturdays and Mondays, as seen in both the history and context. Recent stays in the context also indicate a visit to place ID 1006 on Saturday and Monday, reinforcing the likelihood of returning there."
42,1006,1006,"The user has a strong pattern of visiting place ID 1006 frequently, especially on weekends and Mondays, as seen in both the history and context. Recent stays in the context also indicate a return to this place, reinforcing its likelihood as the next destination."
42,1006,1006,"The user has a strong pattern of visiting place ID 1006, especially on weekends and Mondays, as seen in both the history and context. Recent stays in the context also indicate a visit to place ID 1006 on Monday evening, reinforcing the likelihood of returning there."
42,332,1006,"The user has a strong pattern of visiting place ID 1006, especially on Mondays and Tuesdays, as seen in both the history and context. Recent stays in the context also indicate visits to this place, reinforcing its likelihood as the next destination."
42,1006,1006,"The user has a strong pattern of visiting place ID 1006, especially on weekdays and during morning hours. Recent context shows visits to this place on Monday and Tuesday, indicating a continued preference for this location."
42,332,1006,"The user has a strong pattern of visiting place ID 1006, especially on weekends and Mondays, as seen in both the history and context. Recent stays in the context also indicate visits to this place, suggesting a continued preference."
42,266,1006,"The user has a strong pattern of visiting place ID 1006, especially on weekends and Mondays, as seen in both the history and context. Recent stays in the context also indicate visits to 1006, suggesting a continued preference for this location."
42,1006,1006,"The user has a strong pattern of visiting place ID 1006 frequently, especially on weekends and Mondays. Recent context shows they visited 1006 on Wednesday night and Thursday night, indicating a continued preference for this location."
42,1,1006,"The user has a strong pattern of visiting place ID 1006, especially on weekends and Mondays, as seen in both the history and context. Recent stays in the context also indicate a visit to place ID 1006, suggesting a continued preference for this location."
42,993,1006,"The user has a strong pattern of visiting place ID 1006 frequently, especially on weekends and during morning hours. Recent context shows a visit to 1006 on Thursday evening and Friday evening, indicating a continued preference for this location."
42,1006,1006,"The user has a strong pattern of visiting place ID 1006, especially on Saturdays and Mondays, as seen in both the history and context. Recent stays in the context also indicate a visit to place ID 1006 on Friday evening, suggesting a continued preference for this location."
42,1006,1006,"The user has a strong pattern of visiting place ID 1006, especially on Saturdays and Fridays, as seen in both the history and context. The most recent context stay at 10:37 PM on Saturday is also at place ID 1006, indicating a likely continuation of this pattern."
42,332,1006,"The user has a strong pattern of visiting place ID 1006, especially on weekends and during morning hours. Recent context shows multiple visits to 1006, indicating a continued preference for this location."
42,1006,1006,"The user has a strong pattern of visiting place ID 1006, especially on Saturdays and Mondays, as seen in both the history and context. Recent stays in the context also indicate a visit to place ID 1006 on Saturday evening, reinforcing the likelihood of returning there."
42,332,1006,"The user has a strong pattern of visiting place ID 1006, especially on Saturdays and Mondays, as seen in both the history and context. Recent stays in the context also indicate a visit to place ID 1006 on Saturday evening and Monday evening, suggesting a continued preference for this location."
42,1006,1006,"The user has a strong pattern of visiting place ID 1006, especially on weekends and Mondays, as seen in both the history and context data. Recent stays in the context also indicate a return to this place, reinforcing its likelihood as the next destination."
42,332,1006,"The user has a strong pattern of visiting place ID 1006, especially on Sundays and Mondays, as seen in both the history and context. Recent stays in the context also indicate visits to this place, reinforcing its likelihood as the next destination."
42,1006,1006,"The user has a strong pattern of visiting place ID 1006, especially on Mondays and Tuesdays, as seen in both the history and context. Recent stays in the context also indicate visits to this place, reinforcing its likelihood as the next destination."
42,332,1006,"The user has a strong pattern of visiting place ID 1006, especially on Tuesdays and Wednesdays, as seen in both the history and context. Recent stays at this place indicate a continued preference, making it the most likely next location."
42,332,1006,"The user has a strong pattern of visiting place ID 1006, especially on Tuesdays and Wednesdays, as seen in both the history and context. Recent stays in the context also indicate visits to this place, reinforcing its likelihood as the next destination."
42,1147,332,"The user has a strong pattern of visiting place ID 1006 frequently, especially on weekends and Mondays. In the context, the user has recently visited place ID 332 on multiple occasions, indicating a shift in activity. Given the recent visits to place ID 332 and the historical pattern of visiting place ID 1006, it is likely that the user will continue to visit place ID 332 next."
42,1,1006,"The user has a strong pattern of visiting place ID 1006, especially on weekends and Mondays, as seen in both the history and context. Recent stays in the context also indicate visits to place ID 332, but the consistent preference for 1006 suggests it is the most likely next location."
42,1,1006,"The user has a strong pattern of visiting place ID 1006, especially on weekends and Mondays, as seen in both the history and context. Recent stays in the context also indicate a visit to place ID 1006 on Wednesday evening, reinforcing the likelihood of returning to this location."
42,1,332,"The user has recently visited place ID 332 on Thursday and Friday, indicating a pattern of activity at this location. Additionally, they have a history of visiting this place multiple times, particularly on Saturdays, suggesting a strong preference for it during this time frame."
42,1,1006,"The user has a strong pattern of visiting place ID 1006, especially on Saturdays and Mondays, with multiple visits recorded in both the history and context. The recent context shows a visit to place ID 332 on Friday, but the consistent preference for 1006 suggests it is the most likely next location."
42,1,1006,"The user has a strong pattern of visiting place ID 1006, especially on Saturdays and Mondays, with multiple visits recorded in both the history and context. The recent context shows activities on Saturday, which aligns with the user's historical preference for this place."
42,1,1,"The user has a strong pattern of visiting place ID 1 multiple times on Saturdays, including recent visits in the context data. Given the current day is Saturday and the user has been to place ID 1 recently, it is likely they will continue this pattern."
42,1,1006,"The user has a strong pattern of visiting place ID 1006, especially on Saturdays and Sundays, as seen in both the history and context. Recent stays in the context also indicate a visit to place ID 1, but the user has consistently returned to 1006, making it the most likely next location."
42,1,1006,"The user has a strong pattern of visiting place ID 1006, especially on Saturdays and Sundays, with multiple visits recorded in both the history and context. Recent context stays also indicate a visit to place ID 1, but the historical data shows a consistent preference for 1006 during similar times."
42,1,1,"The user has a strong pattern of visiting place ID 1 frequently, especially on weekends. Recent context shows multiple stays at place ID 1 on Saturday and Sunday, indicating a continued preference for this location."
42,1,1,"The user has a strong pattern of visiting place ID 1, especially on Sundays, as seen in both the history and context data. Recent context stays also indicate multiple visits to place ID 1 on Sunday, suggesting a likelihood of returning there."
42,1,1,"The user has a strong pattern of visiting place ID 1 frequently on Sundays, including recent stays in the context data. Given the current day is Sunday and the user has just visited place ID 1 multiple times today, it is likely they will continue to stay there."
42,1,1,"The user has a strong pattern of visiting place ID 1 frequently on Sundays, including recent stays in the context data. The last recorded stay in the context is also at place ID 1, indicating a likelihood of returning there."
42,1,1,"The user has a strong pattern of visiting place ID 1 frequently on Sundays, including multiple visits in the morning and afternoon. The recent context shows the user visited place ID 1 multiple times on Sunday, indicating a continued preference for this location."
42,1,1006,"The user has a strong pattern of visiting place ID 1006, especially on weekends and Mondays, with multiple visits recorded in both the history and context. The recent context shows a visit to place ID 1, but the historical data indicates a preference for 1006, particularly on Monday mornings."
42,1,1006,"The user has a strong pattern of visiting place ID 1006, especially on Mondays and Saturdays, with multiple visits recorded in both the history and context. The recent context shows a visit to place ID 1, but the historical data indicates a preference for 1006, particularly during morning hours on weekdays."
42,1,1006,"The user has a strong pattern of visiting place ID 1006, especially on Mondays, with multiple visits recorded in both history and context. The recent context shows visits to place ID 1, but the historical data indicates a preference for 1006, particularly during morning hours on Mondays."
42,1,1,"The user has a strong pattern of visiting place ID 1 frequently, especially on Mondays, as seen in both the history and context. The recent context shows multiple visits to place ID 1 on Monday, indicating a likelihood of returning there."
42,1,1,"The user has a strong pattern of visiting place ID 1 frequently, especially on Mondays, as seen in both the history and context. The recent context stays also indicate continued activity at place ID 1, making it the most likely next location."
42,1,1,"The user has a strong pattern of visiting place ID 1 frequently, especially on Mondays and Tuesdays, as seen in both the history and context. The recent context shows multiple visits to place ID 1 on Monday, indicating a continued preference for this location."
42,1,1006,"The user has a strong pattern of visiting place ID 1006, especially on Mondays and Tuesdays, with multiple visits recorded in the history. The recent context also shows a visit to place ID 1, but given the frequency and timing of visits to 1006, it is likely the user will return there next."
42,1,1006,"The user has a strong pattern of visiting place ID 1006, especially on Tuesdays and weekends, with multiple long stays recorded in both the history and context. The recent context shows a visit to place ID 1, but the historical preference for 1006 suggests it is the most likely next location."
42,1,1006,"The user has a strong pattern of visiting place ID 1006, especially on Tuesdays and Saturdays, with multiple visits recorded in both the history and context. The recent context shows a visit to place ID 1, but the historical data indicates a preference for 1006, particularly during the same time frame."
42,1,1,"The user has a strong pattern of visiting place ID 1 frequently, especially in the early morning hours on weekends and weekdays. The recent context also shows visits to place ID 1 on Tuesday, indicating a continued preference for this location."
42,1,1006,"The user has a strong pattern of visiting place ID 1006, especially on Tuesdays and Saturdays, with multiple visits recorded in the history. The recent context also shows a visit to place ID 1006 on Tuesday evening, indicating a likelihood of returning to this place."
42,1,1006,"The user has a strong pattern of visiting place ID 1006, especially on Tuesdays and Wednesdays, as seen in both the history and context. The recent context stay at 07:08 PM on Tuesday indicates a continued engagement with this location, suggesting it is likely the next place they will visit."
42,1,1,"The user has a strong pattern of visiting place ID 1, especially on Wednesdays and Sundays, as seen in both the history and context. The recent context shows multiple stays at place ID 1 on Wednesday, indicating a continued preference for this location."
42,1,1,"The user has a strong pattern of visiting place ID 1, especially in the early morning hours on multiple days, including recent visits in the context data. Given the time of day and the user's history, it is likely they will return to place ID 1."
42,1,1,"The user has a strong pattern of visiting place ID 1 frequently, especially in the early morning hours on weekends and weekdays. The recent context shows the user has been to place ID 1 again on Wednesday evening, indicating a continued preference for this location. Given the historical and contextual data, it is likely the user will return to place ID 1."
42,1,1,"The user has a strong pattern of visiting place ID 1 frequently, especially in the early morning hours on various days, including recent stays in the context. The latest context stays also indicate visits to place ID 1, suggesting a continued preference for this location."
42,1,1,"The user has a strong pattern of visiting place ID 1 frequently, especially in the early morning hours and on weekends. The recent context shows multiple stays at place ID 1 on Thursday, indicating a continued preference for this location. Given the historical and contextual data, it is likely that the user will return to place ID 1."
42,1,1,"The user has a strong pattern of visiting place ID 1 frequently, especially in the early morning hours and on weekends. The recent context also shows multiple stays at place ID 1 on Thursday, indicating a continued preference for this location."
42,1,1,"The user has a strong pattern of visiting place ID 1 frequently, especially on Sundays and Saturdays, as seen in both the history and context. The recent context stays also indicate continued activity at place ID 1, suggesting it is a likely next location."
42,1,1,"The user has a strong pattern of visiting place ID 1 frequently, especially on weekends and early mornings. The recent context shows continued visits to place ID 1 on Thursday, indicating a consistent preference for this location."
42,1,1,"The user has a strong pattern of visiting place ID 1 frequently, especially on weekends and early mornings. The recent context shows visits to place ID 1 on Thursday and Friday, indicating a continued preference for this location. Given the historical and contextual data, it is likely the user will return to place ID 1."
42,1,1006,"The user has a strong pattern of visiting place ID 1006, especially on weekends and Mondays, with multiple long stays. Recent context shows the user has been active on Friday, suggesting they may continue this pattern into the weekend."
42,1006,1006,"The user has a strong pattern of visiting place ID 1006, especially on Saturdays and Mondays, with multiple visits recorded in the history. The recent context also shows a stay at place ID 1, but given the user's established preference for 1006, it is likely they will return there next."
42,1,1006,"The user has a strong pattern of visiting place ID 1006, especially on Saturdays and Mondays, with multiple long stays recorded in both the history and context. The recent context shows a stay at place ID 1006 on Saturday, indicating a continued preference for this location."
42,1,1006,"The user has a strong pattern of visiting place ID 1006, especially on Saturdays and Mondays, with multiple long stays recorded in both the history and context. The recent context shows a visit to place ID 1006 on Saturday, indicating a likelihood of returning there."
42,332,1006,"The user has a strong pattern of visiting place ID 1006, especially on Saturdays, as seen in both the history and context. Recent stays in the context also indicate a visit to place ID 1006 on Saturday, reinforcing the likelihood of returning there."
42,1006,1006,"The user has a strong pattern of visiting place ID 1006, especially on Saturdays and Mondays, as seen in both the history and context. Recent stays in the context also indicate a visit to place ID 1006 in the afternoon on Saturday, suggesting a likelihood of returning there."
42,332,1006,"The user has a strong pattern of visiting place ID 1006, especially on Saturdays and Mondays, as seen in both the history and context. Recent stays in the context also indicate a visit to place ID 1006 on Saturday evening, reinforcing the likelihood of returning to this location."
42,1006,1006,"The user has a strong pattern of visiting place ID 1006, especially on Saturdays and Mondays, as seen in both the history and context. Recent stays in the context also indicate a visit to place ID 1006 on Monday evening, suggesting a likelihood of returning to this place."
42,332,1006,"The user has a strong pattern of visiting place ID 1006, especially on weekends and Mondays, as seen in both the history and context. Recent stays in the context also indicate visits to this place, reinforcing its likelihood as the next destination."
42,1006,332,The user has shown a pattern of visiting place ID 332 on Tuesday mornings and has also recently visited this place in the context data on Monday and Tuesday mornings. This suggests a strong likelihood of returning to this location.
42,1,1006,"The user has a strong pattern of visiting place ID 1006, especially on weekdays and during morning hours. Recent context shows visits to 1006 on Monday and Tuesday evenings, indicating a continued preference for this location."
42,332,1006,"The user has a strong pattern of visiting place ID 1006, especially on Tuesdays and Wednesdays, as seen in both the history and context. Recent stays at this place indicate a continued preference, making it the most likely next location."
42,332,1006,"The user has a strong pattern of visiting place ID 1006, especially on weekdays and during morning hours. Recent context shows a visit to 1006 on Tuesday night and Wednesday evening, indicating a continued preference for this location."
42,1006,1006,"The user has a strong pattern of visiting place ID 1006, especially on Saturdays and Mondays, with multiple visits recorded in the history. The recent context also shows a visit to place ID 1006 on Wednesday evening, indicating a continued preference for this location."
42,1158,1006,"The user has a strong pattern of visiting place ID 1006, especially on weekends and early mornings. Recent context shows a visit to 1006 on Wednesday evening, indicating a continued preference for this location."
42,1,1006,"The user has a strong pattern of visiting place ID 1006, especially on Saturdays and Mondays, as seen in both the history and context. Recent stays in the context also indicate a visit to place ID 1006 on Saturday evening, suggesting a likelihood of returning there soon."
42,1006,332,"The user has a pattern of visiting place ID 332 on multiple occasions, particularly on Saturdays and Fridays. The recent context shows a stay at place ID 332 on Friday morning, indicating a continued interest in this location. Given the historical and contextual data, it is likely the user will return to place ID 332 next."
42,332,1006,"The user has a strong pattern of visiting place ID 1006, especially on Saturdays and Tuesdays, as seen in both the history and context. Recent stays in the context also indicate a visit to 1006 on Saturday evening, reinforcing the likelihood of returning to this place."
42,1006,1006,"The user has a strong pattern of visiting place ID 1006, especially on Tuesdays and Wednesdays, as seen in both the history and context. The recent context stay at 6:17 PM on Tuesday at place ID 1006 reinforces this trend, indicating a likelihood of returning to this location."
42,332,1006,"The user has a strong pattern of visiting place ID 1006, especially on Tuesdays and Mondays, as seen in both the history and context. Recent stays in the context also indicate visits to this place, reinforcing its likelihood as the next destination."
42,1006,1006,"The user has a strong pattern of visiting place ID 1006, especially on Tuesdays and Mondays, as seen in both the history and context. Recent stays in the context also indicate visits to 1006, suggesting a likelihood of returning there next."
42,332,332,"The user has shown a pattern of visiting place ID 332 on multiple recent occasions, particularly on Monday and Tuesday mornings, which aligns with the context stays. Additionally, the user has a history of visiting this place frequently, indicating a strong preference."
42,1006,1006,"The user has a strong pattern of visiting place ID 1006, especially on Mondays and Tuesdays, as seen in both the history and context. Recent stays in the context also indicate visits to this place, reinforcing its likelihood as the next destination."
42,332,1006,"The user has a strong pattern of visiting place ID 1006, especially on weekdays and during morning hours. Recent context shows visits to 1006 on Monday and Tuesday evenings, indicating a continued preference for this location."
42,332,1006,"The user has a strong pattern of visiting place ID 1006, especially on Tuesdays and Wednesdays, as seen in both the history and context. Recent stays at this place indicate a continued preference, making it the most likely next location."
42,1006,1006,"The user has a strong pattern of visiting place ID 1006, especially on weekdays and weekends, with multiple visits recorded in both the history and context. Recent stays in the context also indicate visits to place ID 1006, suggesting a continued preference for this location."
42,1,1006,"The user has a strong pattern of visiting place ID 1006, especially on weekdays and weekends, with multiple visits recorded in both the history and context. Recent stays in the context also indicate visits to place ID 1006, suggesting a continued preference for this location."
42,1006,1006,"The user has a strong pattern of visiting place ID 1006, especially on weekdays and weekends, as seen in both the history and context. Recent stays in the context also indicate visits to this place, reinforcing its likelihood as the next destination."
42,332,332,"The user has a strong pattern of visiting place ID 332 on Tuesday mornings and has recently visited it on Thursday morning, indicating a preference for this location during the early part of the week."
42,1006,1006,"The user has a strong pattern of visiting place ID 1006, especially on Mondays and Tuesdays, as seen in both the history and context. Recent stays at this place indicate a continued preference, making it the most likely next location."
42,332,1006,"The user has a strong pattern of visiting place ID 1006, especially on Tuesdays and Wednesdays, as seen in both the history and context. Recent stays in the context also indicate visits to this place, reinforcing its likelihood as the next destination."
42,1006,1006,"The user has a strong pattern of visiting place ID 1006, especially on Tuesdays and Wednesdays, as seen in both the history and context. Recent stays in the context also indicate a visit to place ID 1006 on Tuesday, suggesting a likelihood of returning there."
42,332,1006,"The user has a strong pattern of visiting place ID 1006, especially on weekdays and during morning hours, as seen in both the history and context. Recent stays in the context also indicate a visit to 1006 on Tuesday and Wednesday, reinforcing its likelihood as the next destination."
42,1006,1006,"The user has a strong pattern of visiting place ID 1006, especially on weekdays and during morning hours, as seen in both the history and context. Recent stays in the context also indicate visits to 1006, suggesting a continued preference for this location."
42,1,1006,"The user has a strong pattern of visiting place ID 1006, especially on weekends and Mondays, as seen in both the history and context. Recent stays in the context also indicate visits to this place, suggesting it is a preferred location."
42,1,1006,"The user has a strong pattern of visiting place ID 1006, especially on Saturdays and during the mornings. Recent context shows visits to 1006 on Thursday and Friday, indicating a continued preference for this location."
42,1,1006,"The user has a strong pattern of visiting place ID 1006 frequently, especially on weekends and Mondays, as seen in both the history and context. Recent stays in the context also indicate a visit to 1006, suggesting a continued preference for this location."
42,1,1006,"The user has a strong pattern of visiting place ID 1006, especially on Saturdays and Mondays, as seen in both the history and context. Recent stays in the context also indicate a visit to place ID 1006 on Friday, suggesting a continued preference for this location."
42,1,1006,"The user has a strong pattern of visiting place ID 1006, especially on weekends and Mondays, as seen in both the history and context. Recent stays in the context also indicate a visit to place ID 1006 on Friday evening, suggesting a likelihood of returning there."
42,1,1006,"The user has a strong pattern of visiting place ID 1006, especially on Saturdays and Mondays, with multiple long stays. Recent context also shows visits to place ID 1, but the historical preference for 1006 suggests it is the most likely next location."
42,1006,1006,"The user has a strong pattern of visiting place ID 1006, especially on weekends and Mondays, with multiple long stays. Recent context shows the user has also been to place ID 1, but the historical data indicates a preference for 1006, particularly on Mondays and Saturdays."
42,332,1006,"The user has a strong pattern of visiting place ID 1006, especially on weekends and Mondays, with multiple long stays. The recent context also shows a visit to place ID 1006 on Thursday, indicating a continued preference for this location."
42,1,1006,"The user has a strong pattern of visiting place ID 1006, especially on Tuesdays and Saturdays, with multiple long stays. The recent context also shows a visit to place ID 1006 on Thursday, indicating a continued preference for this location."
42,1006,1006,"The user has a strong pattern of visiting place ID 1006 frequently, especially on Saturdays and during the mornings. Recent context shows a stay at place ID 1006 on Thursday, indicating continued interest. Given the historical and contextual data, it is likely the user will return to place ID 1006 next."
42,332,1006,"The user has a strong pattern of visiting place ID 1006 frequently, especially on Saturdays and during the morning hours. Recent context also shows a stay at place ID 1006 on Thursday evening, indicating continued preference for this location."
42,1006,1006,"The user has a strong pattern of visiting place ID 1006 frequently, especially on weekends and during morning hours. Recent context shows a visit to 1006 on Saturday evening, indicating continued interest in this location. Additionally, the user visited 1006 multiple times in the past week, reinforcing its likelihood as the next destination."
42,332,1006,"The user has a strong pattern of visiting place ID 1006, especially on weekends and during the morning hours. Recent context shows a visit to 1006 on Saturday night, and the user has also visited it multiple times on Sundays, indicating a preference for this location. Given the recent activities and historical patterns, it is likely the user will return to 1006."
42,1006,1006,"The user has a strong pattern of visiting place ID 1006, especially on weekends and Mondays, as seen in both the history and context. Recent stays in the context also indicate a visit to place ID 1006 on Saturday evening and Sunday evening, suggesting a likelihood of returning there."
42,1006,1006,"The user has a strong pattern of visiting place ID 1006, especially on weekends and Mondays, as seen in both the history and context. Recent stays in the context also indicate visits to this place, reinforcing its likelihood as the next destination."
42,1,1006,"The user has a strong pattern of visiting place ID 1006, especially on Sundays and Mondays, as seen in both the history and context. Recent stays in the context also indicate visits to 1006, suggesting a continued preference for this location."
42,1006,1006,"The user has a strong pattern of visiting place ID 1006, especially on Sundays and Mondays, as seen in both the history and context. Recent stays in the context also indicate visits to this place, reinforcing its likelihood as the next destination."
42,1,1006,"The user has a strong pattern of visiting place ID 1006, especially on Mondays and Tuesdays, as seen in both the history and context. Recent stays in the context also indicate visits to this place, reinforcing its likelihood as the next destination."
42,1006,1006,"The user has a strong pattern of visiting place ID 1006, especially on Mondays and Tuesdays, as seen in both the history and context. Recent stays in the context also indicate visits to this place, reinforcing its likelihood as the next destination."
42,332,1006,"The user has a strong pattern of visiting place ID 1006, especially on weekdays and during morning hours. Recent context shows visits to this place on Monday and Tuesday, indicating a continued preference for this location."
42,1006,1006,"The user has a strong pattern of visiting place ID 1006, especially on Tuesdays and Wednesdays, as seen in both the history and context. Recent stays in the context also indicate visits to this place, reinforcing its likelihood as the next destination."
42,1,1006,"The user has a strong pattern of visiting place ID 1006, especially on weekdays and during morning hours. Recent context shows a visit to 1006 on Tuesday evening and Wednesday evening, indicating a continued preference for this location."
42,1,1006,"The user has a strong pattern of visiting place ID 1006, especially on weekends and Mondays, as seen in both the history and context. Recent stays in the context also indicate a visit to place ID 1006 on Wednesday evening, suggesting a continued preference for this location."
42,1006,1006,"The user has a strong pattern of visiting place ID 1006, especially on weekends and Mondays, with multiple visits recorded in both the history and context. The recent context shows a visit to 1006 on Wednesday evening and Thursday evening, indicating a continued preference for this location."
42,332,1006,"The user has a strong pattern of visiting place ID 1006, especially on weekends and Mondays, as seen in both the history and context. The recent context shows a visit to place ID 1006 on Thursday evening, indicating a continued preference for this location."
42,332,1006,"The user has a strong pattern of visiting place ID 1006, especially on Saturdays and during the mornings. Recent context shows a visit to 1006 on Thursday night and Friday night, indicating a continued preference for this location. Given the historical and contextual data, it is likely the user will return to 1006."
42,1006,1006,"The user has a strong pattern of visiting place ID 1006, especially on Saturdays and Mondays, as seen in both the history and context. Recent stays in the context also indicate a visit to place ID 1006 on Friday evening, suggesting a continued preference for this location."
42,332,1006,"The user has a strong pattern of visiting place ID 1006 frequently, especially on weekends and Mondays, as seen in both the history and context. Recent stays in the context also indicate a visit to place ID 1006 on Friday night, suggesting a continued preference for this location."
42,1006,1006,"The user has a strong pattern of visiting place ID 1006 frequently, especially on weekends and Mondays, as seen in both the history and context. Recent stays in the context also indicate visits to this place, reinforcing its likelihood as the next destination."
42,332,332,"The user has recently visited place ID 332 multiple times in the context data, particularly on Monday and Tuesday mornings. This suggests a strong preference for this location during these times, indicating that it is likely to be their next destination."
42,332,1006,"The user has a strong pattern of visiting place ID 1006, especially on Mondays and Tuesdays, as seen in both the history and context. Recent stays at this place indicate a continued preference, making it the most likely next location."
42,1006,1006,"The user has a strong pattern of visiting place ID 1006, especially on weekdays and during morning hours. Recent context shows visits to 1006 on Monday and Tuesday evenings, indicating a continued preference for this location."
42,332,1006,"The user has a strong pattern of visiting place ID 1006, especially on Tuesdays and Saturdays, as seen in both the history and context. Recent stays in the context also indicate a visit to place ID 1006 on Tuesday night, reinforcing the likelihood of returning to this location."
42,1006,1006,"The user has a strong pattern of visiting place ID 1006, especially on weekends and early mornings. Recent context shows a visit to 1006 on Tuesday night, indicating a continued preference for this location. Additionally, the user has visited place ID 332 recently, but the frequency and duration of stays at 1006 suggest it is the more likely next location."
42,332,1006,"The user has a strong pattern of visiting place ID 1006, especially on weekends and Mondays, as seen in both the history and context. Recent stays in the context also indicate a visit to place ID 1006 on Thursday night, suggesting a continued preference for this location."
42,1006,1006,"The user has a strong pattern of visiting place ID 1006, especially on Saturdays and during morning hours. Recent context shows visits to 1006 on Thursday night and Saturday morning, indicating a continued preference for this location."
42,1,1006,"The user has a strong pattern of visiting place ID 1006 frequently, especially on Saturdays and during morning hours. Recent context also shows visits to 1006, indicating a continued preference for this location."
42,332,1006,"The user has a strong pattern of visiting place ID 1006, especially on Saturdays and Mondays, as seen in both the history and context. Recent stays in the context also indicate visits to this place, reinforcing its likelihood as the next destination."
42,1006,1006,"The user has a strong pattern of visiting place ID 1006, especially on Saturdays and Mondays, as seen in both the history and context. Recent stays in the context also indicate a visit to 1006, reinforcing its likelihood as the next destination."
42,332,1006,"The user has a strong pattern of visiting place ID 1006, especially on Saturdays and Mondays, as seen in both the history and context. Recent stays in the context also indicate visits to this place, reinforcing its likelihood as the next destination."
42,1,1006,"The user has a strong pattern of visiting place ID 1006, especially on Saturdays and Mondays, as seen in both the history and context. Recent stays in the context also indicate a visit to 1006 on Monday evening, suggesting a likelihood of returning to this place."
42,332,1006,"The user has a strong pattern of visiting place ID 1006, especially on Saturdays and Mondays, as seen in both the history and context. Recent stays in the context also indicate visits to place ID 1006, suggesting a continued preference for this location."
42,660,332,"The user has a pattern of visiting place ID 332 on Tuesday mornings and has recently visited it on Monday morning and Tuesday morning, indicating a strong likelihood of returning to this location."
42,1006,1006,"The user has a strong pattern of visiting place ID 1006, especially on weekdays and during morning hours. Recent context shows a visit to 1006 on Monday evening, indicating a continued preference for this location."
42,328,1006,"The user has a strong pattern of visiting place ID 1006, especially on weekends and Mondays, as seen in both the history and context. The recent context stay at place ID 1006 on Friday further supports the likelihood of returning there."
42,1,1006,"The user has a strong pattern of visiting place ID 1006, especially on Saturdays and during the morning hours. Recent context shows a visit to place ID 1006 on Friday night, indicating a continued preference for this location. Given the historical and contextual data, it is likely the user will return to place ID 1006."
42,1006,1006,"The user has a strong pattern of visiting place ID 1006, especially on Saturdays and Mondays, as seen in both the history and context. Recent stays in the context also indicate a visit to place ID 1006 on Friday, suggesting a continued preference for this location."
42,1,1006,"The user has a strong pattern of visiting place ID 1006, especially on Saturdays and Mondays, as seen in both the history and context. The most recent context stay at 10:21 PM on Friday at place ID 1006 further supports this trend, indicating a likelihood of returning to this location."
42,375,1006,"The user has a strong pattern of visiting place ID 1006, especially on Saturdays and Sundays, as seen in both the history and context. Recent stays in the context also indicate a visit to place ID 1006 on Friday night and Saturday afternoon, suggesting a continued preference for this location."
42,1006,1006,"The user has a strong pattern of visiting place ID 1006 frequently, especially on Saturdays and Sundays, as seen in both the history and context. Recent stays in the context also indicate continued activity at this location, reinforcing its likelihood as the next place."
42,332,1006,"The user has a strong pattern of visiting place ID 1006, especially on Saturdays and Sundays, as seen in both the history and context. Recent stays in the context also indicate a visit to place ID 1006, reinforcing its likelihood as the next destination."
42,1,1006,"The user has a strong pattern of visiting place ID 1006, especially on weekends and Mondays, as seen in both the history and context. Recent stays in the context also indicate a visit to place ID 1006 on Saturday, reinforcing its likelihood as the next destination."
42,1006,1006,"The user has a strong pattern of visiting place ID 1006, especially on Sundays and Mondays, as seen in both the history and context. The most recent context stay at 4:22 PM on Sunday at place ID 1006 reinforces this trend, suggesting a high likelihood of returning to this location."
42,332,1006,"The user has a strong pattern of visiting place ID 1006, especially on Sundays and Mondays, as seen in both the history and context. Recent stays in the context also indicate a visit to place ID 1006 on Monday evening, reinforcing the likelihood of returning to this location."
42,1006,1006,"The user has a strong pattern of visiting place ID 1006, especially on Sundays and Mondays, as seen in both the history and context. The most recent context stay at 04:22 PM on Sunday at place ID 1006 reinforces this trend, suggesting a high likelihood of returning to this location."
42,332,1006,"The user has a strong pattern of visiting place ID 1006, especially on Mondays and Tuesdays, as seen in both the history and context. Recent stays in the context also indicate a visit to place ID 1006 on Monday night, suggesting a likelihood of returning there."
42,1006,1006,"The user has a strong pattern of visiting place ID 1006, especially on Tuesdays and Saturdays, as seen in both the history and context. Recent stays in the context also indicate a visit to place ID 1006 on Monday night and Tuesday evening, suggesting a continued preference for this location."
42,660,1006,"The user has a strong pattern of visiting place ID 1006, especially on Tuesdays and Wednesdays, as seen in both the history and context. Recent stays in the context also indicate a visit to place ID 1006 on Monday and Tuesday, suggesting a likelihood of returning there."
42,1006,1006,"The user has a strong pattern of visiting place ID 1006, especially on Tuesdays and Wednesdays, as seen in both the history and context. Recent stays in the context also indicate visits to this place, reinforcing its likelihood as the next destination."
42,1006,1006,"The user has a strong pattern of visiting place ID 1006, especially on weekdays and during morning hours. Recent context shows a visit to 1006 on Tuesday evening and Wednesday night, indicating a continued preference for this location."
42,1158,1006,"The user has a strong pattern of visiting place ID 1006, especially on weekends and Mondays, as seen in both the history and context. Recent stays in the context also indicate a visit to place ID 1006, suggesting a continued preference for this location."
42,1,1006,"The user has a strong pattern of visiting place ID 1006, especially on weekends and Mondays, as seen in both the history and context. Recent stays in the context also indicate visits to 1006, suggesting a continued preference for this location."
42,1006,1006,"The user has a strong pattern of visiting place ID 1006 frequently, especially on weekends and Mondays, as seen in both the history and context. Recent stays in the context also indicate visits to place ID 1006, suggesting a continued preference for this location."
42,332,1006,"The user has a strong pattern of visiting place ID 1006, especially on weekends and Mondays, as seen in both the history and context. Recent stays in the context also indicate visits to this place, reinforcing its likelihood as the next destination."
42,332,1006,"The user has a strong pattern of visiting place ID 1006, especially on weekends and Mondays, as seen in both the history and context. Recent stays in the context also indicate a visit to place ID 1006 on Monday evening, reinforcing the likelihood of returning to this location."
42,1006,1006,"The user has a strong pattern of visiting place ID 1006, especially on Saturdays and Mondays, as seen in both the history and context. Recent visits to this place on Monday and the consistent pattern of visiting it during the morning hours suggest that the user is likely to return to place ID 1006."
42,703,1006,"The user has a strong pattern of visiting place ID 1006, especially on Mondays and Saturdays, and recent context shows a visit to this place on Monday evening. This suggests a likelihood of returning to 1006."
42,1006,1006,"The user has a strong pattern of visiting place ID 1006, especially on weekdays and during morning hours. Recent context shows a visit to 1006 on Monday evening and Wednesday night, indicating a continued preference for this location."
42,1006,1006,"The user has a strong pattern of visiting place ID 1006, especially on weekends and Mondays, as seen in both the history and context. Recent stays in the context also indicate a visit to place ID 1006 on Thursday evening, suggesting a continued preference for this location."
42,993,1006,"The user has a strong pattern of visiting place ID 1006, especially on weekdays and weekends, as seen in both the history and context. Recent stays in the context also indicate a visit to place ID 1006, suggesting a continued preference for this location."
42,1,1006,"The user has a strong pattern of visiting place ID 1006 frequently, especially on weekends and early mornings. Recent context shows visits to 1006 on Wednesday and Thursday evenings, indicating a continued preference for this location."
42,1006,1006,"The user has a strong pattern of visiting place ID 1006, especially on Saturdays and Mondays, as seen in both the history and context. Recent stays in the context also indicate visits to 1006, suggesting a continued preference for this location."
42,332,1006,"The user has a strong pattern of visiting place ID 1006 frequently, especially on weekends and Mondays, as seen in both the history and context. Recent stays in the context also indicate visits to this place, reinforcing its likelihood as the next destination."
42,1,1006,"The user has a strong pattern of visiting place ID 1006, especially on weekends and Mondays, as seen in both the history and context. Recent stays in the context also indicate a visit to place ID 1006 on Monday evening, reinforcing the likelihood of returning there."
42,332,1006,"The user has a strong pattern of visiting place ID 1006, especially on Saturdays and Mondays, with multiple visits recorded in both the history and context. The recent context stay at 8:13 PM on Monday at place ID 1006 further supports this trend, indicating a likelihood of returning to this location."
42,1006,1006,"The user has a strong pattern of visiting place ID 1006, especially on Mondays and Tuesdays, as seen in both the history and context. Recent stays in the context also indicate visits to this place, reinforcing its likelihood as the next destination."
42,1006,1006,"The user has a strong pattern of visiting place ID 1006, especially on weekdays and during morning hours. Recent context shows a visit to 1006 on Monday evening and again on Wednesday evening, indicating a preference for this location. Given the historical and contextual data, it is likely the user will return to 1006."
42,483,1006,"The user has a strong pattern of visiting place ID 1006, especially on weekends and Mondays, as seen in both the history and context. Recent stays in the context also indicate visits to this place, reinforcing its likelihood as the next destination."
42,332,1006,"The user has a strong pattern of visiting place ID 1006, especially on Saturdays and Mondays, with multiple visits recorded in both the history and context. The recent context shows a visit to place ID 1006 on Wednesday evening, indicating a continued preference for this location."
42,1006,1006,"The user has a strong pattern of visiting place ID 1006, especially on weekends and Mondays, as seen in both the history and context. Recent stays in the context also indicate visits to 1006, reinforcing its likelihood as the next destination."
42,332,1006,"The user has a strong pattern of visiting place ID 1006 frequently, especially on weekends and Mondays, as seen in both the history and context. Recent stays in the context also indicate visits to place ID 1006, suggesting a continued preference for this location."
42,332,1006,"The user has a strong pattern of visiting place ID 1006 frequently, especially on weekends and Mondays, as seen in both the history and context. Recent stays in the context also indicate a visit to place ID 1006 on Friday night and Monday night, suggesting a continued preference for this location."
42,1006,332,"The user has a strong pattern of visiting place ID 332 on Tuesdays and Mondays, as seen in both the history and context. The recent context shows a visit to place ID 332 on Monday morning and Tuesday morning, indicating a likelihood of returning to this place."
42,332,332,"The user has recently visited place ID 332 multiple times on Monday and Tuesday mornings, indicating a strong pattern of visiting this location during those times. Additionally, the context shows a recent stay at place ID 332 on Monday morning, reinforcing the likelihood of returning there."
42,1006,1006,"The user has a strong pattern of visiting place ID 1006, especially on weekdays and during morning hours, as seen in both the history and context. Recent stays in the context also indicate a return to this place, reinforcing its likelihood as the next destination."
42,1006,1006,"The user has a strong pattern of visiting place ID 1006, especially on weekends and Mondays, as seen in both the history and context. Recent stays in the context also indicate a visit to place ID 1006 on Wednesday evening, suggesting a continued preference for this location."
42,1006,1006,"The user has a strong pattern of visiting place ID 1006, especially on weekends and Mondays, as seen in both the history and context. Recent stays in the context also indicate visits to 1006, suggesting a likelihood of returning there next."
42,327,1006,"The user has a strong pattern of visiting place ID 1006 frequently, especially on weekends and during morning hours. Recent context stays also indicate multiple visits to place ID 1006, suggesting it is a preferred location."
42,1006,1006,"The user has a strong pattern of visiting place ID 1006, especially on weekends and Mondays, as seen in both the history and context. The most recent context stay at 9:37 PM on Thursday and 8:51 PM on Friday at place ID 1006 indicates a continued preference for this location."
42,1006,1006,"The user has a strong pattern of visiting place ID 1006 frequently, especially on weekends and during morning hours. Recent context stays also indicate multiple visits to place ID 1006, suggesting a continued preference for this location."
42,332,1006,"The user has a strong pattern of visiting place ID 1006 frequently, especially on weekends and Mondays, as seen in both the history and context data. Recent stays in the context also indicate continued visits to this place, suggesting it is likely their next location."
42,1006,1006,"The user has a strong pattern of visiting place ID 1006, especially on weekends and Mondays, as seen in both the history and context. Recent stays in the context also indicate a visit to place ID 1006 on Saturday and Sunday, suggesting a likelihood of returning there."
42,1,1006,"The user has a strong pattern of visiting place ID 1006, especially on Sundays and Mondays, as seen in both the history and context. Recent stays in the context also indicate a visit to place ID 1006, suggesting a continued preference for this location."
42,1006,1006,"The user has a strong pattern of visiting place ID 1006, especially on Sundays and Mondays, as seen in both the history and context. Recent stays in the context also indicate continued visits to this place, reinforcing its likelihood as the next destination."
42,1,1006,"The user has a strong pattern of visiting place ID 1006, especially on Mondays and Wednesdays, as seen in both the history and context. Recent stays in the context also indicate a visit to place ID 1006 on Monday and Wednesday, reinforcing its likelihood as the next destination."
42,1006,1006,"The user has a strong pattern of visiting place ID 1006, especially on weekends and Mondays, as seen in both the history and context. Recent stays in the context also indicate a visit to place ID 1006, reinforcing its likelihood as the next destination."
42,332,1006,"The user has a strong pattern of visiting place ID 1006, especially on weekends and Mondays, as seen in both the history and context. Recent stays in the context also indicate visits to this place, reinforcing its likelihood as the next destination."
42,1006,1006,"The user has a strong pattern of visiting place ID 1006, especially on weekends and Mondays, as seen in both the history and context. Recent stays in the context also indicate a visit to place ID 1006 on Monday evening, suggesting a likelihood of returning there."
42,1,1006,"The user has a strong pattern of visiting place ID 1006, especially on Sundays and Mondays, as seen in both the history and context. The most recent context stay at 04:31 PM on Sunday is also at place ID 1006, indicating a likelihood of returning there."
42,1006,1006,"The user has a strong pattern of visiting place ID 1006, especially on Mondays and Tuesdays, as seen in both the history and context. Recent stays in the context also indicate a visit to place ID 1006 on Monday evening, reinforcing the likelihood of returning to this location."
42,332,1006,"The user has a strong pattern of visiting place ID 1006, especially on weekdays and during morning hours, as seen in both the history and context. Recent stays in the context also indicate a return to this place, reinforcing its likelihood as the next destination."
42,1006,1006,"The user has a strong pattern of visiting place ID 1006, especially on Tuesdays and Wednesdays, as seen in both the history and context. Recent stays in the context also indicate a visit to place ID 1006 on Tuesday evening and Wednesday evening, suggesting a continued preference for this location."
42,332,1006,"The user has a strong pattern of visiting place ID 1006, especially on Tuesdays and Wednesdays, as seen in both the history and context. Recent stays in the context also indicate a visit to 1006 on Tuesday evening and Wednesday evening, suggesting a continued preference for this location."
42,1006,1006,"The user has a strong pattern of visiting place ID 1006, especially on weekends and Mondays, as seen in both the history and context. Recent stays in the context also indicate visits to this place, suggesting a likelihood of returning."
42,332,1006,"The user has a strong pattern of visiting place ID 1006, especially on weekends and Mondays, as seen in both the history and context. Recent stays in the context also indicate a return to this place, suggesting it is a preferred location."
42,1006,1006,"The user has a strong pattern of visiting place ID 1006, especially on Saturdays and during the morning hours. Recent context shows visits to place ID 1006 on Thursday and Friday evenings, indicating a continued preference for this location."
42,1,1006,"The user has a strong pattern of visiting place ID 1006, especially on weekends and during morning hours. Recent context shows visits to 1006 on Thursday night and Friday night, indicating a continued preference for this location."
42,1,1006,"The user has a strong pattern of visiting place ID 1006, especially on Saturdays and Mondays, as seen in both the history and context. Recent stays in the context also indicate a visit to place ID 1006 on Friday night, suggesting a continued preference for this location."
42,1,1006,"The user has a strong pattern of visiting place ID 1006, especially on Saturdays and Mondays, as seen in both the history and context. Recent stays in the context also indicate a visit to 1006, suggesting a likelihood of returning there."
42,1,1006,"The user has a strong pattern of visiting place ID 1006, especially on Saturdays and Mondays, with multiple visits recorded in both the history and context. The recent context stay at 10:31 PM on Saturday at place ID 1006 further supports this trend, indicating a likelihood of returning to this location."
42,1,1006,"The user has a strong pattern of visiting place ID 1006, especially on Saturdays and Mondays, as seen in both the history and context. The most recent context stay at 10:31 PM on Saturday at place ID 1006 reinforces this trend, suggesting a likelihood of returning to this location."
42,1,1006,"The user has a strong pattern of visiting place ID 1006, especially on weekends and Mondays, with multiple long stays. Recent context also shows a visit to place ID 1, but the historical data indicates a preference for 1006, particularly on Wednesday mornings."
42,1,1,"The user has a strong pattern of visiting place ID 1 frequently, especially in the early morning hours on various days, including recent stays in the context. The latest context stay at 10:07 AM on Wednesday at place ID 1 suggests a continuation of this pattern."
42,1,1006,"The user has a strong pattern of visiting place ID 1006, especially on Saturdays and Mondays, with multiple visits recorded in the history. The recent context also shows a stay at place ID 1, but given the frequency and timing of visits to 1006, it is likely the user will return there next."
42,1,1006,"The user has a strong pattern of visiting place ID 1006, especially on Saturdays and Mondays, with multiple visits recorded in the history. The recent context also shows a stay at place ID 1, but given the user's established preference for 1006, it is likely they will return there next."
42,1,1006,"The user has a strong pattern of visiting place ID 1006, especially on Saturdays and Sundays, with multiple long stays recorded in the history. The recent context also shows a visit to place ID 1, but given the user's established preference for 1006, it is likely they will return there next."
42,1,1006,"The user has a strong pattern of visiting place ID 1006, especially on Saturdays and Sundays, with multiple visits recorded in the history. The recent context also shows activities on Saturday and Sunday, suggesting a likelihood of returning to this familiar location."
42,1,1006,"The user has a strong pattern of visiting place ID 1006, especially on Saturdays and Mondays, with multiple long stays recorded in the history. The recent context also shows a stay at place ID 1, but given the user's frequent visits to 1006, it is likely they will return there next."
42,1,1006,"The user has a strong pattern of visiting place ID 1006, especially on Saturdays and Mondays, with multiple visits recorded in both the history and context. The recent context stay on Tuesday at 9:46 AM suggests a continuation of this pattern, making 1006 the most likely next place."
42,1,1006,"The user has a strong pattern of visiting place ID 1006, especially on weekends and Mondays, as seen in both the history and context. Recent stays in the context also indicate a visit to place ID 1, but the frequency and duration of stays at place ID 1006 suggest it is the most likely next location."
42,1,1006,"The user has a strong pattern of visiting place ID 1006, especially on weekends and Mondays, with multiple visits recorded in the history. The recent context also shows a visit to place ID 1, but given the frequency and timing of visits to 1006, it is likely the user will return there next."
42,1,1,"The user has a strong pattern of visiting place ID 1 during early morning hours, particularly on weekends and weekdays. The recent context shows a stay at place ID 1 at 2:20 AM on Monday, indicating continued activity at this location. Given the historical and contextual data, it is likely the user will return to place ID 1."
42,1,1006,"The user has a strong pattern of visiting place ID 1006, especially on Saturdays and Mondays, with multiple visits recorded in the history. The recent context also shows a visit to place ID 1, but given the frequency and timing of visits to 1006, it is likely the user will return there next."
42,1006,1,"The user has a strong pattern of visiting place ID 1, especially on weekends and early mornings, as seen in both the history and context data. The recent context shows visits to place ID 1 on Saturday and Sunday mornings, indicating a likelihood of returning to this familiar location."
42,1,1006,"The user has a strong pattern of visiting place ID 1006, especially on Saturdays and Sundays, as seen in both the history and context. Recent stays in the context also indicate a visit to place ID 1006 on Saturday morning, reinforcing the likelihood of returning there."
42,1006,1006,"The user has a strong pattern of visiting place ID 1006, especially on Saturdays and Mondays, as seen in both the history and context. Recent stays in the context also indicate a visit to place ID 1006 on Saturday morning, reinforcing the likelihood of returning there."
42,1,1006,"The user has a strong pattern of visiting place ID 1006, especially on Saturdays and Sundays, as seen in both the history and context. Recent stays in the context also indicate a visit to place ID 1006, reinforcing its likelihood as the next destination."
42,1006,1006,"The user has a strong pattern of visiting place ID 1006, especially on Saturdays and Sundays, as seen in both the history and context. Recent stays in the context also indicate continued visits to this place, reinforcing its likelihood as the next destination."
42,332,1006,"The user has a strong pattern of visiting place ID 1006, especially on Saturdays and Sundays, as seen in both the history and context. Recent stays in the context also indicate visits to this place, reinforcing its likelihood as the next destination."
42,332,1006,"The user has a strong pattern of visiting place ID 1006, especially on Saturdays and Sundays, as seen in both the history and context. Recent stays in the context also indicate a visit to place ID 1006, reinforcing its likelihood as the next destination."
42,1006,1006,"The user has a strong pattern of visiting place ID 1006, especially on Saturdays and Sundays, as seen in both the history and context. Recent stays in the context also indicate a visit to place ID 1006, reinforcing its likelihood as the next destination."
42,328,1006,"The user has a strong pattern of visiting place ID 1006, especially on weekends and Mondays, as seen in both the history and context. Recent stays in the context also indicate a visit to place ID 1006, reinforcing its likelihood as the next destination."
42,332,1006,"The user has a strong pattern of visiting place ID 1006, especially on Sundays and Mondays, as seen in both the history and context. The most recent context stay at 04:08 PM on Sunday at place ID 1006 reinforces this trend, indicating a high likelihood of returning to this location."
42,1006,332,"The user has recently visited place ID 332 on Monday morning and Tuesday morning, indicating a pattern of visiting this location during the early hours of the week. Additionally, the user has a history of visiting this place multiple times, suggesting a strong preference for it."
42,332,1006,"The user has a strong pattern of visiting place ID 1006, especially on Mondays and Tuesdays, as seen in both the history and context. Recent stays in the context also indicate a visit to place ID 1006 on Monday evening, reinforcing the likelihood of returning to this location."
42,1006,1006,"The user has a strong pattern of visiting place ID 1006, especially on Tuesdays and Wednesdays, as seen in both the history and context. Recent stays in the context also indicate a visit to place ID 1006 on Monday night and Tuesday night, suggesting a continued preference for this location."
42,1006,1006,"The user has a strong pattern of visiting place ID 1006, especially on Tuesdays and Wednesdays, as seen in both the history and context. The recent context shows a visit to place ID 1006 on Tuesday night, indicating a likelihood of returning to this familiar location."
42,332,1006,"The user has a strong pattern of visiting place ID 1006, especially on Tuesdays and Wednesdays, as seen in both the history and context. Recent stays in the context also indicate continued visits to this place, suggesting it is a likely next location."
42,1006,1006,"The user has a strong pattern of visiting place ID 1006, especially on weekends and Mondays, as seen in both the history and context. Recent stays in the context also indicate visits to 1006, suggesting a continued preference for this location."
42,1,1006,"The user has a strong pattern of visiting place ID 1006 frequently, especially on weekends and Mondays, as seen in both the history and context. Recent stays in the context also indicate visits to 1006, reinforcing its likelihood as the next destination."
42,1006,1006,"The user has a strong pattern of visiting place ID 1006 frequently, especially on weekends and during mornings. Recent context stays also indicate visits to 1006, suggesting a continued preference for this location."
42,1,1006,"The user has a strong pattern of visiting place ID 1006 frequently, especially on weekends and Mondays, as seen in both the history and context. Recent stays in the context also indicate a visit to place ID 1006, reinforcing its likelihood as the next destination."
42,1006,1006,"The user has a strong pattern of visiting place ID 1006, especially on weekends and Mondays, as seen in both the history and context. Recent stays in the context also indicate a visit to place ID 1006 on Friday evening, suggesting a likelihood of returning there."
42,1129,1006,"The user has a strong pattern of visiting place ID 1006 frequently, especially on weekends and Mondays, as seen in both the history and context. Recent stays in the context also indicate a visit to place ID 1006 on Friday and Monday, suggesting a continued preference for this location."
42,1006,1006,"The user has a strong pattern of visiting place ID 1006, especially on weekends and Mondays, as seen in both the history and context. Recent stays in the context also indicate a visit to place ID 1006 on Monday, reinforcing its likelihood as the next destination."
42,332,1006,"The user has a strong pattern of visiting place ID 1006, especially on Mondays and Tuesdays, as seen in both the history and context. Recent stays in the context also indicate a visit to place ID 1006 on Monday and Tuesday, suggesting a likelihood of returning there."
42,1006,1006,"The user has a strong pattern of visiting place ID 1006, especially on Tuesdays and Saturdays, with multiple visits recorded in both the history and context. The recent context shows a visit to place ID 1006 on Tuesday evening, indicating a likelihood of returning to this place."
42,1,1006,"The user has a strong pattern of visiting place ID 1006, especially on Tuesdays and Wednesdays, as seen in both the history and context. The most recent context stay at 8:05 PM on Tuesday at place ID 1006 reinforces this trend, suggesting a high likelihood of returning to this location."
42,1,1006,"The user has a strong pattern of visiting place ID 1006 frequently, especially on weekends and Mondays, as seen in both the history and context. Recent stays in the context also indicate a visit to place ID 1006 on Thursday evening, suggesting a continued preference for this location."
42,1159,1006,"The user has a strong pattern of visiting place ID 1006, especially on Saturdays and during morning hours. Recent context also shows a visit to 1006 on Thursday evening, indicating a continued preference for this location."
42,1,1006,"The user has a strong pattern of visiting place ID 1006, especially on weekends and early mornings. Recent context shows a visit to place ID 1006 on Thursday evening, indicating continued interest. Given the historical frequency and recent context, it's likely the user will return to 1006."
42,1,1006,"The user has a strong pattern of visiting place ID 1006, especially on weekends and early mornings. Recent context shows a visit to 1006 on Thursday evening, indicating a continued preference for this location."
42,1,1006,"The user has a strong pattern of visiting place ID 1006, especially on Saturdays and Sundays, as seen in both the history and context. Recent stays in the context also indicate activity at place ID 1, but the historical preference for 1006 suggests it is the most likely next location."
42,1,1006,"The user has a strong pattern of visiting place ID 1006, especially on Saturdays and Sundays, as seen in both the history and context. Recent stays in the context also indicate activity at place ID 1, but the frequency and duration of visits to 1006 suggest it is the most likely next location."
42,1,1006,"The user has a strong pattern of visiting place ID 1006, especially on Sundays and Saturdays, with multiple visits throughout the day. The recent context shows the user visiting place ID 1 multiple times on Sunday, but given the historical preference for place ID 1006, it is likely they will return there next."
42,1,1,"The user has a strong pattern of visiting place ID 1 frequently, especially on Sundays and Mondays, as seen in both the history and context. The recent context stays also indicate continued activity at place ID 1, suggesting it is likely the next location."
42,1,1,"The user has a strong pattern of visiting place ID 1 frequently, especially on Sundays and Mondays, as seen in both the history and context. The recent context shows visits to place ID 1, indicating a continued preference for this location."
42,1,1,"The user has a strong pattern of visiting place ID 1 during early morning hours on Sundays and Mondays, as seen in both the history and context. The recent context shows a visit to place ID 1 on Sunday evening, suggesting a continued preference for this location."
42,1,1,"The user has a strong pattern of visiting place ID 1 frequently, especially on Sundays and Mondays, as seen in both the history and context. The recent context shows multiple visits to place ID 1 on Monday, indicating a likely continuation of this pattern."
42,1,1,"The user has a strong pattern of visiting place ID 1 frequently, especially on Mondays, as seen in both the history and context data. The recent context stays also indicate continued activity at place ID 1, making it the most likely next location."
42,1,1,"The user has a strong pattern of visiting place ID 1 frequently, especially on Mondays, as seen in both the history and context. The recent context shows multiple stays at place ID 1 on Monday, indicating a likelihood of returning there."
42,1,1,"The user has a strong pattern of visiting place ID 1 frequently, especially on Mondays, as seen in both the history and context. The recent context stays also indicate continued activity at place ID 1, suggesting it is likely the next location."
42,1,1,"The user has a strong pattern of visiting place ID 1 frequently, especially on Mondays, as seen in both the history and context. The recent context stays also indicate continued activity at place ID 1, suggesting it is likely the next location."
42,1,1,"The user has a strong pattern of visiting place ID 1 frequently, especially on Mondays and Sundays, as seen in both the history and context. The recent context shows multiple visits to place ID 1 on Monday, indicating a likelihood of returning there."
42,1,1006,"The user has a strong pattern of visiting place ID 1006, especially on Mondays and Tuesdays, with multiple visits recorded in the history. The recent context also shows activity at place ID 1, but given the user's established preference for 1006, it is likely they will return there next."
42,1,1,"The user has a strong pattern of visiting place ID 1 frequently, especially in the early morning hours and on weekends. The recent context shows the user has returned to place ID 1 multiple times on Monday and Tuesday, indicating a continued preference for this location."
42,1,1006,"The user has a strong pattern of visiting place ID 1006, especially on Tuesdays and Saturdays, with multiple visits recorded in the history. The recent context also shows activity at place ID 1, but given the user's established preference for 1006, it is likely they will return there next."
42,1,1006,"The user has a strong pattern of visiting place ID 1006, especially on Tuesdays and Saturdays, with multiple visits recorded in the history. The recent context also shows activity at place ID 1, but given the frequency and timing of visits to 1006, it is likely the user will return there next."
42,1,1006,"The user has a strong pattern of visiting place ID 1006, especially on Tuesdays and Wednesdays, with multiple visits recorded in both the history and context. The recent context shows activity on Tuesday and Wednesday, suggesting a likelihood of returning to this place."
42,1,1,"The user has a strong pattern of visiting place ID 1 during early mornings and late evenings, as seen in both the history and context. The recent context stays also indicate visits to place ID 1, suggesting a continued preference for this location."
42,1,1,"The user has a strong pattern of visiting place ID 1 frequently, especially on Wednesdays, as seen in both the history and context. The recent context shows multiple stays at place ID 1 on Wednesday, indicating a continued preference for this location."
42,1,1,"The user has a strong pattern of visiting place ID 1 frequently, especially in the early morning hours on weekends and weekdays. The recent context shows the user has been at place ID 1 multiple times on Wednesday, indicating a continued preference for this location. Given the time of day and the user's historical activity, it is likely they will return to place ID 1."
42,1,1,"The user has a strong pattern of visiting place ID 1 frequently, especially in the early morning hours on weekends and weekdays. The recent context also shows multiple stays at place ID 1, indicating a continued preference for this location."
42,1,1,"The user has a strong pattern of visiting place ID 1 frequently, especially during early morning hours and on weekends. The recent context shows multiple stays at place ID 1 on Thursday, indicating a continued preference for this location. Given the historical and contextual data, it is likely the user will return to place ID 1."
42,1,1,"The user has a strong pattern of visiting place ID 1 frequently, especially in the early morning hours on weekends and weekdays. The recent context shows multiple stays at place ID 1 on Thursday, indicating a continued preference for this location. Given the time of day and the user's historical activity, it is likely they will return to place ID 1."
42,1,1,"The user has a strong pattern of visiting place ID 1 frequently, especially on weekends and early mornings. The recent context shows multiple stays at place ID 1 on Thursday, indicating a continued preference for this location. Given the historical and contextual data, it is likely the user will return to place ID 1."
42,1,1,"The user has a strong pattern of visiting place ID 1 frequently, especially on weekends and early mornings. The recent context shows visits to place ID 1 on Thursday, which aligns with the user's historical activity pattern, suggesting a likelihood of returning to this place."
42,1,1,"The user has a strong pattern of visiting place ID 1 frequently, especially on weekends and early mornings. The recent context shows the user has been at place ID 1 on Thursday, which suggests they may continue this trend. Given the historical data and recent activity, it is likely they will return to place ID 1."
42,1,1,"The user has a strong pattern of visiting place ID 1 frequently, especially on weekends and early mornings. The recent context shows the user was at place ID 1 on Thursday night and Friday afternoon, indicating a continued preference for this location. Given the historical and contextual data, it is likely the user will return to place ID 1."
42,1,1,"The user has a strong pattern of visiting place ID 1 frequently, especially on weekends and early mornings. The recent context shows they visited place ID 1 multiple times on Friday, indicating a continued preference for this location. Given the historical and contextual data, it is likely they will return to place ID 1."
42,1,1,"The user has a strong pattern of visiting place ID 1 frequently, especially on weekends and early mornings. The recent context shows visits to place ID 1 on Friday and Saturday, indicating a continued preference for this location. Given the historical and contextual data, it is likely the user will return to place ID 1."
42,1,1006,"The user has a strong pattern of visiting place ID 1006, especially on Saturdays and Mondays, with multiple long stays recorded. The recent context also shows visits to place ID 1, but given the historical preference for 1006, it is likely the user will return there next."
42,1,1,"The user has a strong pattern of visiting place ID 1 frequently, especially on weekends and early mornings. The recent context shows multiple stays at place ID 1, indicating a continued preference for this location. Given the recent activity and historical patterns, it is likely the user will return to place ID 1."
42,1,1,"The user has a strong pattern of visiting place ID 1 frequently on Saturdays, including recent stays in the context data. Given that the context data shows multiple visits to place ID 1 on Saturday, it is likely that the user will continue this pattern."
42,1,1006,"The user has a strong pattern of visiting place ID 1006, especially on Saturdays and Sundays, as seen in both the history and context. Recent stays in the context also indicate activity at place ID 1, but the historical data shows a consistent preference for 1006 during similar times, making it the most likely next location."
42,1,1,"The user has a strong pattern of visiting place ID 1, especially on weekends and early mornings. Recent context shows they visited place ID 1 multiple times on Saturday, indicating a continued preference for this location."
42,1,1006,"The user has a strong pattern of visiting place ID 1006, especially on weekends and during morning hours. Recent context shows the user was active on Sunday, which aligns with their historical pattern of visiting 1006 frequently on Sundays."
42,1,1006,"The user has a strong pattern of visiting place ID 1006, especially on weekends and Mondays, as seen in both the history and context. Recent stays in the context also indicate activity at place ID 1, but the user has consistently returned to 1006, particularly on Sundays, making it the most likely next location."
42,1,1006,"The user has a strong pattern of visiting place ID 1006, especially on Sundays and Mondays, as seen in both the history and context. Recent stays in the context also indicate activity at place ID 1, but the historical preference for 1006 suggests it is the most likely next location."
42,1,1,"The user has a strong pattern of visiting place ID 1 during early morning hours on Sundays and Mondays, as seen in both the history and context. The recent context shows a visit to place ID 1 at 3:00 PM and 5:00 PM on Sunday, indicating continued engagement with this location."
42,1,1006,"The user has a strong pattern of visiting place ID 1006, especially on Mondays and Saturdays, with multiple visits recorded in the history. The recent context also shows activities on Monday, suggesting a continuation of this pattern. Therefore, the most likely next place ID is 1006."
42,1,1,"The user has a strong pattern of visiting place ID 1 during early morning hours on Mondays, as seen in both the history and context data. The recent context stays also indicate visits to place ID 1 on Monday, reinforcing the likelihood of returning there."
42,1,1,"The user has a strong pattern of visiting place ID 1 frequently, especially in the early morning hours on multiple days, including recent visits in the context data. This suggests a high likelihood of returning to this location."
42,1,1,"The user has a strong pattern of visiting place ID 1, especially on Mondays, as seen in both the history and context. The recent context shows multiple stays at place ID 1 on Monday, indicating a likelihood of returning there."
42,1,1,"The user has a strong pattern of visiting place ID 1 frequently, especially on Mondays, as seen in both the history and context. The recent context stays also indicate continued activity at place ID 1 on Monday, suggesting a likelihood of returning there."
42,1,1,"The user has a strong pattern of visiting place ID 1 frequently, especially on Mondays, as seen in both the history and context. The recent context stays also indicate continued activity at place ID 1, making it the most likely next location."
42,1,1,"The user has a strong pattern of visiting place ID 1 frequently, especially in the early morning hours and on weekends. The recent context shows multiple stays at place ID 1 on Monday, indicating a continued preference for this location. Given the time of day and the user's history, it is likely they will return to place ID 1."
42,1,1,"The user has a strong pattern of visiting place ID 1 during early morning hours on multiple days, including recent stays in the context on Monday and Tuesday. Given the recent context and historical patterns, it is likely they will return to place ID 1."
42,1,1,"The user has a strong pattern of visiting place ID 1 frequently, especially during early morning hours on weekends and weekdays. The recent context shows the user has visited place ID 1 multiple times, indicating a continued preference for this location."
42,1,1,"The user has a strong pattern of visiting place ID 1 frequently, especially on Sundays and Tuesdays. The recent context shows the user visited place ID 1 on Monday and Tuesday, indicating a continued preference for this location. Given the historical and contextual data, it is likely the user will return to place ID 1."
42,1,1,"The user has a strong pattern of visiting place ID 1 on Tuesdays, with multiple recent stays in the context indicating continued activity at this location. The last recorded context stay was at 6:58 PM on Tuesday, suggesting the user is likely to return to this familiar place."
42,1006,1,"The user has a strong pattern of visiting place ID 1 frequently, especially on Tuesdays and Wednesdays, as seen in both the history and context. The recent context shows multiple visits to place ID 1 on Tuesday, indicating a likely continuation of this pattern."
42,332,1006,"The user has a strong pattern of visiting place ID 1006, especially on Tuesdays and Wednesdays, as seen in both the history and context. Recent stays in the context also indicate a visit to place ID 1006 on Wednesday evening, suggesting a likelihood of returning to this location."
42,1006,1006,"The user has a strong pattern of visiting place ID 1006, especially on weekdays and during morning hours. Recent context shows a visit to place ID 1006 on Wednesday evening, indicating a continued preference for this location. Given the historical frequency and recent context, it is likely the user will return to place ID 1006."
42,332,1006,"The user has a strong pattern of visiting place ID 1006, especially on weekdays and during morning hours. Recent context shows a visit to 1006 on Thursday evening, indicating a continued preference for this location."
42,1006,1006,"The user has a strong pattern of visiting place ID 1006, especially on weekends and Mondays, as seen in both the history and context. Recent stays in the context also indicate visits to 1006, suggesting a likelihood of returning there."
42,1,1006,"The user has a strong pattern of visiting place ID 1006, especially on weekdays and weekends, as seen in both the history and context data. Recent stays in the context also indicate a return to this place, reinforcing its likelihood as the next destination."
42,332,1006,"The user has a strong pattern of visiting place ID 1006, especially on Saturdays and Mondays, with multiple visits recorded in both the history and context. The recent context shows a visit to place ID 1006 on Thursday evening, indicating a continued preference for this location."
42,1006,1006,"The user has a strong pattern of visiting place ID 1006 frequently, especially on weekends and Mondays, as seen in both the history and context. Recent stays in the context also indicate a visit to place ID 1006, reinforcing its likelihood as the next destination."
42,332,1006,"The user has a strong pattern of visiting place ID 1006, especially on weekends and Mondays, as seen in both the history and context. Recent stays in the context also indicate a visit to place ID 1006 on Friday evening, suggesting a likelihood of returning there."
42,1006,1006,"The user has a strong pattern of visiting place ID 1006, especially on weekends and Mondays, as seen in both the history and context. Recent stays in the context also indicate a visit to place ID 1006 on Friday night and Monday night, suggesting a continued preference for this location."
42,332,1006,"The user has a strong pattern of visiting place ID 1006, especially on Saturdays and Mondays, as seen in both the history and context. Recent stays in the context also indicate a visit to place ID 1006 on Monday evening, reinforcing the likelihood of returning to this location."
42,1006,332,The user has a pattern of visiting place ID 332 on Tuesday mornings and has recently visited it on Monday morning as well. This suggests a strong likelihood of returning to this location.
42,332,1006,"The user has a strong pattern of visiting place ID 1006, especially on weekdays and during morning hours, as seen in both the history and context. Recent stays in the context also indicate visits to this place, reinforcing its likelihood as the next destination."
42,1006,332,The user has a pattern of visiting place ID 332 on Tuesday mornings and has recently visited it again on Tuesday at 8:51 AM. This suggests a strong likelihood of returning to this location.
42,1006,1006,"The user has a strong pattern of visiting place ID 1006, especially on weekdays and during morning hours. Recent context shows a visit to 1006 on Tuesday evening and Wednesday evening, indicating a continued preference for this location."
42,955,1006,"The user has a strong pattern of visiting place ID 1006, especially on weekends and Mondays, as seen in both the history and context. Recent stays in the context also indicate visits to this place, suggesting a high likelihood of returning."
42,1,1006,"The user has a strong pattern of visiting place ID 1006 frequently, especially on weekends and Mondays, as seen in both the history and context. Recent stays in the context also indicate visits to 1006, suggesting it is a preferred location."
42,332,1006,"The user has a strong pattern of visiting place ID 1006, especially on Saturdays and Mondays, and has recently visited it multiple times in the context data. This suggests a high likelihood of returning to this location."
42,1006,1006,"The user has a strong pattern of visiting place ID 1006 frequently, especially on weekends and Mondays, as seen in both the history and context. Recent stays in the context also indicate visits to 1006, suggesting a continued preference for this location."
42,333,1006,"The user has a strong pattern of visiting place ID 1006 frequently, especially on weekends and Mondays, as seen in both the history and context. The most recent context stay at 8:42 PM on Monday at place ID 1006 reinforces this pattern, suggesting a high likelihood of returning to this location."
42,333,1006,"The user has a strong pattern of visiting place ID 1006, especially on Saturdays and Mondays, as seen in both the history and context. Recent stays in the context also indicate a visit to place ID 1006 on Monday evening, suggesting a likelihood of returning there."
42,1006,1006,"The user has a strong pattern of visiting place ID 1006, especially on Saturdays and Mondays, as seen in both the history and context. Recent stays in the context also indicate a visit to place ID 1006 on Monday evening, reinforcing the likelihood of returning to this location."
42,332,1006,"The user has a strong pattern of visiting place ID 1006, especially on Mondays and Saturdays, as seen in both the history and context. Recent stays in the context also indicate a visit to place ID 1006 on Monday evening, reinforcing the likelihood of returning to this location."
42,483,1006,"The user has a strong pattern of visiting place ID 1006, especially on weekends and Mondays, as seen in both the history and context. Recent stays in the context also indicate a visit to 1006 on Thursday evening, suggesting a continued preference for this location."
42,1,1006,"The user has a strong pattern of visiting place ID 1006, especially on weekends and Mondays, as seen in both the history and context. Recent stays in the context also indicate a visit to place ID 1006 on Thursday evening, suggesting a continued preference for this location."
42,332,1006,"The user has a strong pattern of visiting place ID 1006, especially on Saturdays and during morning hours. Recent context shows a visit to 1006 on Thursday evening, indicating a continued preference for this location."
42,1006,1006,"The user has a strong pattern of visiting place ID 1006 frequently, especially on weekends and Mondays, as seen in both the history and context. The most recent context stay at 08:23 PM on Thursday at place ID 1006 suggests a continued preference for this location."
42,332,1006,"The user has a strong pattern of visiting place ID 1006, especially on Saturdays and Mondays, with multiple visits recorded in both the history and context. The recent context stay at 8:43 PM on Monday at place ID 1006 further supports this trend, indicating a likelihood of returning to this location."
42,1006,1006,"The user has a strong pattern of visiting place ID 1006, especially on Saturdays and Mondays, as seen in both the history and context. Recent stays at this place indicate a continued preference, making it the most likely next location."
42,332,1006,"The user has a strong pattern of visiting place ID 1006, especially on weekends and Mondays, as seen in both the history and context. Recent stays in the context also indicate visits to this place, reinforcing its likelihood as the next destination."
42,1006,1006,"The user has a strong pattern of visiting place ID 1006, especially on Mondays and Tuesdays, as seen in both the history and context. Recent stays in the context also indicate visits to this place, reinforcing its likelihood as the next destination."
42,332,1006,"The user has a strong pattern of visiting place ID 1006, especially on Tuesdays and Wednesdays, as seen in both the history and context. Recent stays in the context also indicate visits to this place, suggesting a likelihood of returning there next."
42,332,332,"The user has a strong pattern of visiting place ID 332 on Tuesday mornings and Wednesday mornings, as seen in both the history and context. The recent context shows a visit to place ID 332 on Tuesday at 8:53 AM, indicating a likely continuation of this pattern."
42,1006,1006,"The user has a strong pattern of visiting place ID 1006, especially on weekdays and during morning hours. Recent context shows visits to 1006 on Tuesday and Wednesday evenings, indicating a continued preference for this location."
42,1006,1006,"The user has a strong pattern of visiting place ID 1006, especially on weekends and Mondays, as seen in both the history and context. Recent stays in the context also indicate visits to 1006, suggesting a continued preference for this location."
42,1,1006,"The user has a strong pattern of visiting place ID 1006, especially on weekends and during morning hours. Recent context shows a visit to 1006 on Friday night, indicating a continued preference for this location."
42,1006,1006,"The user has a strong pattern of visiting place ID 1006, especially on weekends and Mondays, as seen in both the history and context. Recent stays in the context also indicate a visit to place ID 1006 on Friday evening, suggesting a continued preference for this location."
42,1006,1006,"The user has a strong pattern of visiting place ID 1006, especially on weekends and during morning hours. Recent context shows they visited this place on Friday and Saturday, indicating a continued preference for this location."
42,332,1006,"The user has a strong pattern of visiting place ID 1006 frequently, especially on weekends and during morning hours. Recent context also shows multiple visits to place ID 1006, indicating a continued preference for this location."
42,332,1006,"The user has a strong pattern of visiting place ID 1006, especially on weekends and during morning hours. Recent context shows multiple visits to 1006, indicating a continued preference for this location."
42,1006,1006,"The user has a strong pattern of visiting place ID 1006, especially on Sundays and Tuesdays, as seen in both the history and context. Recent stays in the context also indicate a visit to place ID 1006, reinforcing its likelihood as the next destination."
42,332,1006,"The user has a strong pattern of visiting place ID 1006, especially on Sundays and Tuesdays, as seen in both the history and context. Recent stays in the context also indicate visits to place ID 1006, reinforcing its likelihood as the next destination."
42,1006,1006,"The user has a strong pattern of visiting place ID 1006, especially on weekends and Mondays, as seen in both the history and context. Recent stays in the context also indicate a visit to place ID 1006 on Thursday evening, suggesting a continued preference for this location."
42,1,1006,"The user has a strong pattern of visiting place ID 1006, especially on weekends and Mondays, as seen in both the history and context. Recent stays in the context also indicate visits to place ID 1006, suggesting a continued preference for this location."
42,1,1006,"The user has a strong pattern of visiting place ID 1006, especially on weekends and Mondays, as seen in both the history and context. Recent stays in the context also indicate visits to this place, suggesting a continued preference."
42,1146,1006,"The user has a strong pattern of visiting place ID 1006, especially on weekends and during morning hours. Recent context shows a visit to 1006 on Thursday evening and Friday night, indicating a continued preference for this location."
42,1,1006,"The user has a strong pattern of visiting place ID 1006, especially on weekends and Mondays, as seen in both the history and context. Recent stays in the context also indicate a visit to place ID 1006 on Friday evening, suggesting a continued preference for this location."
42,1006,1006,"The user has a strong pattern of visiting place ID 1006, especially on weekends and during morning hours. Recent context shows a visit to 1006 on Friday night and multiple visits on Saturday, indicating a preference for this location."
42,332,1006,"The user has a strong pattern of visiting place ID 1006, especially on Saturdays and Sundays, as seen in both the history and context. Recent stays in the context also indicate a visit to place ID 1006, reinforcing the likelihood of returning there."
42,1006,1006,"The user has a strong pattern of visiting place ID 1006, especially on Sundays and Mondays, as seen in both their history and recent context. The last recorded context stay at 4:57 PM on Sunday was at place ID 1006, indicating a likely continuation of this pattern."
42,332,1006,"The user has a strong pattern of visiting place ID 1006, especially on weekends and Mondays, as seen in both the history and context. Recent stays in the context also indicate a visit to place ID 1006 on Monday evening, suggesting a likelihood of returning there."
42,1006,1006,"The user has a strong pattern of visiting place ID 1006, especially on weekends and Mondays, as seen in both the history and context. Recent stays in the context also indicate a visit to place ID 1006 on Monday evening, suggesting a continued preference for this location."
42,332,1006,"The user has a strong pattern of visiting place ID 1006, especially on weekends and Mondays, as seen in both the history and context. Recent stays in the context also indicate a visit to 1006 on Monday night, suggesting a likelihood of returning there."
42,1006,332,"The user has a strong pattern of visiting place ID 332 on Tuesday mornings and has recently visited it on Monday morning and Tuesday morning, indicating a likelihood of returning to this location."
42,332,1006,"The user has a strong pattern of visiting place ID 1006, especially on weekdays and during morning hours. Recent context shows visits to 1006 on Monday night and Tuesday evening, indicating a continued preference for this location."
42,1130,1006,"The user has a strong pattern of visiting place ID 1006, especially on Tuesdays and Wednesdays, as seen in both the history and context. Recent stays in the context also indicate visits to this place, reinforcing its likelihood as the next destination."
42,1147,1006,"The user has a strong pattern of visiting place ID 1006, especially on weekends and early mornings. Recent context shows a visit to 1006 on Tuesday evening, indicating a continued preference for this location."
42,1006,1006,"The user has a strong pattern of visiting place ID 1006, especially on weekends and Mondays, as seen in both the history and context. Recent stays in the context also indicate a visit to place ID 1006 on Wednesday evening, reinforcing its likelihood as the next destination."
42,1006,1006,"The user has a strong pattern of visiting place ID 1006, especially on weekends and early mornings. Recent context shows a visit to 1006 on Saturday, indicating a continued preference for this location."
42,1,1006,"The user has a strong pattern of visiting place ID 1006, especially on weekends and early mornings. Recent context shows a visit to 1006 on Saturday, and the user has also visited this place multiple times in the past, indicating a preference for it. Given the recent activities and historical patterns, 1006 is the most likely next location."
42,1006,1006,"The user has a strong pattern of visiting place ID 1006, especially on weekends and during morning hours. Recent context shows a visit to 1006 on Saturday, and the user has also visited this place multiple times in the past, indicating a preference for this location."
42,332,1006,"The user has a strong pattern of visiting place ID 1006, especially on weekends and during morning hours. Recent context shows a visit to 1006 on Saturday and a late-night stay on Sunday, indicating a preference for this location. Given the historical and contextual data, it is likely the user will return to 1006."
42,1006,1006,"The user has a strong pattern of visiting place ID 1006, especially on weekends and Mondays, as seen in both the history and context. Recent stays in the context also indicate a visit to place ID 1006, reinforcing its likelihood as the next destination."
42,332,1006,"The user has a strong pattern of visiting place ID 1006, especially on Sundays and Mondays, as seen in both the history and context. Recent stays in the context also indicate a visit to 1006, reinforcing its likelihood as the next destination."
42,332,1006,"The user has a strong pattern of visiting place ID 1006, especially on weekends and Mondays, as seen in both the history and context. Recent stays in the context also indicate a visit to place ID 1006 on Monday evening, reinforcing the likelihood of returning there."
42,1006,332,"The user has a strong pattern of visiting place ID 332 on Tuesdays and Mondays, as seen in both the history and context. The recent context shows a visit to place ID 332 on Monday at 12:01 PM and again on Tuesday at 11:12 AM, indicating a likelihood of returning to this place."
42,332,1006,"The user has a strong pattern of visiting place ID 1006, especially on Mondays and Saturdays, as seen in both the history and context. Recent stays in the context also indicate visits to this place, suggesting a likelihood of returning."
42,332,332,"The user has a strong pattern of visiting place ID 332 on Tuesday and Wednesday mornings, as seen in both the history and context. The recent context shows a visit to place ID 332 on Tuesday at 11:12 AM and Wednesday at 8:10 AM, indicating a likelihood of returning to this place."
42,1006,332,"The user has shown a pattern of visiting place ID 332 recently, particularly on Tuesday and Wednesday mornings, and has also visited it multiple times in the context data. This suggests a strong likelihood of returning to this location."
42,1130,1006,"The user has a strong pattern of visiting place ID 1006, especially on weekends and Mondays, as seen in both the history and context. Recent stays in the context also indicate visits to this place, suggesting a high likelihood of returning."
42,1006,1006,"The user has a strong pattern of visiting place ID 1006, especially on weekends and early mornings. Recent context shows a visit to 1006 on Wednesday evening, indicating a continued preference for this location."
42,1006,1006,"The user has a strong pattern of visiting place ID 1006, especially on Saturdays and Mondays, as seen in both the history and context. Recent stays in the context also indicate visits to place ID 1006, reinforcing its likelihood as the next destination."
42,1,1006,"The user has a strong pattern of visiting place ID 1006, especially on weekends and during morning hours. Recent context shows a visit to 1006 on Friday night and Sunday evening, indicating a continued preference for this location."
42,1006,1006,"The user has a strong pattern of visiting place ID 1006 frequently, especially on weekends and Mondays, as seen in both the history and context. Recent stays in the context also indicate a visit to place ID 1006 on Friday night and Saturday night, suggesting a continued preference for this location."
42,332,1006,"The user has a strong pattern of visiting place ID 1006, especially on weekends and Mondays, as seen in both the history and context. Recent stays in the context also indicate a visit to place ID 1006 on Saturday night and Sunday evening, suggesting a likelihood of returning to this familiar location."
42,1006,1006,"The user has a strong pattern of visiting place ID 1006, especially on weekends and Mondays, as seen in both the history and context data. Recent stays in the context also indicate a continued preference for this location."
42,332,1006,"The user has a strong pattern of visiting place ID 1006, especially on Sundays and Mondays, as seen in both the history and context. Recent stays in the context also indicate a visit to place ID 1006 on Sunday evening and Monday night, suggesting a continued preference for this location."
42,1006,1006,"The user has a strong pattern of visiting place ID 1006, especially on Mondays and Tuesdays, as seen in both the history and context. Recent stays in the context also indicate a visit to place ID 1006 on Monday night, suggesting a likelihood of returning there."
42,332,1006,"The user has a strong pattern of visiting place ID 1006, especially on weekdays and during morning hours. Recent context shows visits to 1006 on Monday and Tuesday evenings, indicating a continued preference for this location."
42,1006,332,"The user has a strong pattern of visiting place ID 332 on Tuesdays and Wednesdays, as seen in both the history and context. The most recent context stay at 09:21 AM on Tuesday at place ID 332 suggests a continuation of this pattern."
42,960,1006,"The user has a strong pattern of visiting place ID 1006, especially on weekdays and during morning hours. Recent context shows they visited 1006 multiple times, indicating a preference for this location."
42,1006,1006,"The user has a strong pattern of visiting place ID 1006, especially on weekends and Mondays, as seen in both the history and context. Recent stays in the context also indicate a visit to 1006, reinforcing its likelihood as the next destination."
42,332,1006,"The user has a strong pattern of visiting place ID 1006, especially on Sundays and during morning hours. Recent context shows a visit to 1006 on Wednesday evening and Thursday night, indicating a continued preference for this location."
42,1006,1006,"The user has a strong pattern of visiting place ID 1006, especially on weekends and Mondays, as seen in both the history and context. Recent stays in the context also indicate a visit to place ID 1006 on Sunday, reinforcing its likelihood as the next destination."
42,332,1006,"The user has a strong pattern of visiting place ID 1006 frequently, especially on Sundays and Mondays, as seen in both the history and context. Recent stays in the context also indicate a visit to place ID 1006, reinforcing its likelihood as the next destination."
42,1006,1006,"The user has a strong pattern of visiting place ID 1006, especially on weekends and Mondays, as seen in both the history and context. Recent stays in the context also indicate a visit to place ID 1006 on Monday evening, suggesting a likelihood of returning there."
42,332,1006,"The user has a strong pattern of visiting place ID 1006, especially on weekends and Mondays, as seen in both the history and context. Recent stays in the context also indicate a visit to 1006 on Monday night, suggesting a likelihood of returning there."
42,1006,1006,"The user has a strong pattern of visiting place ID 1006, especially on Mondays and Tuesdays, as seen in both the history and context. Recent stays in the context also indicate visits to this place, reinforcing its likelihood as the next destination."
42,332,1006,"The user has a strong pattern of visiting place ID 1006, especially on weekdays and during morning hours. Recent context shows visits to 1006 on Monday and Tuesday evenings, indicating a continued preference for this location."
42,1006,1006,"The user has a strong pattern of visiting place ID 1006, especially on Tuesdays and Wednesdays, as seen in both the history and context. Recent stays in the context also indicate visits to 1006, reinforcing its likelihood as the next destination."
42,332,1006,"The user has a strong pattern of visiting place ID 1006, especially on weekends and Mondays, as seen in both the history and context. Recent stays in the context also indicate visits to this place, reinforcing its likelihood as the next destination."
42,1136,1006,"The user has a strong pattern of visiting place ID 1006, especially on weekends and Mondays, with multiple stays recorded in the history. Additionally, the recent context shows visits to place ID 1006 on Wednesday and Thursday evenings, indicating a continued preference for this location."
42,722,1006,"The user has a strong pattern of visiting place ID 1006, especially on weekends and Mondays, as seen in both the history and context. Recent stays in the context also indicate a visit to 1006 on Wednesday evening, suggesting a continued preference for this location."
42,1,1006,"The user has a strong pattern of visiting place ID 1006, especially on Saturdays and during morning hours. Recent context shows a visit to place ID 1006 on Thursday evening, indicating continued interest in this location. Given the historical frequency and recent context, it is likely the user will return to place ID 1006."
42,1006,1006,"The user has a strong pattern of visiting place ID 1006 frequently, especially on Saturdays and Mondays, as seen in both the history and context. The recent context shows a visit to 1006 on Thursday evening, indicating a continued preference for this location."
42,1006,1006,"The user has a strong pattern of visiting place ID 1006, especially on Saturdays and Mondays, with multiple visits recorded in both the history and context. The recent context shows a visit to place ID 1006 on Saturday evening, indicating a likelihood of returning to this familiar location."
42,1006,1006,"The user has a strong pattern of visiting place ID 1006, especially on Saturdays, as seen in both the history and context. Recent stays in the context also indicate a visit to place ID 1006 on Saturday evening, suggesting a likelihood of returning there."
42,1,1006,"The user has a strong pattern of visiting place ID 1006, especially on Saturdays and Sundays, as seen in both the history and context. Recent stays in the context also indicate visits to place ID 1006, reinforcing its likelihood as the next destination."
42,1006,1006,"The user has a strong pattern of visiting place ID 1006, especially on Saturdays and Mondays, as seen in both the history and context. Recent stays in the context also indicate a visit to place ID 1006 on Saturday evening, suggesting a likelihood of returning there."
42,332,1006,"The user has a strong pattern of visiting place ID 1006, especially on weekends and Mondays, as seen in both the history and context. Recent stays in the context also indicate visits to place ID 1006, suggesting a continued preference for this location."
42,1006,1006,"The user has a strong pattern of visiting place ID 1006, especially on weekends and Mondays, as seen in both the history and context. Recent stays in the context also indicate continued visits to this place, reinforcing its likelihood as the next destination."
42,332,1006,"The user has a strong pattern of visiting place ID 1006, especially on Sundays and Mondays, as seen in both the history and context. Recent stays in the context also indicate a visit to place ID 1006 on Sunday evening and Monday evening, suggesting a likelihood of returning there."
42,1006,1006,"The user has a strong pattern of visiting place ID 1006, especially on Mondays and Tuesdays, as seen in both the history and context. Recent stays in the context also indicate visits to this place, reinforcing its likelihood as the next destination."
42,332,1006,"The user has a strong pattern of visiting place ID 1006, especially on Tuesdays and Wednesdays, as seen in both the history and context. Recent stays in the context also indicate visits to this place, reinforcing its likelihood as the next destination."
42,1006,1006,"The user has a strong pattern of visiting place ID 1006, especially on Tuesdays and Wednesdays, as seen in both the history and context. Recent stays at this place indicate a continued preference, making it the most likely next location."
42,332,1006,"The user has a strong pattern of visiting place ID 1006, especially on weekdays and during morning hours. Recent context stays also indicate visits to this place, reinforcing its likelihood as the next destination."
42,1006,332,"The user has a pattern of visiting place ID 332 on Wednesday and Thursday mornings, as seen in the context data. Additionally, they have visited this place multiple times in the past, indicating a strong preference for it during these times."
42,1006,1006,"The user has a strong pattern of visiting place ID 1006 frequently, especially on weekends and Mondays, as seen in both the history and context. Recent stays in the context also indicate visits to 1006, reinforcing its likelihood as the next destination."
42,1006,1006,"The user has a strong pattern of visiting place ID 1006, especially on weekends and Mondays, as seen in both the history and context. Recent stays in the context also indicate visits to this place, suggesting a continued preference."
42,332,1006,"The user has a strong pattern of visiting place ID 1006, especially on weekends and during morning hours. Recent context also shows multiple visits to this place, indicating it is a preferred location."
42,332,1006,"The user has a strong pattern of visiting place ID 1006, especially on weekends and Mondays, as seen in both the history and context. Recent stays at this place further reinforce its likelihood as the next destination."
42,1006,1006,"The user has a strong pattern of visiting place ID 1006, especially on weekends and Mondays, as seen in both the history and context. Recent stays in the context also indicate continued visits to this place, reinforcing its likelihood as the next destination."
42,332,1006,"The user has a strong pattern of visiting place ID 1006, especially on weekends and Mondays, as seen in both the history and context. Recent stays in the context also indicate a visit to place ID 1006 on Sunday evening, reinforcing the likelihood of returning there."
42,1006,1006,"The user has a strong pattern of visiting place ID 1006, especially on Sundays and Mondays, as seen in both the history and context. The most recent context stay at 6:41 PM on Sunday at place ID 1006 reinforces this trend, suggesting a likelihood of returning to this location."
42,332,1006,"The user has a strong pattern of visiting place ID 1006, especially on weekdays and during morning hours. Recent context shows a visit to place ID 1006 on Tuesday evening, indicating continued interest in this location. Given the historical frequency and recent context, it is likely the user will return to place ID 1006."
